﻿<?xml version="1.0" encoding="UTF-8"?>
<!-- Foundation -->
<window type="dialog" id="3064">
	<defaultcontrol>9301</defaultcontrol>
	
	<onload condition="stringcompare(Window(3064).Property(item),home.301)">SetProperty(MoveItem.Label,$INFO[Skin.String(home.301.label)],3064)</onload>
	<onload condition="stringcompare(Window(3064).Property(item),home.301)">SetProperty(MoveItem.Icon,$INFO[Skin.String(home.301.icon)],3064)</onload>
	<onload condition="stringcompare(Window(3064).Property(item),home.301)">SetProperty(MoveItem.Path,$INFO[Skin.String(home.301.path)],3064)</onload>
	<onload condition="stringcompare(Window(3064).Property(item),home.301)">SetProperty(MoveItem.BgColor,$INFO[Skin.String(home.301.bgcolor)],3064)</onload>
	<onload condition="stringcompare(Window(3064).Property(item),home.302)">SetProperty(MoveItem.Label,$INFO[Skin.String(home.302.label)],3064)</onload>
	<onload condition="stringcompare(Window(3064).Property(item),home.302)">SetProperty(MoveItem.Icon,$INFO[Skin.String(home.302.icon)],3064)</onload>
	<onload condition="stringcompare(Window(3064).Property(item),home.302)">SetProperty(MoveItem.Path,$INFO[Skin.String(home.302.path)],3064)</onload>
	<onload condition="stringcompare(Window(3064).Property(item),home.302)">SetProperty(MoveItem.BgColor,$INFO[Skin.String(home.302.bgcolor)],3064)</onload>
	<onload condition="stringcompare(Window(3064).Property(item),home.303)">SetProperty(MoveItem.Label,$INFO[Skin.String(home.303.label)],3064)</onload>
	<onload condition="stringcompare(Window(3064).Property(item),home.303)">SetProperty(MoveItem.Icon,$INFO[Skin.String(home.303.icon)],3064)</onload>
	<onload condition="stringcompare(Window(3064).Property(item),home.303)">SetProperty(MoveItem.Path,$INFO[Skin.String(home.303.path)],3064)</onload>
	<onload condition="stringcompare(Window(3064).Property(item),home.303)">SetProperty(MoveItem.BgColor,$INFO[Skin.String(home.303.bgcolor)],3064)</onload>
	<onload condition="stringcompare(Window(3064).Property(item),home.304)">SetProperty(MoveItem.Label,$INFO[Skin.String(home.304.label)],3064)</onload>
	<onload condition="stringcompare(Window(3064).Property(item),home.304)">SetProperty(MoveItem.Icon,$INFO[Skin.String(home.304.icon)],3064)</onload>
	<onload condition="stringcompare(Window(3064).Property(item),home.304)">SetProperty(MoveItem.Path,$INFO[Skin.String(home.304.path)],3064)</onload>
	<onload condition="stringcompare(Window(3064).Property(item),home.304)">SetProperty(MoveItem.BgColor,$INFO[Skin.String(home.304.bgcolor)],3064)</onload>
	<onload condition="stringcompare(Window(3064).Property(item),home.305)">SetProperty(MoveItem.Label,$INFO[Skin.String(home.305.label)],3064)</onload>
	<onload condition="stringcompare(Window(3064).Property(item),home.305)">SetProperty(MoveItem.Icon,$INFO[Skin.String(home.305.icon)],3064)</onload>
	<onload condition="stringcompare(Window(3064).Property(item),home.305)">SetProperty(MoveItem.Path,$INFO[Skin.String(home.305.path)],3064)</onload>
	<onload condition="stringcompare(Window(3064).Property(item),home.305)">SetProperty(MoveItem.BgColor,$INFO[Skin.String(home.305.bgcolor)],3064)</onload>
	<onload condition="stringcompare(Window(3064).Property(item),home.306)">SetProperty(MoveItem.Label,$INFO[Skin.String(home.306.label)],3064)</onload>
	<onload condition="stringcompare(Window(3064).Property(item),home.306)">SetProperty(MoveItem.Icon,$INFO[Skin.String(home.306.icon)],3064)</onload>
	<onload condition="stringcompare(Window(3064).Property(item),home.306)">SetProperty(MoveItem.Path,$INFO[Skin.String(home.306.path)],3064)</onload>
	<onload condition="stringcompare(Window(3064).Property(item),home.306)">SetProperty(MoveItem.BgColor,$INFO[Skin.String(home.306.bgcolor)],3064)</onload>
	<onload condition="stringcompare(Window(3064).Property(item),home.307)">SetProperty(MoveItem.Label,$INFO[Skin.String(home.307.label)],3064)</onload>
	<onload condition="stringcompare(Window(3064).Property(item),home.307)">SetProperty(MoveItem.Icon,$INFO[Skin.String(home.307.icon)],3064)</onload>
	<onload condition="stringcompare(Window(3064).Property(item),home.307)">SetProperty(MoveItem.Path,$INFO[Skin.String(home.307.path)],3064)</onload>
	<onload condition="stringcompare(Window(3064).Property(item),home.307)">SetProperty(MoveItem.BgColor,$INFO[Skin.String(home.307.bgcolor)],3064)</onload>
	<onload condition="stringcompare(Window(3064).Property(item),home.308)">SetProperty(MoveItem.Label,$INFO[Skin.String(home.308.label)],3064)</onload>
	<onload condition="stringcompare(Window(3064).Property(item),home.308)">SetProperty(MoveItem.Icon,$INFO[Skin.String(home.308.icon)],3064)</onload>
	<onload condition="stringcompare(Window(3064).Property(item),home.308)">SetProperty(MoveItem.Path,$INFO[Skin.String(home.308.path)],3064)</onload>
	<onload condition="stringcompare(Window(3064).Property(item),home.308)">SetProperty(MoveItem.BgColor,$INFO[Skin.String(home.308.bgcolor)],3064)</onload>
	<onload condition="stringcompare(Window(3064).Property(item),home.309)">SetProperty(MoveItem.Label,$INFO[Skin.String(home.309.label)],3064)</onload>
	<onload condition="stringcompare(Window(3064).Property(item),home.309)">SetProperty(MoveItem.Icon,$INFO[Skin.String(home.309.icon)],3064)</onload>
	<onload condition="stringcompare(Window(3064).Property(item),home.309)">SetProperty(MoveItem.Path,$INFO[Skin.String(home.309.path)],3064)</onload>
	<onload condition="stringcompare(Window(3064).Property(item),home.309)">SetProperty(MoveItem.BgColor,$INFO[Skin.String(home.309.bgcolor)],3064)</onload>
	<onload condition="stringcompare(Window(3064).Property(item),home.310)">SetProperty(MoveItem.Label,$INFO[Skin.String(home.310.label)],3064)</onload>
	<onload condition="stringcompare(Window(3064).Property(item),home.310)">SetProperty(MoveItem.Icon,$INFO[Skin.String(home.310.icon)],3064)</onload>
	<onload condition="stringcompare(Window(3064).Property(item),home.310)">SetProperty(MoveItem.Path,$INFO[Skin.String(home.310.path)],3064)</onload>
	<onload condition="stringcompare(Window(3064).Property(item),home.310)">SetProperty(MoveItem.BgColor,$INFO[Skin.String(home.310.bgcolor)],3064)</onload>
	<onload condition="stringcompare(Window(3064).Property(item),home.311)">SetProperty(MoveItem.Label,$INFO[Skin.String(home.311.label)],3064)</onload>
	<onload condition="stringcompare(Window(3064).Property(item),home.311)">SetProperty(MoveItem.Icon,$INFO[Skin.String(home.311.icon)],3064)</onload>
	<onload condition="stringcompare(Window(3064).Property(item),home.311)">SetProperty(MoveItem.Path,$INFO[Skin.String(home.311.path)],3064)</onload>
	<onload condition="stringcompare(Window(3064).Property(item),home.311)">SetProperty(MoveItem.BgColor,$INFO[Skin.String(home.311.bgcolor)],3064)</onload>
	<onload condition="stringcompare(Window(3064).Property(item),home.312)">SetProperty(MoveItem.Label,$INFO[Skin.String(home.312.label)],3064)</onload>
	<onload condition="stringcompare(Window(3064).Property(item),home.312)">SetProperty(MoveItem.Icon,$INFO[Skin.String(home.312.icon)],3064)</onload>
	<onload condition="stringcompare(Window(3064).Property(item),home.312)">SetProperty(MoveItem.Path,$INFO[Skin.String(home.312.path)],3064)</onload>
	<onload condition="stringcompare(Window(3064).Property(item),home.312)">SetProperty(MoveItem.BgColor,$INFO[Skin.String(home.312.bgcolor)],3064)</onload>
	<onload condition="stringcompare(Window(3064).Property(item),home.313)">SetProperty(MoveItem.Label,$INFO[Skin.String(home.313.label)],3064)</onload>
	<onload condition="stringcompare(Window(3064).Property(item),home.313)">SetProperty(MoveItem.Icon,$INFO[Skin.String(home.313.icon)],3064)</onload>
	<onload condition="stringcompare(Window(3064).Property(item),home.313)">SetProperty(MoveItem.Path,$INFO[Skin.String(home.313.path)],3064)</onload>
	<onload condition="stringcompare(Window(3064).Property(item),home.313)">SetProperty(MoveItem.BgColor,$INFO[Skin.String(home.313.bgcolor)],3064)</onload>
	<onload condition="stringcompare(Window(3064).Property(item),home.314)">SetProperty(MoveItem.Label,$INFO[Skin.String(home.314.label)],3064)</onload>
	<onload condition="stringcompare(Window(3064).Property(item),home.314)">SetProperty(MoveItem.Icon,$INFO[Skin.String(home.314.icon)],3064)</onload>
	<onload condition="stringcompare(Window(3064).Property(item),home.314)">SetProperty(MoveItem.Path,$INFO[Skin.String(home.314.path)],3064)</onload>
	<onload condition="stringcompare(Window(3064).Property(item),home.314)">SetProperty(MoveItem.BgColor,$INFO[Skin.String(home.314.bgcolor)],3064)</onload>
	<onload condition="stringcompare(Window(3064).Property(item),home.315)">SetProperty(MoveItem.Label,$INFO[Skin.String(home.315.label)],3064)</onload>
	<onload condition="stringcompare(Window(3064).Property(item),home.315)">SetProperty(MoveItem.Icon,$INFO[Skin.String(home.315.icon)],3064)</onload>
	<onload condition="stringcompare(Window(3064).Property(item),home.315)">SetProperty(MoveItem.Path,$INFO[Skin.String(home.315.path)],3064)</onload>
	<onload condition="stringcompare(Window(3064).Property(item),home.315)">SetProperty(MoveItem.BgColor,$INFO[Skin.String(home.315.bgcolor)],3064)</onload>
	<onload condition="stringcompare(Window(3064).Property(item),home.316)">SetProperty(MoveItem.Label,$INFO[Skin.String(home.316.label)],3064)</onload>
	<onload condition="stringcompare(Window(3064).Property(item),home.316)">SetProperty(MoveItem.Icon,$INFO[Skin.String(home.316.icon)],3064)</onload>
	<onload condition="stringcompare(Window(3064).Property(item),home.316)">SetProperty(MoveItem.Path,$INFO[Skin.String(home.316.path)],3064)</onload>
	<onload condition="stringcompare(Window(3064).Property(item),home.316)">SetProperty(MoveItem.BgColor,$INFO[Skin.String(home.316.bgcolor)],3064)</onload>
	<onload condition="stringcompare(Window(3064).Property(item),home.317)">SetProperty(MoveItem.Label,$INFO[Skin.String(home.317.label)],3064)</onload>
	<onload condition="stringcompare(Window(3064).Property(item),home.317)">SetProperty(MoveItem.Icon,$INFO[Skin.String(home.317.icon)],3064)</onload>
	<onload condition="stringcompare(Window(3064).Property(item),home.317)">SetProperty(MoveItem.Path,$INFO[Skin.String(home.317.path)],3064)</onload>
	<onload condition="stringcompare(Window(3064).Property(item),home.317)">SetProperty(MoveItem.BgColor,$INFO[Skin.String(home.317.bgcolor)],3064)</onload>
	<onload condition="stringcompare(Window(3064).Property(item),home.318)">SetProperty(MoveItem.Label,$INFO[Skin.String(home.318.label)],3064)</onload>
	<onload condition="stringcompare(Window(3064).Property(item),home.318)">SetProperty(MoveItem.Icon,$INFO[Skin.String(home.318.icon)],3064)</onload>
	<onload condition="stringcompare(Window(3064).Property(item),home.318)">SetProperty(MoveItem.Path,$INFO[Skin.String(home.318.path)],3064)</onload>
	<onload condition="stringcompare(Window(3064).Property(item),home.318)">SetProperty(MoveItem.BgColor,$INFO[Skin.String(home.318.bgcolor)],3064)</onload>
	<onload condition="stringcompare(Window(3064).Property(item),home.319)">SetProperty(MoveItem.Label,$INFO[Skin.String(home.319.label)],3064)</onload>
	<onload condition="stringcompare(Window(3064).Property(item),home.319)">SetProperty(MoveItem.Icon,$INFO[Skin.String(home.319.icon)],3064)</onload>
	<onload condition="stringcompare(Window(3064).Property(item),home.319)">SetProperty(MoveItem.Path,$INFO[Skin.String(home.319.path)],3064)</onload>
	<onload condition="stringcompare(Window(3064).Property(item),home.319)">SetProperty(MoveItem.BgColor,$INFO[Skin.String(home.319.bgcolor)],3064)</onload>
	<onload condition="stringcompare(Window(3064).Property(item),home.320)">SetProperty(MoveItem.Label,$INFO[Skin.String(home.320.label)],3064)</onload>
	<onload condition="stringcompare(Window(3064).Property(item),home.320)">SetProperty(MoveItem.Icon,$INFO[Skin.String(home.320.icon)],3064)</onload>
	<onload condition="stringcompare(Window(3064).Property(item),home.320)">SetProperty(MoveItem.Path,$INFO[Skin.String(home.320.path)],3064)</onload>
	<onload condition="stringcompare(Window(3064).Property(item),home.320)">SetProperty(MoveItem.BgColor,$INFO[Skin.String(home.320.bgcolor)],3064)</onload>
	<onload condition="stringcompare(Window(3064).Property(item),home.321)">SetProperty(MoveItem.Label,$INFO[Skin.String(home.321.label)],3064)</onload>
	<onload condition="stringcompare(Window(3064).Property(item),home.321)">SetProperty(MoveItem.Icon,$INFO[Skin.String(home.321.icon)],3064)</onload>
	<onload condition="stringcompare(Window(3064).Property(item),home.321)">SetProperty(MoveItem.Path,$INFO[Skin.String(home.321.path)],3064)</onload>
	<onload condition="stringcompare(Window(3064).Property(item),home.321)">SetProperty(MoveItem.BgColor,$INFO[Skin.String(home.321.bgcolor)],3064)</onload>
	<onload condition="stringcompare(Window(3064).Property(item),home.322)">SetProperty(MoveItem.Label,$INFO[Skin.String(home.322.label)],3064)</onload>
	<onload condition="stringcompare(Window(3064).Property(item),home.322)">SetProperty(MoveItem.Icon,$INFO[Skin.String(home.322.icon)],3064)</onload>
	<onload condition="stringcompare(Window(3064).Property(item),home.322)">SetProperty(MoveItem.Path,$INFO[Skin.String(home.322.path)],3064)</onload>
	<onload condition="stringcompare(Window(3064).Property(item),home.322)">SetProperty(MoveItem.BgColor,$INFO[Skin.String(home.322.bgcolor)],3064)</onload>
	<onload condition="stringcompare(Window(3064).Property(item),home.323)">SetProperty(MoveItem.Label,$INFO[Skin.String(home.323.label)],3064)</onload>
	<onload condition="stringcompare(Window(3064).Property(item),home.323)">SetProperty(MoveItem.Icon,$INFO[Skin.String(home.323.icon)],3064)</onload>
	<onload condition="stringcompare(Window(3064).Property(item),home.323)">SetProperty(MoveItem.Path,$INFO[Skin.String(home.323.path)],3064)</onload>
	<onload condition="stringcompare(Window(3064).Property(item),home.323)">SetProperty(MoveItem.BgColor,$INFO[Skin.String(home.323.bgcolor)],3064)</onload>
	<onload condition="stringcompare(Window(3064).Property(item),home.324)">SetProperty(MoveItem.Label,$INFO[Skin.String(home.324.label)],3064)</onload>
	<onload condition="stringcompare(Window(3064).Property(item),home.324)">SetProperty(MoveItem.Icon,$INFO[Skin.String(home.324.icon)],3064)</onload>
	<onload condition="stringcompare(Window(3064).Property(item),home.324)">SetProperty(MoveItem.Path,$INFO[Skin.String(home.324.path)],3064)</onload>
	<onload condition="stringcompare(Window(3064).Property(item),home.324)">SetProperty(MoveItem.BgColor,$INFO[Skin.String(home.324.bgcolor)],3064)</onload>
	<onload condition="stringcompare(Window(3064).Property(item),home.325)">SetProperty(MoveItem.Label,$INFO[Skin.String(home.325.label)],3064)</onload>
	<onload condition="stringcompare(Window(3064).Property(item),home.325)">SetProperty(MoveItem.Icon,$INFO[Skin.String(home.325.icon)],3064)</onload>
	<onload condition="stringcompare(Window(3064).Property(item),home.325)">SetProperty(MoveItem.Path,$INFO[Skin.String(home.325.path)],3064)</onload>
	<onload condition="stringcompare(Window(3064).Property(item),home.325)">SetProperty(MoveItem.BgColor,$INFO[Skin.String(home.325.bgcolor)],3064)</onload>
	<onload condition="stringcompare(Window(3064).Property(item),home.326)">SetProperty(MoveItem.Label,$INFO[Skin.String(home.326.label)],3064)</onload>
	<onload condition="stringcompare(Window(3064).Property(item),home.326)">SetProperty(MoveItem.Icon,$INFO[Skin.String(home.326.icon)],3064)</onload>
	<onload condition="stringcompare(Window(3064).Property(item),home.326)">SetProperty(MoveItem.Path,$INFO[Skin.String(home.326.path)],3064)</onload>
	<onload condition="stringcompare(Window(3064).Property(item),home.326)">SetProperty(MoveItem.BgColor,$INFO[Skin.String(home.326.bgcolor)],3064)</onload>
	<onload condition="stringcompare(Window(3064).Property(item),home.327)">SetProperty(MoveItem.Label,$INFO[Skin.String(home.327.label)],3064)</onload>
	<onload condition="stringcompare(Window(3064).Property(item),home.327)">SetProperty(MoveItem.Icon,$INFO[Skin.String(home.327.icon)],3064)</onload>
	<onload condition="stringcompare(Window(3064).Property(item),home.327)">SetProperty(MoveItem.Path,$INFO[Skin.String(home.327.path)],3064)</onload>
	<onload condition="stringcompare(Window(3064).Property(item),home.327)">SetProperty(MoveItem.BgColor,$INFO[Skin.String(home.327.bgcolor)],3064)</onload>
	<onload condition="stringcompare(Window(3064).Property(item),home.328)">SetProperty(MoveItem.Label,$INFO[Skin.String(home.328.label)],3064)</onload>
	<onload condition="stringcompare(Window(3064).Property(item),home.328)">SetProperty(MoveItem.Icon,$INFO[Skin.String(home.328.icon)],3064)</onload>
	<onload condition="stringcompare(Window(3064).Property(item),home.328)">SetProperty(MoveItem.Path,$INFO[Skin.String(home.328.path)],3064)</onload>
	<onload condition="stringcompare(Window(3064).Property(item),home.328)">SetProperty(MoveItem.BgColor,$INFO[Skin.String(home.328.bgcolor)],3064)</onload>
	<onload condition="stringcompare(Window(3064).Property(item),home.329)">SetProperty(MoveItem.Label,$INFO[Skin.String(home.329.label)],3064)</onload>
	<onload condition="stringcompare(Window(3064).Property(item),home.329)">SetProperty(MoveItem.Icon,$INFO[Skin.String(home.329.icon)],3064)</onload>
	<onload condition="stringcompare(Window(3064).Property(item),home.329)">SetProperty(MoveItem.Path,$INFO[Skin.String(home.329.path)],3064)</onload>
	<onload condition="stringcompare(Window(3064).Property(item),home.329)">SetProperty(MoveItem.BgColor,$INFO[Skin.String(home.329.bgcolor)],3064)</onload>
	<onload condition="stringcompare(Window(3064).Property(item),home.330)">SetProperty(MoveItem.Label,$INFO[Skin.String(home.330.label)],3064)</onload>
	<onload condition="stringcompare(Window(3064).Property(item),home.330)">SetProperty(MoveItem.Icon,$INFO[Skin.String(home.330.icon)],3064)</onload>
	<onload condition="stringcompare(Window(3064).Property(item),home.330)">SetProperty(MoveItem.Path,$INFO[Skin.String(home.330.path)],3064)</onload>
	<onload condition="stringcompare(Window(3064).Property(item),home.330)">SetProperty(MoveItem.BgColor,$INFO[Skin.String(home.330.bgcolor)],3064)</onload>
	
                          
	<onunload>ClearProperty(item,3064)</onunload>
		
	<allowoverlay>true</allowoverlay>
	<controls>
        <control type="group">
            <visible>!Window.IsVisible(DialogSelect.xml)</visible>
            <visible>!Window.IsVisible(FileBrowser.xml)</visible>
            <control type="image">
                <width>1920</width>
                <height>1080</height>
                <texture colordiffuse="Background">common/white.png</texture>
            </control>
            <control type="group">
                <left>25%</left>
                <posy>320</posy>
                <width>1000</width>
                <include>Home-Menu-Button-BG</include>
                <control type="button">
                    <include>Home-Menu-Button</include>
                    <colordiffuse>$INFO[Window(3064).Property(MoveItem.BgColor)]</colordiffuse>
                </control>
                <control type="image">
                    <include>Home-Menu-Button</include>
                    <texture diffuse="home/tile.png" fallback="special://skin/extras/icons/addtile.png" aligny="center" align="center">$INFO[Window(3064).Property(MoveItem.Icon)]</texture>
                </control>
                <control type="label">
                    <posx>230</posx>
                    <width>600</width>
                    <include>Home-Menu-Button</include>
                    <aligny>center</aligny>
                    <font>Font-ListInfo</font>
                    <label>[B]$LOCALIZE[31215][/B][CR]$INFO[Window(3064).Property(MoveItem.Label)]   $INFO[Window(3064).Property(MoveItem.BgColor)][CR]$INFO[Window(3064).Property(MoveItem.Icon)][CR]$INFO[Window(3064).Property(MoveItem.Path)]</label>
                </control>
            </control>
            
            <control type="image">
                <include condition="!Skin.HasSetting(home.talltiles)">Short-Home-BG-Y</include>
                <include condition="Skin.HasSetting(home.talltiles)">Tall-Home-BG-Y</include>
                <width>1920</width>
                <height>376</height>
                <texture colordiffuse="PanelBG">common/white.png</texture>
            </control>
            <control type="grouplist" id="9300">
                <orientation>horizontal</orientation>
                <include condition="!Skin.HasSetting(home.talltiles)">Short-Home-Grouplist</include>
                <include condition="Skin.HasSetting(home.talltiles)">Tall-Home-Grouplist</include>
                
                <control type="group">
                    <include>Home-Button-Group-Width</include>
                    <visible>Skin.HasSetting(home.301.enabled)</visible>
                    <include>Home-Menu-Button-BG</include>
                    <control type="button" id="9301">
                        <include>Home-Menu-Button</include>
                        <visible>Skin.HasSetting(home.301.enabled)</visible>
                        <onclick>RunScript(special://skin/extras/scripts/eminence_functions.py,swapitem,$INFO[Window(3064).Property(item)],home.301)</onclick>
                        <onclick>Close</onclick>
                        
                        <colordiffuse>$INFO[Skin.String(home.301.bgcolor)]</colordiffuse>
                        <onleft>9329</onleft>
                        <onright>9302</onright>
                        <animation effect="fade" start="100" end="45" time="100" condition="!Control.HasFocus(9301)">Conditional</animation>
                    </control>
                    <control type="image">
                        <include>Home-Menu-Button</include>
                        <texture diffuse="home/tile.png" fallback="special://skin/extras/icons/addtile.png" aligny="center" align="center">$INFO[Skin.String(home.301.Icon)]</texture>
                        <animation effect="fade" start="100" end="45" time="100" condition="!Control.HasFocus(9301)">Conditional</animation>
                    </control>
                    <control type="label">
                        <include>Home-Menu-Label</include>
                        <label fallback="31169">$INFO[Skin.String(home.301.Label)]</label>
                        <animation effect="fade" start="100" end="45" time="100" condition="!Control.HasFocus(9301)">Conditional</animation>
                    </control>
                </control>
                <control type="group">
                    <include>Home-Button-Group-Width</include>
                    <visible>Skin.HasSetting(home.302.enabled)</visible>
                    <include>Home-Menu-Button-BG</include>
                    <control type="button" id="9302">
                        <include>Home-Menu-Button</include>
                        <onclick>RunScript(special://skin/extras/scripts/eminence_functions.py,swapitem,$INFO[Window(3064).Property(item)],home.302)</onclick>
                        <onclick>Close</onclick>
                        <colordiffuse>$INFO[Skin.String(home.302.bgcolor)]</colordiffuse>
                        <onleft>9301</onleft>
                        <onright>9303</onright>
                        <animation effect="fade" start="100" end="45" time="100" condition="!Control.HasFocus(9302)">Conditional</animation>
                    </control>
                    <control type="image">
                        <include>Home-Menu-Button</include>
                        <texture diffuse="home/tile.png" fallback="special://skin/extras/icons/addtile.png" aligny="center" align="center">$INFO[Skin.String(home.302.Icon)]</texture>
                        <animation effect="fade" start="100" end="45" time="100" condition="!Control.HasFocus(9302)">Conditional</animation>
                    </control>
                    <control type="label">
                        <include>Home-Menu-Label</include>
                        <label fallback="31169">$INFO[Skin.String(home.302.Label)]</label>
                        <animation effect="fade" start="100" end="45" time="100" condition="!Control.HasFocus(9302)">Conditional</animation>
                    </control>
                </control>
                <control type="group">
                    <include>Home-Button-Group-Width</include>
                    <visible>Skin.HasSetting(home.303.enabled)</visible>
                    <include>Home-Menu-Button-BG</include>
                    <control type="button" id="9303">
                        <include>Home-Menu-Button</include>
                        <onclick>RunScript(special://skin/extras/scripts/eminence_functions.py,swapitem,$INFO[Window(3064).Property(item)],home.303)</onclick>
                        <onclick>Close</onclick>
                        <colordiffuse>$INFO[Skin.String(home.303.bgcolor)]</colordiffuse>
                        <onleft>9302</onleft>
                        <onright>9304</onright>
                        <animation effect="fade" start="100" end="45" time="100" condition="!Control.HasFocus(9303)">Conditional</animation>
                    </control>
                    <control type="image">
                        <include>Home-Menu-Button</include>
                        <texture diffuse="home/tile.png" fallback="special://skin/extras/icons/addtile.png" aligny="center" align="center">$INFO[Skin.String(home.303.Icon)]</texture>
                        <animation effect="fade" start="100" end="45" time="100" condition="!Control.HasFocus(9303)">Conditional</animation>
                    </control>
                    <control type="label">
                        <include>Home-Menu-Label</include>
                        <label fallback="31169">$INFO[Skin.String(home.303.Label)]</label>
                        <animation effect="fade" start="100" end="45" time="100" condition="!Control.HasFocus(9303)">Conditional</animation>
                    </control>
                </control>
                <control type="group">
                    <include>Home-Button-Group-Width</include>
                    <visible>Skin.HasSetting(home.304.enabled)</visible>
                    <include>Home-Menu-Button-BG</include>
                    <control type="button" id="9304">
                        <include>Home-Menu-Button</include>
                        <onclick>RunScript(special://skin/extras/scripts/eminence_functions.py,swapitem,$INFO[Window(3064).Property(item)],home.304)</onclick>
                        <onclick>Close</onclick>
                        <colordiffuse>$INFO[Skin.String(home.304.bgcolor)]</colordiffuse>
                        <onleft>9303</onleft>
                        <onright>9305</onright>
                        <animation effect="fade" start="100" end="45" time="100" condition="!Control.HasFocus(9304)">Conditional</animation>
                    </control>
                    <control type="image">
                        <include>Home-Menu-Button</include>
                        <texture diffuse="home/tile.png" fallback="special://skin/extras/icons/addtile.png" aligny="center" align="center">$INFO[Skin.String(home.304.Icon)]</texture>
                        <animation effect="fade" start="100" end="45" time="100" condition="!Control.HasFocus(9304)">Conditional</animation>
                    </control>
                    <control type="label">
                        <include>Home-Menu-Label</include>
                        <label fallback="31169">$INFO[Skin.String(home.304.Label)]</label>
                        <animation effect="fade" start="100" end="45" time="100" condition="!Control.HasFocus(9304)">Conditional</animation>
                    </control>
                </control>
                <control type="group">
                    <include>Home-Button-Group-Width</include>
                    <visible>Skin.HasSetting(home.305.enabled)</visible>
                    <include>Home-Menu-Button-BG</include>
                    <control type="button" id="9305">
                        <include>Home-Menu-Button</include>
                        <onclick>RunScript(special://skin/extras/scripts/eminence_functions.py,swapitem,$INFO[Window(3064).Property(item)],home.305)</onclick>
                        <onclick>Close</onclick>
                        <colordiffuse>$INFO[Skin.String(home.305.bgcolor)]</colordiffuse>
                        <onleft>9304</onleft>
                        <onright>9306</onright>
                        <animation effect="fade" start="100" end="45" time="100" condition="!Control.HasFocus(9305)">Conditional</animation>
                    </control>
                    <control type="image">
                        <include>Home-Menu-Button</include>
                        <texture diffuse="home/tile.png" fallback="special://skin/extras/icons/addtile.png" aligny="center" align="center">$INFO[Skin.String(home.305.Icon)]</texture>
                        <animation effect="fade" start="100" end="45" time="100" condition="!Control.HasFocus(9305)">Conditional</animation>
                    </control>
                    <control type="label">
                        <include>Home-Menu-Label</include>
                        <label fallback="31169">$INFO[Skin.String(home.305.Label)]</label>
                        <animation effect="fade" start="100" end="45" time="100" condition="!Control.HasFocus(9305)">Conditional</animation>
                    </control>
                </control>
                <control type="group">
                    <include>Home-Button-Group-Width</include>
                    <visible>Skin.HasSetting(home.306.enabled)</visible>
                    <include>Home-Menu-Button-BG</include>
                    <control type="button" id="9306">
                        <include>Home-Menu-Button</include>
                        <onclick>RunScript(special://skin/extras/scripts/eminence_functions.py,swapitem,$INFO[Window(3064).Property(item)],home.306)</onclick>
                        <onclick>Close</onclick>
                        <colordiffuse>$INFO[Skin.String(home.306.bgcolor)]</colordiffuse>
                        <onleft>9305</onleft>
                        <onright>9307</onright>
                        <animation effect="fade" start="100" end="45" time="100" condition="!Control.HasFocus(9306)">Conditional</animation>
                    </control>
                    <control type="image">
                        <include>Home-Menu-Button</include>
                        <texture diffuse="home/tile.png" fallback="special://skin/extras/icons/addtile.png" aligny="center" align="center">$INFO[Skin.String(home.306.Icon)]</texture>
                        <animation effect="fade" start="100" end="45" time="100" condition="!Control.HasFocus(9306)">Conditional</animation>
                    </control>
                    <control type="label">
                        <include>Home-Menu-Label</include>
                        <label fallback="31169">$INFO[Skin.String(home.306.Label)]</label>
                        <animation effect="fade" start="100" end="45" time="100" condition="!Control.HasFocus(9306)">Conditional</animation>
                    </control>
                </control>
                <control type="group">
                    <include>Home-Button-Group-Width</include>
                    <visible>Skin.HasSetting(home.307.enabled)</visible>
                    <include>Home-Menu-Button-BG</include>
                    <control type="button" id="9307">
                        <include>Home-Menu-Button</include>
                        <onclick>RunScript(special://skin/extras/scripts/eminence_functions.py,swapitem,$INFO[Window(3064).Property(item)],home.307)</onclick>
                        <onclick>Close</onclick>
                        <colordiffuse>$INFO[Skin.String(home.307.bgcolor)]</colordiffuse>
                        <onleft>9306</onleft>
                        <onright>9308</onright>
                        <animation effect="fade" start="100" end="45" time="100" condition="!Control.HasFocus(9307)">Conditional</animation>
                    </control>
                    <control type="image">
                        <include>Home-Menu-Button</include>
                        <texture diffuse="home/tile.png" fallback="special://skin/extras/icons/addtile.png" aligny="center" align="center">$INFO[Skin.String(home.307.Icon)]</texture>
                        <animation effect="fade" start="100" end="45" time="100" condition="!Control.HasFocus(9307)">Conditional</animation>
                    </control>
                    <control type="label">
                        <include>Home-Menu-Label</include>
                        <label fallback="31169">$INFO[Skin.String(home.307.Label)]</label>
                        <animation effect="fade" start="100" end="45" time="100" condition="!Control.HasFocus(9307)">Conditional</animation>
                    </control>
                </control>
                <control type="group">
                    <include>Home-Button-Group-Width</include>
                    <visible>Skin.HasSetting(home.308.enabled)</visible>
                    <include>Home-Menu-Button-BG</include>
                    <control type="button" id="9308">
                        <include>Home-Menu-Button</include>
                        <onclick>RunScript(special://skin/extras/scripts/eminence_functions.py,swapitem,$INFO[Window(3064).Property(item)],home.308)</onclick>
                        <onclick>Close</onclick>
                        <colordiffuse>$INFO[Skin.String(home.308.bgcolor)]</colordiffuse>
                        <onleft>9307</onleft>
                        <onright>9309</onright>
                        <animation effect="fade" start="100" end="45" time="100" condition="!Control.HasFocus(9308)">Conditional</animation>
                    </control>
                    <control type="image">
                        <include>Home-Menu-Button</include>
                        <texture diffuse="home/tile.png" fallback="special://skin/extras/icons/addtile.png" aligny="center" align="center">$INFO[Skin.String(home.308.Icon)]</texture>
                        <animation effect="fade" start="100" end="45" time="100" condition="!Control.HasFocus(9308)">Conditional</animation>
                    </control>
                    <control type="label">
                        <include>Home-Menu-Label</include>
                        <label fallback="31169">$INFO[Skin.String(home.308.Label)]</label>
                        <animation effect="fade" start="100" end="45" time="100" condition="!Control.HasFocus(9308)">Conditional</animation>
                    </control>
                </control>
                <control type="group">
                    <include>Home-Button-Group-Width</include>
                    <visible>Skin.HasSetting(home.309.enabled)</visible>
                    <include>Home-Menu-Button-BG</include>
                    <control type="button" id="9309">
                        <include>Home-Menu-Button</include>
                        <onclick>RunScript(special://skin/extras/scripts/eminence_functions.py,swapitem,$INFO[Window(3064).Property(item)],home.309)</onclick>
                        <onclick>Close</onclick>
                        <colordiffuse>$INFO[Skin.String(home.309.bgcolor)]</colordiffuse>
                        <onleft>9308</onleft>
                        <onright>9310</onright>
                        <animation effect="fade" start="100" end="45" time="100" condition="!Control.HasFocus(9309)">Conditional</animation>
                    </control>
                    <control type="image">
                        <include>Home-Menu-Button</include>
                        <texture diffuse="home/tile.png" fallback="special://skin/extras/icons/addtile.png" aligny="center" align="center">$INFO[Skin.String(home.309.Icon)]</texture>
                        <animation effect="fade" start="100" end="45" time="100" condition="!Control.HasFocus(9309)">Conditional</animation>
                    </control>
                    <control type="label">
                        <include>Home-Menu-Label</include>
                        <label fallback="31169">$INFO[Skin.String(home.309.Label)]</label>
                        <animation effect="fade" start="100" end="45" time="100" condition="!Control.HasFocus(9309)">Conditional</animation>
                    </control>
                </control>
                <control type="group">
                    <include>Home-Button-Group-Width</include>
                    <visible>Skin.HasSetting(home.310.enabled)</visible>
                    <include>Home-Menu-Button-BG</include>
                    <control type="button" id="9310">
                        <include>Home-Menu-Button</include>
                        <onclick>RunScript(special://skin/extras/scripts/eminence_functions.py,swapitem,$INFO[Window(3064).Property(item)],home.310)</onclick>
                        <onclick>Close</onclick>
                        <colordiffuse>$INFO[Skin.String(home.310.bgcolor)]</colordiffuse>
                        <onleft>9309</onleft>
                        <onright>9311</onright>
                        <animation effect="fade" start="100" end="45" time="100" condition="!Control.HasFocus(9310)">Conditional</animation>
                    </control>
                    <control type="image">
                        <include>Home-Menu-Button</include>
                        <texture diffuse="home/tile.png" fallback="special://skin/extras/icons/addtile.png" aligny="center" align="center">$INFO[Skin.String(home.310.Icon)]</texture>
                        <animation effect="fade" start="100" end="45" time="100" condition="!Control.HasFocus(9310)">Conditional</animation>
                    </control>
                    <control type="label">
                        <include>Home-Menu-Label</include>
                        <label fallback="31169">$INFO[Skin.String(home.310.Label)]</label>
                        <animation effect="fade" start="100" end="45" time="100" condition="!Control.HasFocus(9310)">Conditional</animation>
                    </control>
                </control>
                <control type="group">
                    <include>Home-Button-Group-Width</include>
                    <visible>Skin.HasSetting(home.311.enabled)</visible>
                    <include>Home-Menu-Button-BG</include>
                    <control type="button" id="9311">
                        <include>Home-Menu-Button</include>
                        <onclick>RunScript(special://skin/extras/scripts/eminence_functions.py,swapitem,$INFO[Window(3064).Property(item)],home.311)</onclick>
                        <onclick>Close</onclick>
                        <colordiffuse>$INFO[Skin.String(home.311.bgcolor)]</colordiffuse>
                        <onleft>9310</onleft>
                        <onright>9312</onright>
                        <animation effect="fade" start="100" end="45" time="100" condition="!Control.HasFocus(9311)">Conditional</animation>
                    </control>
                    <control type="image">
                        <include>Home-Menu-Button</include>
                        <texture diffuse="home/tile.png" fallback="special://skin/extras/icons/addtile.png" aligny="center" align="center">$INFO[Skin.String(home.311.Icon)]</texture>
                        <animation effect="fade" start="100" end="45" time="100" condition="!Control.HasFocus(9311)">Conditional</animation>
                    </control>
                    <control type="label">
                        <include>Home-Menu-Label</include>
                        <label fallback="31169">$INFO[Skin.String(home.311.Label)]</label>
                        <animation effect="fade" start="100" end="45" time="100" condition="!Control.HasFocus(9311)">Conditional</animation>
                    </control>
                </control>
                <control type="group">
                    <include>Home-Button-Group-Width</include>
                    <visible>Skin.HasSetting(home.312.enabled)</visible>
                    <include>Home-Menu-Button-BG</include>
                    <control type="button" id="9312">
                        <include>Home-Menu-Button</include>
                        <onclick>RunScript(special://skin/extras/scripts/eminence_functions.py,swapitem,$INFO[Window(3064).Property(item)],home.312)</onclick>
                        <onclick>Close</onclick>
                        <colordiffuse>$INFO[Skin.String(home.312.bgcolor)]</colordiffuse>
                        <onleft>9311</onleft>
                        <onright>9320</onright>
                        <animation effect="fade" start="100" end="45" time="100" condition="!Control.HasFocus(9312)">Conditional</animation>
                    </control>
                    <control type="image">
                        <include>Home-Menu-Button</include>
                        <texture diffuse="home/tile.png" fallback="special://skin/extras/icons/addtile.png" aligny="center" align="center">$INFO[Skin.String(home.312.Icon)]</texture>
                        <animation effect="fade" start="100" end="45" time="100" condition="!Control.HasFocus(9312)">Conditional</animation>
                    </control>
                    <control type="label">
                        <include>Home-Menu-Label</include>
                        <label fallback="31169">$INFO[Skin.String(home.312.Label)]</label>
                        <animation effect="fade" start="100" end="45" time="100" condition="!Control.HasFocus(9312)">Conditional</animation>
                    </control>
                </control>
                <control type="group">
                    <include>Home-Button-Group-Width</include>
                    <visible>Skin.HasSetting(home.320.enabled)</visible>
                    <include>Home-Menu-Button-BG</include>
                    <control type="button" id="9320">
                        <include>Home-Menu-Button</include>
                        <onclick>RunScript(special://skin/extras/scripts/eminence_functions.py,swapitem,$INFO[Window(3064).Property(item)],home.320)</onclick>
                        <onclick>Close</onclick>
                        <colordiffuse>$INFO[Skin.String(home.320.bgcolor)]</colordiffuse>
                        <onleft>9312</onleft>
                        <onright>9321</onright>
                        <animation effect="fade" start="100" end="45" time="100" condition="!Control.HasFocus(9320)">Conditional</animation>
                    </control>
                    <control type="image">
                        <include>Home-Menu-Button</include>
                        <texture diffuse="home/tile.png" fallback="special://skin/extras/icons/addtile.png" aligny="center" align="center">$INFO[Skin.String(home.320.Icon)]</texture>
                        <animation effect="fade" start="100" end="45" time="100" condition="!Control.HasFocus(9320)">Conditional</animation>
                    </control>
                    <control type="label">
                        <include>Home-Menu-Label</include>
                        <label fallback="31169">$INFO[Skin.String(home.320.Label)]</label>
                        <animation effect="fade" start="100" end="45" time="100" condition="!Control.HasFocus(9320)">Conditional</animation>
                    </control>
                </control>
                
                <control type="group">
                    <include>Home-Button-Group-Width</include>
                    <visible>Skin.HasSetting(home.321.enabled)</visible>
                    <include>Home-Menu-Button-BG</include>
                    <control type="button" id="9321">
                        <include>Home-Menu-Button</include>
                        <onclick>RunScript(special://skin/extras/scripts/eminence_functions.py,swapitem,$INFO[Window(3064).Property(item)],home.321)</onclick>
                        <onclick>Close</onclick>
                        <colordiffuse>$INFO[Skin.String(home.321.bgcolor)]</colordiffuse>
                        <onleft>9320</onleft>
                        <onright>9322</onright>
                        <animation effect="fade" start="100" end="45" time="100" condition="!Control.HasFocus(9321)">Conditional</animation>
                    </control>
                    <control type="image">
                        <include>Home-Menu-Button</include>
                        <texture diffuse="home/tile.png" fallback="special://skin/extras/icons/addtile.png" aligny="center" align="center">$INFO[Skin.String(home.321.Icon)]</texture>
                        <animation effect="fade" start="100" end="45" time="100" condition="!Control.HasFocus(9321)">Conditional</animation>
                    </control>
                    <control type="label">
                        <include>Home-Menu-Label</include>
                        <label fallback="31169">$INFO[Skin.String(home.321.Label)]</label>
                        <animation effect="fade" start="100" end="45" time="100" condition="!Control.HasFocus(9321)">Conditional</animation>
                    </control>
                </control>
                
                <control type="group">
                    <include>Home-Button-Group-Width</include>
                    <visible>Skin.HasSetting(home.322.enabled)</visible>
                    <include>Home-Menu-Button-BG</include>
                    <control type="button" id="9322">
                        <include>Home-Menu-Button</include>
                        <onclick>RunScript(special://skin/extras/scripts/eminence_functions.py,swapitem,$INFO[Window(3064).Property(item)],home.322)</onclick>
                        <onclick>Close</onclick>
                        <colordiffuse>$INFO[Skin.String(home.322.bgcolor)]</colordiffuse>
                        <onleft>9321</onleft>
                        <onright>9323</onright>
                        <animation effect="fade" start="100" end="45" time="100" condition="!Control.HasFocus(9322)">Conditional</animation>
                    </control>
                    <control type="image">
                        <include>Home-Menu-Button</include>
                        <texture diffuse="home/tile.png" fallback="special://skin/extras/icons/addtile.png" aligny="center" align="center">$INFO[Skin.String(home.322.Icon)]</texture>
                        <animation effect="fade" start="100" end="45" time="100" condition="!Control.HasFocus(9322)">Conditional</animation>
                    </control>
                    <control type="label">
                        <include>Home-Menu-Label</include>
                        <label fallback="31169">$INFO[Skin.String(home.322.Label)]</label>
                        <animation effect="fade" start="100" end="45" time="100" condition="!Control.HasFocus(9322)">Conditional</animation>
                    </control>
                </control>
                <control type="group">
                    <include>Home-Button-Group-Width</include>
                    <visible>Skin.HasSetting(home.323.enabled)</visible>
                    <include>Home-Menu-Button-BG</include>
                    <control type="button" id="9323">
                        <include>Home-Menu-Button</include>
                        <onclick>RunScript(special://skin/extras/scripts/eminence_functions.py,swapitem,$INFO[Window(3064).Property(item)],home.323)</onclick>
                        <onclick>Close</onclick>
                        <colordiffuse>$INFO[Skin.String(home.323.bgcolor)]</colordiffuse>
                        <onleft>9322</onleft>
                        <onright>9324</onright>
                        <animation effect="fade" start="100" end="45" time="100" condition="!Control.HasFocus(9323)">Conditional</animation>
                    </control>
                    <control type="image">
                        <include>Home-Menu-Button</include>
                        <texture diffuse="home/tile.png" fallback="special://skin/extras/icons/addtile.png" aligny="center" align="center">$INFO[Skin.String(home.323.Icon)]</texture>
                        <animation effect="fade" start="100" end="45" time="100" condition="!Control.HasFocus(9323)">Conditional</animation>
                    </control>
                    <control type="label">
                        <include>Home-Menu-Label</include>
                        <label fallback="31169">$INFO[Skin.String(home.323.Label)]</label>
                        <animation effect="fade" start="100" end="45" time="100" condition="!Control.HasFocus(9323)">Conditional</animation>
                    </control>
                </control>
                <control type="group">
                    <include>Home-Button-Group-Width</include>
                    <visible>Skin.HasSetting(home.324.enabled)</visible>
                    <include>Home-Menu-Button-BG</include>
                    <control type="button" id="9324">
                        <include>Home-Menu-Button</include>
                        <onclick>RunScript(special://skin/extras/scripts/eminence_functions.py,swapitem,$INFO[Window(3064).Property(item)],home.324)</onclick>
                        <onclick>Close</onclick>
                        <colordiffuse>$INFO[Skin.String(home.324.bgcolor)]</colordiffuse>
                        <onleft>9323</onleft>
                        <onright>9325</onright>
                        <animation effect="fade" start="100" end="45" time="100" condition="!Control.HasFocus(9324)">Conditional</animation>
                    </control>
                    <control type="image">
                        <include>Home-Menu-Button</include>
                        <texture diffuse="home/tile.png" fallback="special://skin/extras/icons/addtile.png" aligny="center" align="center">$INFO[Skin.String(home.324.Icon)]</texture>
                        <animation effect="fade" start="100" end="45" time="100" condition="!Control.HasFocus(9324)">Conditional</animation>
                    </control>
                    <control type="label">
                        <include>Home-Menu-Label</include>
                        <label fallback="31169">$INFO[Skin.String(home.324.Label)]</label>
                        <animation effect="fade" start="100" end="45" time="100" condition="!Control.HasFocus(9324)">Conditional</animation>
                    </control>
                </control>
                <control type="group">
                    <include>Home-Button-Group-Width</include>
                    <visible>Skin.HasSetting(home.325.enabled)</visible>
                    <include>Home-Menu-Button-BG</include>
                    <control type="button" id="9325">
                        <include>Home-Menu-Button</include>
                        <onclick>RunScript(special://skin/extras/scripts/eminence_functions.py,swapitem,$INFO[Window(3064).Property(item)],home.325)</onclick>
                        <onclick>Close</onclick>
                        <colordiffuse>$INFO[Skin.String(home.325.bgcolor)]</colordiffuse>
                        <onleft>9324</onleft>
                        <onright>9326</onright>
                        <animation effect="fade" start="100" end="45" time="100" condition="!Control.HasFocus(9325)">Conditional</animation>
                    </control>
                    <control type="image">
                        <include>Home-Menu-Button</include>
                        <texture diffuse="home/tile.png" fallback="special://skin/extras/icons/addtile.png" aligny="center" align="center">$INFO[Skin.String(home.325.Icon)]</texture>
                        <animation effect="fade" start="100" end="45" time="100" condition="!Control.HasFocus(9325)">Conditional</animation>
                    </control>
                    <control type="label">
                        <include>Home-Menu-Label</include>
                        <label fallback="31169">$INFO[Skin.String(home.325.Label)]</label>
                        <animation effect="fade" start="100" end="45" time="100" condition="!Control.HasFocus(9325)">Conditional</animation>
                    </control>
                </control>
                <control type="group">
                    <include>Home-Button-Group-Width</include>
                    <visible>Skin.HasSetting(home.326.enabled)</visible>
                    <include>Home-Menu-Button-BG</include>
                    <control type="button" id="9326">
                        <include>Home-Menu-Button</include>
                        <onclick>RunScript(special://skin/extras/scripts/eminence_functions.py,swapitem,$INFO[Window(3064).Property(item)],home.326)</onclick>
                        <onclick>Close</onclick>
                        <colordiffuse>$INFO[Skin.String(home.326.bgcolor)]</colordiffuse>
                        <onleft>9325</onleft>
                        <onright>9327</onright>
                        <animation effect="fade" start="100" end="45" time="100" condition="!Control.HasFocus(9326)">Conditional</animation>
                    </control>
                    <control type="image">
                        <include>Home-Menu-Button</include>
                        <texture diffuse="home/tile.png" fallback="special://skin/extras/icons/addtile.png" aligny="center" align="center">$INFO[Skin.String(home.326.Icon)]</texture>
                        <animation effect="fade" start="100" end="45" time="100" condition="!Control.HasFocus(9326)">Conditional</animation>
                    </control>
                    <control type="label">
                        <include>Home-Menu-Label</include>
                        <label fallback="31169">$INFO[Skin.String(home.326.Label)]</label>
                        <animation effect="fade" start="100" end="45" time="100" condition="!Control.HasFocus(9326)">Conditional</animation>
                    </control>
                </control>
                <control type="group">
                    <include>Home-Button-Group-Width</include>
                    <visible>Skin.HasSetting(home.327.enabled)</visible>
                    <include>Home-Menu-Button-BG</include>
                    <control type="button" id="9327">
                        <include>Home-Menu-Button</include>
                        <onclick>RunScript(special://skin/extras/scripts/eminence_functions.py,swapitem,$INFO[Window(3064).Property(item)],home.327)</onclick>
                        <onclick>Close</onclick>
                        <colordiffuse>$INFO[Skin.String(home.327.bgcolor)]</colordiffuse>
                        <onleft>9326</onleft>
                        <onright>9328</onright>
                        <animation effect="fade" start="100" end="45" time="100" condition="!Control.HasFocus(9327)">Conditional</animation>
                    </control>
                    <control type="image">
                        <include>Home-Menu-Button</include>
                        <texture diffuse="home/tile.png" fallback="special://skin/extras/icons/addtile.png" aligny="center" align="center">$INFO[Skin.String(home.327.Icon)]</texture>
                        <animation effect="fade" start="100" end="45" time="100" condition="!Control.HasFocus(9327)">Conditional</animation>
                    </control>
                    <control type="label">
                        <include>Home-Menu-Label</include>
                        <label fallback="31169">$INFO[Skin.String(home.327.Label)]</label>
                        <animation effect="fade" start="100" end="45" time="100" condition="!Control.HasFocus(9327)">Conditional</animation>
                    </control>
                </control>
                <control type="group">
                    <include>Home-Button-Group-Width</include>
                    <visible>Skin.HasSetting(home.328.enabled)</visible>
                    <include>Home-Menu-Button-BG</include>
                    <control type="button" id="9328">
                        <include>Home-Menu-Button</include>
                        <onclick>RunScript(special://skin/extras/scripts/eminence_functions.py,swapitem,$INFO[Window(3064).Property(item)],home.328)</onclick>
                        <onclick>Close</onclick>
                        <colordiffuse>$INFO[Skin.String(home.328.bgcolor)]</colordiffuse>
                        <onleft>9327</onleft>
                        <onright>9329</onright>
                        <animation effect="fade" start="100" end="45" time="100" condition="!Control.HasFocus(9328)">Conditional</animation>
                    </control>
                    <control type="image">
                        <include>Home-Menu-Button</include>
                        <texture diffuse="home/tile.png" fallback="special://skin/extras/icons/addtile.png" aligny="center" align="center">$INFO[Skin.String(home.328.Icon)]</texture>
                        <animation effect="fade" start="100" end="45" time="100" condition="!Control.HasFocus(9328)">Conditional</animation>
                    </control>
                    <control type="label">
                        <include>Home-Menu-Label</include>
                        <label fallback="31169">$INFO[Skin.String(home.328.Label)]</label>
                        <animation effect="fade" start="100" end="45" time="100" condition="!Control.HasFocus(9328)">Conditional</animation>
                    </control>
                </control>
                <control type="group">
                    <include>Home-Button-Group-Width</include>
                    <visible>Skin.HasSetting(home.329.enabled)</visible>
                    <include>Home-Menu-Button-BG</include>
                    <control type="button" id="9329">
                        <include>Home-Menu-Button</include>
                        <onclick>RunScript(special://skin/extras/scripts/eminence_functions.py,swapitem,$INFO[Window(3064).Property(item)],home.329)</onclick>
                        <onclick>Close</onclick>
                        <colordiffuse>$INFO[Skin.String(home.329.bgcolor)]</colordiffuse>
                        <onleft>9328</onleft>
                        <onright>9301</onright>
                        <animation effect="fade" start="100" end="45" time="100" condition="!Control.HasFocus(9329)">Conditional</animation>
                    </control>
                    <control type="image">
                        <include>Home-Menu-Button</include>
                        <texture diffuse="home/tile.png" fallback="special://skin/extras/icons/addtile.png" aligny="center" align="center">$INFO[Skin.String(home.329.Icon)]</texture>
                        <animation effect="fade" start="100" end="45" time="100" condition="!Control.HasFocus(9329)">Conditional</animation>
                    </control>
                    <control type="label">
                        <include>Home-Menu-Label</include>
                        <label fallback="31169">$INFO[Skin.String(home.329.Label)]</label>
                        <animation effect="fade" start="100" end="45" time="100" condition="!Control.HasFocus(9329)">Conditional</animation>
                    </control>
                </control>
                
             
               
            </control>
        </control>
		
		<include>GlobalTopBar</include>
	    
	</controls>
</window>
