﻿<?xml version="1.0" encoding="UTF-8"?>
<!-- Foundation -->
<window type="dialog" id="3068">
	<defaultcontrol always="true">9200</defaultcontrol>
	<onunload>ClearProperty(item,3068)</onunload>
	<allowoverlay>true</allowoverlay>
	<controls>
        <control type="group">
            
			
			<control type="group">
			    <visible>!Window.IsVisible(DialogSelect.xml)</visible>
			    <visible>!Window.IsVisible(FileBrowser.xml)</visible>
			    <visible>!Window.IsVisible(3062)</visible>
			    <visible>!Window.IsVisible(3065)</visible>
			    <include>Animation.FadeIn</include>
			    <include>Animation.FadeOut</include>

                <control type="panel" id="9200">
                    <posx>14</posx>
                    <posy>200</posy>
                    <width>1904</width>
                    <height>600</height>
                    <onleft>9200</onleft>
                    <onright>9200</onright>
                    <onup>9200</onup>
                    <ondown>9200</ondown>
                    <pagecontrol>60</pagecontrol>
                    <viewtype label="539">list</viewtype>
                    <scrolltime tween="quadratic">400</scrolltime>
                    <orientation>vertical</orientation>

                    <itemlayout width="476" height="100">

                        <control type="image">
                            <width>464</width>
                            <height>89</height>
                            <texture colordiffuse="PosterBorder" border="5">common/border-inner.png</texture>
                        </control>
                        <control type="image">
                            <width>89</width>
                            <height>89</height>
                            <texture>$INFO[ListItem.Icon]</texture>
                            <aspectratio>scale</aspectratio>
                        </control>
                        <control type="label">
                            <posx>437</posx>
                            <posy>-5</posy>
                            <width>300</width>
                            <align>right</align>
                            <aligny>center</aligny>
                            <textcolor>PanelFG</textcolor>
                            <label>$INFO[ListItem.Label]</label>
                            <animation effect="slide" end="0,18" condition="IsEmpty(ListItem.Label2)">Conditional</animation>
                        </control>
                        <control type="label">
                            <posx>437</posx>
                            <posy>28</posy>
                            <width>300</width>
                            <align>right</align>
                            <aligny>center</aligny>
                            <textcolor>PanelFG</textcolor>
                            <font>Font-ListInfo-Small</font>
                            <label>$INFO[ListItem.Label2]</label>
                        </control>

                    </itemlayout>

                    <focusedlayout width="476" height="100">

                        <control type="image">
                            <width>464</width>
                            <height>89</height>
                            <texture colordiffuse="PosterHighlight" border="5">common/border-inner.png</texture>
                        </control>
                        <control type="image">
                            <width>89</width>
                            <height>89</height>
                            <texture>$INFO[ListItem.Icon]</texture>
                            <aspectratio>scale</aspectratio>
                        </control>
                        <control type="label">
                            <posx>437</posx>
                            <posy>-5</posy>
                            <width>300</width>
                            <align>right</align>
                            <aligny>center</aligny>
                            <textcolor>Selected</textcolor>
                            <label>$INFO[ListItem.Label]</label>
                            <animation effect="slide" end="0,18" condition="IsEmpty(ListItem.Label2)">Conditional</animation>
                        </control>
                        <control type="label">
                            <posx>437</posx>
                            <posy>28</posy>
                            <width>300</width>
                            <align>right</align>
                            <aligny>center</aligny>
                            <textcolor>Selected</textcolor>
                            <font>Font-ListInfo-Small</font>
                            <label>$INFO[ListItem.Label2]</label>
                        </control>

                    </focusedlayout>
                    <content>
                        
                        <item id="25">
                            <description>Widget / Background</description>
                            <label>31202</label>
                            <icon>special://skin/extras/icons/configure.png</icon>
                            <onclick>SetProperty(item,$INFO[Window(3068).Property(item)],3065)</onclick>
                            <onclick>ActivateWindow(3065)</onclick>
                        </item>
                        
                        <item id="18">
                            <description>Color</description>
                            <label>31164</label>
                            <label2>31201</label2>
                            <icon>special://skin/extras/icons/configure.png</icon>
                            <onclick>SetProperty(item,$INFO[Window(3068).Property(item)],3062)</onclick>
                            <onclick>ActivateWindow(3062)</onclick>
                        </item>

                        <item id="20">
                            <description>Done</description>
                            <label>186</label>
                            <icon>special://skin/extras/icons/close.png</icon>
                            <onclick>Close</onclick>					
                        </item>
                        
                        
                        
                        

					</content>

                </control>

            </control>

		</control>
		
		
	    
	</controls>
</window>
