﻿<?xml version="1.0" encoding="UTF-8"?>
<!-- Foundation -->
<window type="dialog" id="3067">
	<defaultcontrol always="true">9200</defaultcontrol>
	<onunload>ClearProperty(item,3067)</onunload>
	<allowoverlay>true</allowoverlay>
	<controls>
        <control type="group">
            
			
			<control type="group">
			    <visible>!Window.IsVisible(DialogSelect.xml)</visible>
			    <visible>!Window.IsVisible(FileBrowser.xml)</visible>
			    <visible>!Window.IsVisible(3062)</visible>
			    <include>Animation.FadeIn</include>
			    <include>Animation.FadeOut</include>

                <control type="list" id="9200">
                    <posx>470r</posx>
                    <posy>280</posy>
                    <width>1904</width>
                    <height>700</height>
                    <onleft>9200</onleft>
                    <onright>9200</onright>
                    <onup>9200</onup>
                    <ondown>9200</ondown>
                    <pagecontrol>60</pagecontrol>
                    <viewtype label="539">list</viewtype>
                    <scrolltime tween="quadratic">400</scrolltime>
                    <orientation>vertical</orientation>

                    <itemlayout width="476" height="100">

                        <control type="image">
                            <width>464</width>
                            <height>89</height>
                            <texture colordiffuse="PosterBorder" border="5">common/border-inner.png</texture>
                        </control>
                        <control type="image">
                            <width>89</width>
                            <height>89</height>
                            <texture>$INFO[ListItem.Icon]</texture>
                            <aspectratio>scale</aspectratio>
                        </control>
                        <control type="label">
                            <posx>437</posx>
                            <posy>-5</posy>
                            <width>300</width>
                            <align>right</align>
                            <aligny>center</aligny>
                            <textcolor>PanelFG</textcolor>
                            <label>$INFO[ListItem.Label]</label>
                            <animation effect="slide" end="0,18" condition="IsEmpty(ListItem.Label2)">Conditional</animation>
                        </control>
                        <control type="label">
                            <posx>437</posx>
                            <posy>28</posy>
                            <width>300</width>
                            <align>right</align>
                            <aligny>center</aligny>
                            <textcolor>PanelFG</textcolor>
                            <font>Font-ListInfo-Small</font>
                            <label>$INFO[ListItem.Label2]</label>
                        </control>

                    </itemlayout>

                    <focusedlayout width="476" height="100">

                        <control type="image">
                            <width>464</width>
                            <height>89</height>
                            <texture colordiffuse="PosterHighlight" border="5">common/border-inner.png</texture>
                        </control>
                        <control type="image">
                            <width>89</width>
                            <height>89</height>
                            <texture>$INFO[ListItem.Icon]</texture>
                            <aspectratio>scale</aspectratio>
                        </control>
                        <control type="label">
                            <posx>437</posx>
                            <posy>-5</posy>
                            <width>300</width>
                            <align>right</align>
                            <aligny>center</aligny>
                            <textcolor>Selected</textcolor>
                            <label>$INFO[ListItem.Label]</label>
                            <animation effect="slide" end="0,18" condition="IsEmpty(ListItem.Label2)">Conditional</animation>
                        </control>
                        <control type="label">
                            <posx>437</posx>
                            <posy>28</posy>
                            <width>300</width>
                            <align>right</align>
                            <aligny>center</aligny>
                            <textcolor>Selected</textcolor>
                            <font>Font-ListInfo-Small</font>
                            <label>$INFO[ListItem.Label2]</label>
                        </control>

                    </focusedlayout>
                    <content>
                        <item id="10">
                            <description>Custom Addon</description>
                            <label>31163</label>
                            <label2>24001</label2>
                            <icon>special://skin/extras/icons/configure.png</icon>
                            <onclick>Skin.SetAddon(HomeAddon.Path,xbmc.addon.video)</onclick>
                            <onclick>Skin.SetString($INFO[Window(3067).Property(item),,.Path],RunAddon($INFO[Skin.String(HomeAddon.Path)]))</onclick>
                            <onclick>Skin.SetString($INFO[Window(3067).Property(item),,.label],$INFO[System.AddonTitle($INFO[Skin.String(HomeAddon.Path)])])</onclick>
                            <onclick>Skin.SetString($INFO[Window(3067).Property(item),,.icon],$INFO[System.AddonIcon($INFO[Skin.String(HomeAddon.Path)])])</onclick>
                            <onclick>Skin.SetString($INFO[Window(3067).Property(item),,.label])</onclick>
                            <onclick>SetProperty(showimages,1,home)</onclick>
                            <onclick>Skin.SetFile($INFO[Window(3067).Property(item),,.icon],.png|.jpg|.gif,special://skin/extras/icons/)</onclick>
                            <onclick>Skin.SetBool($INFO[Window(3067).Property(item),,.enabled])</onclick>
                        </item>
                        
                        <item id="13">
                            <description>Custom Video Playlist</description>
                            <label>31163</label>
                            <label2>20012</label2>
                            <icon>special://skin/extras/icons/configure.png</icon>
                            <onclick>Skin.SetFile(item.addon,.xsp|.m3u,special://profile/playlists/video/)</onclick>
                            <onclick>Skin.SetString($INFO[Window(3067).Property(item),,.Path],ActivateWindow(Videos,$INFO[Skin.String(item.addon)],return))</onclick>
                            <onclick>Skin.SetString($INFO[Window(3067).Property(item),,.label])</onclick>
                            <onclick>SetProperty(showimages,1,home)</onclick>
                            <onclick>Skin.SetFile($INFO[Window(3067).Property(item),,.icon],.png|.jpg|.gif,special://skin/extras/icons/)</onclick>						
                            <onclick>Skin.SetBool($INFO[Window(3067).Property(item),,.enabled])</onclick>
                        </item>

                        <item id="15">
                            <description>Custom Path</description>
                            <label>31164</label>
                            <label2>748</label2>
                            <icon>special://skin/extras/icons/configure.png</icon>
                            <onclick>Skin.SetBool($INFO[Window(3067).Property(item),,.enabled])</onclick>
                            <onclick>Skin.SetString($INFO[Window(3067).Property(item),,.Path])</onclick>
                        </item>
                        
                        <item id="16">
                            <description>Custom Label</description>
                            <label>31164</label>
                            <label2>13334</label2>
                            <icon>special://skin/extras/icons/configure.png</icon>
                            <onclick>Skin.SetString($INFO[Window(3067).Property(item),,.label])</onclick>
                        </item>
                        
                        <item id="18">
                            <description>Custom Icon</description>
                            <label>31164</label>
                            <label2>31165</label2>
                            <icon>special://skin/extras/icons/configure.png</icon>
                            <onclick>SetProperty(showimages,1,home)</onclick>
                            <onclick>Skin.SetFile($INFO[Window(3067).Property(item),,.icon],.png|.jpg|.gif,special://skin/extras/icons/)</onclick>						
                        </item>

                        
                        <item id="17">
                            <description>Remove</description>
                            <label>117</label>
                            <icon>special://skin/extras/icons/forbidden.png</icon>
                            <onclick>Skin.Reset($INFO[Window(3067).Property(item),,.label])</onclick>
                            <onclick>Skin.Reset($INFO[Window(3067).Property(item),,.icon])</onclick>
                            <onclick>Skin.Reset($INFO[Window(3067).Property(item),,.enabled])</onclick>	
                            <onclick>Close</onclick>
                            					
                        </item>
                        
                        <item id="18">
                            <description>Done</description>
                            <label>186</label>
                            <icon>special://skin/extras/icons/close.png</icon>
                            <onclick>Close</onclick>				
                        </item>
                        
                        
                        
                        

					</content>

                </control>

            </control>

		</control>
		
		
	    
	</controls>
</window>