﻿<?xml version="1.0" encoding="UTF-8"?>
<!-- Foundation -->
<window type="dialog" id="3062">
	<defaultcontrol always="true">9200</defaultcontrol>
	<onunload>ClearProperty(item,3062)</onunload>
	<allowoverlay>true</allowoverlay>
	<controls>
        <control type="group">
			
			<control type="group">
			    <posx>233</posx>
			    <posy>40</posy>
			    <visible>!Window.IsVisible(DialogSelect.xml)</visible>
			    <visible>!Window.IsVisible(FileBrowser.xml)</visible>
			    <include>DefSideLabel</include>
                <control type="panel" id="9200">
                    <posx>18</posx>
                    <posy>210</posy>
                    <width>1434</width>
                    <height>420</height>
                    <onleft>60</onleft>
                    <onright>450</onright>
                    <onup>450</onup>
                    <ondown>450</ondown>
                    <pagecontrol>60</pagecontrol>
                    <viewtype label="539">list</viewtype>
                    <scrolltime tween="quadratic">400</scrolltime>
                    <orientation>vertical</orientation>

                    <itemlayout width="476" height="140">

                        <control type="image">
                            <width>464</width>
                            <height>129</height>
                            <texture colordiffuse="PosterBorder" border="5">common/border-inner.png</texture>
                        </control>
                        
                        <control type="image">
                            <posx>11</posx>
                            <posy>11</posy>  
                            <width>107</width>
                            <height>107</height>
                            <texture>common/white.png</texture>
                            <aspectratio>scale</aspectratio>
                            <colordiffuse>HomeCustom1</colordiffuse>
                            <visible>stringcompare(ListItem.Label2,HomeCustom1)</visible>
                        </control>
                        <control type="image">
                            <posx>11</posx>
                            <posy>11</posy>  
                            <width>107</width>
                            <height>107</height>
                            <texture>common/white.png</texture>
                            <aspectratio>scale</aspectratio>
                            <colordiffuse>HomeCustom2</colordiffuse>
                            <visible>stringcompare(ListItem.Label2,HomeCustom2)</visible>
                        </control>
                        <control type="image">
                            <posx>11</posx>
                            <posy>11</posy>  
                            <width>107</width>
                            <height>107</height>
                            <texture>common/white.png</texture>
                            <aspectratio>scale</aspectratio>
                            <colordiffuse>HomeCustom3</colordiffuse>
                            <visible>stringcompare(ListItem.Label2,HomeCustom3)</visible>
                        </control>
                        <control type="image">
                            <posx>11</posx>
                            <posy>11</posy>  
                            <width>107</width>
                            <height>107</height>
                            <texture>common/white.png</texture>
                            <aspectratio>scale</aspectratio>
                            <colordiffuse>HomeCustom4</colordiffuse>
                            <visible>stringcompare(ListItem.Label2,HomeCustom4)</visible>
                        </control>
                        <control type="image">
                            <posx>11</posx>
                            <posy>11</posy>  
                            <width>107</width>
                            <height>107</height>
                            <texture>common/white.png</texture>
                            <aspectratio>scale</aspectratio>
                            <colordiffuse>HomeCustom5</colordiffuse>
                            <visible>stringcompare(ListItem.Label2,HomeCustom5)</visible>
                        </control>
                        <control type="image">
                            <posx>11</posx>
                            <posy>11</posy>  
                            <width>107</width>
                            <height>107</height>
                            <texture>common/white.png</texture>
                            <aspectratio>scale</aspectratio>
                            <colordiffuse>HomeCustom6</colordiffuse>
                            <visible>stringcompare(ListItem.Label2,HomeCustom6)</visible>
                        </control>
                        <control type="image">
                            <posx>11</posx>
                            <posy>11</posy>  
                            <width>107</width>
                            <height>107</height>
                            <texture>common/white.png</texture>
                            <aspectratio>scale</aspectratio>
                            <colordiffuse>HomeCustom7</colordiffuse>
                            <visible>stringcompare(ListItem.Label2,HomeCustom7)</visible>
                        </control>
                        <control type="image">
                            <posx>11</posx>
                            <posy>11</posy>  
                            <width>107</width>
                            <height>107</height>
                            <texture>common/white.png</texture>
                            <aspectratio>scale</aspectratio>
                            <colordiffuse>HomeCustom8</colordiffuse>
                            <visible>stringcompare(ListItem.Label2,HomeCustom8)</visible>
                        </control>
                        <control type="label">
                            <posx>437</posx>
                            <posy>33</posy>
                            <width>300</width>
                            <align>right</align>
                            <aligny>center</aligny>
                            <label>$INFO[ListItem.Label]</label>
                        </control>

                    </itemlayout>

                    <focusedlayout width="476" height="140">

                        <control type="image">
                            <width>464</width>
                            <height>129</height>
                            <texture colordiffuse="PosterHighlight" border="5">common/border-inner.png</texture>
                        </control>
                        <control type="image">
                            <posx>11</posx>
                            <posy>11</posy>  
                            <width>107</width>
                            <height>107</height>
                            <texture>common/white.png</texture>
                            <aspectratio>scale</aspectratio>
                            <colordiffuse>HomeCustom1</colordiffuse>
                            <visible>stringcompare(ListItem.Label2,HomeCustom1)</visible>
                        </control>
                        <control type="image">
                            <posx>11</posx>
                            <posy>11</posy>  
                            <width>107</width>
                            <height>107</height>
                            <texture>common/white.png</texture>
                            <aspectratio>scale</aspectratio>
                            <colordiffuse>HomeCustom2</colordiffuse>
                            <visible>stringcompare(ListItem.Label2,HomeCustom2)</visible>
                        </control>
                        <control type="image">
                            <posx>11</posx>
                            <posy>11</posy>  
                            <width>107</width>
                            <height>107</height>
                            <texture>common/white.png</texture>
                            <aspectratio>scale</aspectratio>
                            <colordiffuse>HomeCustom3</colordiffuse>
                            <visible>stringcompare(ListItem.Label2,HomeCustom3)</visible>
                        </control>
                        <control type="image">
                            <posx>11</posx>
                            <posy>11</posy>  
                            <width>107</width>
                            <height>107</height>
                            <texture>common/white.png</texture>
                            <aspectratio>scale</aspectratio>
                            <colordiffuse>HomeCustom4</colordiffuse>
                            <visible>stringcompare(ListItem.Label2,HomeCustom4)</visible>
                        </control>
                        <control type="image">
                            <posx>11</posx>
                            <posy>11</posy>  
                            <width>107</width>
                            <height>107</height>
                            <texture>common/white.png</texture>
                            <aspectratio>scale</aspectratio>
                            <colordiffuse>HomeCustom5</colordiffuse>
                            <visible>stringcompare(ListItem.Label2,HomeCustom5)</visible>
                        </control>
                        <control type="image">
                            <posx>11</posx>
                            <posy>11</posy>  
                            <width>107</width>
                            <height>107</height>
                            <texture>common/white.png</texture>
                            <aspectratio>scale</aspectratio>
                            <colordiffuse>HomeCustom6</colordiffuse>
                            <visible>stringcompare(ListItem.Label2,HomeCustom6)</visible>
                        </control>
                        <control type="image">
                            <posx>11</posx>
                            <posy>11</posy>  
                            <width>107</width>
                            <height>107</height>
                            <texture>common/white.png</texture>
                            <aspectratio>scale</aspectratio>
                            <colordiffuse>HomeCustom7</colordiffuse>
                            <visible>stringcompare(ListItem.Label2,HomeCustom7)</visible>
                        </control>
                        <control type="image">
                            <posx>11</posx>
                            <posy>11</posy>  
                            <width>107</width>
                            <height>107</height>
                            <texture>common/white.png</texture>
                            <aspectratio>scale</aspectratio>
                            <colordiffuse>HomeCustom8</colordiffuse>
                            <visible>stringcompare(ListItem.Label2,HomeCustom8)</visible>
                        </control>
                        <control type="label">
                            <posx>437</posx>
                            <posy>33</posy>
                            <width>300</width>
                            <align>right</align>
                            <aligny>center</aligny>
                            <textcolor>PanelFG</textcolor>
                            <label>$INFO[ListItem.Label]</label>
                        </control>
                    </focusedlayout>
                    <content>
                        
                        <item id="1">
                            <label>HomeCustom1</label>
                            <label2>HomeCustom1</label2>
                            <onclick>Skin.SetString($INFO[Window(3062).Property(item),,.bgcolor],HomeCustom1)</onclick>
                            <onclick>Close</onclick>
                        </item>
                        
                        <item id="2">
                            <label>HomeCustom2</label>
                            <label2>HomeCustom2</label2>
                            <onclick>Skin.SetString($INFO[Window(3062).Property(item),,.bgcolor],HomeCustom2)</onclick>
                            <onclick>Close</onclick>
                        </item>
                        
                        <item id="3">
                            <label>HomeCustom3</label>
                            <label2>HomeCustom3</label2>
                            <onclick>Skin.SetString($INFO[Window(3062).Property(item),,.bgcolor],HomeCustom3)</onclick>
                            <onclick>Close</onclick>
                        </item>
                        
                        <item id="4">
                            <label>HomeCustom4</label>
                            <label2>HomeCustom4</label2>
                            <onclick>Skin.SetString($INFO[Window(3062).Property(item),,.bgcolor],HomeCustom4)</onclick>
                            <onclick>Close</onclick>
                        </item>
                        
                        <item id="5">
                            <label>HomeCustom5</label>
                            <label2>HomeCustom5</label2>
                            <onclick>Skin.SetString($INFO[Window(3062).Property(item),,.bgcolor],HomeCustom5)</onclick>
                            <onclick>Close</onclick>
                        </item>
                        
                        <item id="6">
                            <label>HomeCustom6</label>
                            <label2>HomeCustom6</label2>
                            <onclick>Skin.SetString($INFO[Window(3062).Property(item),,.bgcolor],HomeCustom6)</onclick>
                            <onclick>Close</onclick>
                        </item>
                        
                        <item id="7">
                            <label>HomeCustom7</label>
                            <label2>HomeCustom7</label2>
                            <onclick>Skin.SetString($INFO[Window(3062).Property(item),,.bgcolor],HomeCustom7)</onclick>
                            <onclick>Close</onclick>
                        </item>
                        
                        <item id="8">
                            <label>HomeCustom8</label>
                            <label2>HomeCustom8</label2>
                            <onclick>Skin.SetString($INFO[Window(3062).Property(item),,.bgcolor],HomeCustom8)</onclick>
                            <onclick>Close</onclick>
                        </item>
                        
                        <item id="9">
                            <label>31163</label>
                            <onclick>Skin.SetString($INFO[Window(3062).Property(item),,.bgcolor])</onclick>
                            <onclick>Close</onclick>
                        </item>
                        

					</content>

                </control>

            </control>

		</control>
		
	    
	</controls>
</window>