﻿<?xml version="1.0" encoding="UTF-8"?>
<!-- Foundation -->
<window type="window" id="3201">
    <defaultcontrol always="true">9500</defaultcontrol>
    <allowoverlay>false</allowoverlay>
    <onload condition="IsEmpty(Window(home).Property(librarynode))">SetProperty(librarynode,videodb://movies/titles/,home)</onload>
    <onload>SetProperty(previoushub,3201,home)</onload>
    <controls>
        <include>GlobalBackground</include>
        <include>GlobalTopBar</include>
        <control type="button" description="Mouse Button">
            <posy>600</posy>
            <posx>1760</posx>
            <width>48</width>
            <height>48</height>
            <onclick condition="SubString(Window(home).Property(librarynode),videodb)">ActivateWindow(Videos,$INFO[Window(home).Property(librarynode)],return)</onclick>
            <texturenofocus flipx="false">common/right-arrow.png</texturenofocus>
            <texturefocus flipx="false">common/right-arrow.png</texturefocus>
            <aspectratio>keep</aspectratio>
            <animation effect="fade" end="75" condition="true">Conditional</animation>
            <animation effect="fade" start="0" end="100" delay="200" time="650" reversible="false">WindowOpen</animation>
            <animation effect="fade" start="0" end="100" delay="200" time="650" reversible="false">Visible</animation>
            <animation effect="fade" start="100" end="0" delay="0" time="0" reversible="false">WindowClose</animation>
            <animation effect="fade" start="100" end="0" delay="0" time="0" reversible="false">Hidden</animation>
            <include>DialogVisibility</include>
            
        </control>
        <control type="group">
            <posx>horzpad</posx>
            <posy>70</posy>
            <include>DialogVisibility</include>
            <include>Animation.SlideOpen.Right</include>
            
            
            <control type="label">
                <posx>984</posx>
                <posy>145</posy>
                <width>690</width>
                <font>Font-WidgetCategory</font>
                <label>15100</label>
                <animation effect="fade" end="25" condition="true">Conditional</animation>
            </control>
            
            <control type="list" id="9500">
                <posx>984</posx>
                <posy>listy</posy>
                <width>widgethubrightw</width>
                <height>700</height>
                <onright condition="SubString(Window(home).Property(librarynode),videodb)">ActivateWindow(Videos,$INFO[Window(home).Property(librarynode)],return)</onright>
                <onleft>9501</onleft>                
                <onup>9500</onup>
                <ondown>9500</ondown>
                <orientation>vertical</orientation>
                <itemlayout width="widgethubrightw" height="fivelinelist">
                    <control type="image">
                        <width>widgethubrightw</width>
                        <height>fivelineborder</height>
                        <texture colordiffuse="PosterBorder" border="5">common/border-inner.png</texture>
                    </control>
                    <control type="image">
                        <posx>globalpad</posx>
                        <posy>globalpad</posy>  
                        <width>fiveline</width>
                        <height>fiveline</height>
                        <texture>$INFO[ListItem.Icon]</texture>
                        <aspectratio>scale</aspectratio>
                        <visible>IsEmpty(ListItem.Property(Color))</visible>
                    </control>
                    <control type="image">
                        <posx>globalpad</posx>
                        <posy>globalpad</posy>  
                        <width>fiveline</width>
                        <height>fiveline</height>
                        <texture>$INFO[ListItem.Icon]</texture>
                        <aspectratio>scale</aspectratio>
                        <visible>!IsEmpty(ListItem.Property(Color))</visible>
                        <colordiffuse>PanelFG</colordiffuse>
                    </control>
                    <control type="label">
                        <posx>30r</posx>
                        <posy>15</posy>
                        <width>270</width>
                        <align>right</align>
                        <aligny>center</aligny>
                        <textcolor>PanelFG</textcolor>
                        <label>$INFO[ListItem.Label]</label>
                        <animation effect="slide" end="0,16" condition="IsEmpty(ListItem.Label2)">Conditional</animation>
                    </control>
                    <control type="label">
                        <posx>30r</posx>
                        <posy>48</posy>
                        <width>270</width>
                        <align>right</align>
                        <aligny>center</aligny>
                        <textcolor>PanelFG</textcolor>
                        <font>Font-ListInfo</font>
                        <label>$INFO[ListItem.Label2]</label>
                    </control>
                </itemlayout>
                <focusedlayout width="widgethubrightw" height="fivelinelist">
                    <control type="image">
                        <width>widgethubrightw</width>
                        <height>fivelineborder</height>
                        <texture border="12" colordiffuse="PosterHighlight">common/border-inner.png</texture>
                        <visible>Control.HasFocus(9500)</visible>
                        <animation condition="Container(9500).OnNext" reversible="false" effect="slide" start="0,-33" end="0,0" time="300" tween="back" easing="out">Focus</animation>
                        <animation condition="Container(9500).OnPrevious" reversible="false" effect="slide" start="0,33" end="0,0" time="300" tween="back" easing="out">Focus</animation>
                        
                    </control>
                    <control type="image">
                        <width>widgethubrightw</width>
                        <height>fivelineborder</height>
                        <texture colordiffuse="PosterBorder" border="5">common/border-inner.png</texture>
                        <visible>!Control.HasFocus(9500)</visible>
                    </control>
                    <control type="image">
                        <posx>globalpad</posx>
                        <posy>globalpad</posy>  
                        <width>fiveline</width>
                        <height>fiveline</height>
                        <texture>$INFO[ListItem.Icon]</texture>
                        <aspectratio>scale</aspectratio>
                        <visible>IsEmpty(ListItem.Property(Color))</visible>
                    </control>
                    <control type="image">
                        <posx>globalpad</posx>
                        <posy>globalpad</posy>  
                        <width>fiveline</width>
                        <height>fiveline</height>
                        <texture>$INFO[ListItem.Icon]</texture>
                        <aspectratio>scale</aspectratio>
                        <visible>!IsEmpty(ListItem.Property(Color))</visible>
                        <colordiffuse>PanelFG</colordiffuse>
                    </control>
                    <control type="label">
                        <posx>30r</posx>
                        <posy>15</posy>
                        <width>270</width>
                        <align>right</align>
                        <aligny>center</aligny>
                        <textcolor>Selected</textcolor>
                        <label>$INFO[ListItem.Label]</label>
                        <animation effect="slide" end="0,16" condition="IsEmpty(ListItem.Label2)">Conditional</animation>
                    </control>
                    <control type="label">
                        <posx>30r</posx>
                        <posy>48</posy>
                        <width>270</width>
                        <align>right</align>
                        <aligny>center</aligny>
                        <textcolor>Selected</textcolor>
                        <font>Font-ListInfo</font>
                        <label>$INFO[ListItem.Label2]</label>
                    </control>
                </focusedlayout>
                <content>
                    <include>QuickNavMoviesHub</include>
                </content>
            </control>
            <control type="label">
                <posx>listx</posx>
                <posy>145</posy>
                <width>globalh</width>
                <font>Font-WidgetCategory</font>
                <label>$VAR[MovieWidgetLabel]</label>
                <animation effect="fade" end="25" condition="true">Conditional</animation>
            </control>
            <control type="group">
                <posx>listx</posx>
                <posy>listy</posy>
                <control type="group">
                    <visible>!Control.HasFocus(9501)</visible>
                    <control type="image">
                        <width>955</width>
                        <height>globalh</height>
                        <texture colordiffuse="PosterBorder" border="5">common/border-inner.png</texture>
                    </control>
                    <control type="label">
                        <posx>20</posx>
                        <posy>555</posy>
                        <width>825</width>
                        <align>left</align>
                        <label>$INFO[Container(9501).ListItem.Label]$INFO[Container(9501).ListItem.Label2, (,)]</label>
                    </control>
                    <control type="label">
                        <posx>935</posx>
                        <posy>555</posy>
                        <width>915</width>
                        <align>right</align>
                        <font>Font-ListInfo-Small</font>
                        <label>$INFO[Container(9501).CurrentPage] $LOCALIZE[20163] $INFO[Container(9501).NumPages]</label>
                    </control>
                    <control type="textbox">
                        <posx>20</posx>
                        <posy>606</posy>
                        <width>915</width>
                        <height>70</height>
                        <align>left</align>
                        <font>Font-ListInfo-Small</font>
                        <label>$VAR[WidgetPlot]</label>
                    </control>
                </control>
                <control type="group">
                    <visible>Control.HasFocus(9501)</visible>
                    <control type="image">
                        <width>955</width>
                        <height>globalh</height>
                        <texture colordiffuse="PosterHighlight" border="5">common/border-inner.png</texture>
                    </control>
                    <control type="label">
                        <posx>20</posx>
                        <posy>555</posy>
                        <width>825</width>
                        <align>left</align>
                        <textcolor>Selected</textcolor>
                        <scroll>true</scroll>
                        <label>$INFO[Container(9501).ListItem.Label]$INFO[Container(9501).ListItem.Label2, (,)]</label>
                    </control>
                    <control type="label">
                        <posx>935</posx>
                        <posy>555</posy>
                        <width>915</width>
                        <align>right</align>
                        <font>Font-ListInfo-Small</font>
                        <textcolor>Selected</textcolor>
                        <label>$INFO[Container(9501).CurrentPage] $LOCALIZE[20163] $INFO[Container(9501).NumPages]</label>
                    </control>
                    <control type="textbox">
                        <posx>20</posx>
                        <posy>606</posy>
                        <width>915</width>
                        <height>70</height>
                        <align>left</align>
                        <font>Font-ListInfo-Small</font>
                        <textcolor>Selected</textcolor>
                        <label>$VAR[WidgetPlot]</label>
                    </control>
                </control>
                <control type="wraplist" id="9501">
                    <posx>globalpad</posx>
                    <posy>globalpad</posy>
                    <onright>9500</onright>
                    <width>935</width>
                    <height>538</height>
                    <orientation>vertical</orientation>
                    <preloaditems>1</preloaditems>
                    <autoscroll time="7000">!Control.HasFocus(9501)</autoscroll>
                    <scrolltime tween="cubic">500</scrolltime>
                    <itemlayout width="935" height="538">
                        <control type="image">
                            <width>935</width>
                            <height>538</height>
                            <texture>$VAR[WidgetFanart]</texture>
                            <aspectratio>scale</aspectratio>
                        </control>
                    </itemlayout>
                    <focusedlayout width="935" height="538">
                        <control type="image">
                            <width>935</width>
                            <height>538</height>
                            <texture>$VAR[WidgetFanart]</texture>
                            <aspectratio>scale</aspectratio>
                        </control>
                    </focusedlayout>
                    <include condition="!stringcompare(Skin.String(movie.widget),recommended) + !stringcompare(Skin.String(movie.widget),playlist)">ContentRandomMoviesWidget</include>
                    <include condition="stringcompare(Skin.String(movie.widget),recommended)">ContentRecommendedMoviesWidget</include>
                    <include condition="stringcompare(Skin.String(movie.widget),playlist)">ContentPlaylistMoviesWidget</include>
                </control>
                <control type="image">
                    <posx>globalpad</posx>
                    <posy>globalpad</posy>
                    <width>935</width>
                    <height>538</height>
                    <texture border="1" colordiffuse="BorderColor">common/border.png</texture>
                </control>
            </control>
        </control>
        
    </controls>
    </window>
