<?xml version="1.0" encoding="UTF-8"?>
<!-- Foundation -->
<window id="2000">
	<defaultcontrol always="true">3</defaultcontrol>
	<allowoverlay>yes</allowoverlay>
	<zorder>3</zorder>
    <onunload condition="!IsEmpty(Skin.String(Widget_Position)) + !IsEmpty(Skin.String(Widget_Favourite.Path))">RunScript(special://skin/extras/scripts/eminence_functions.py,setfavourite,$INFO[Skin.String(Widget_Position)],$INFO[Skin.String(Widget_Favourite.Path)],$INFO[Skin.String(Widget_Favourite.Label)])</onunload>
    <onunload condition="!IsEmpty(Skin.String(Widget_Position))">Skin.Reset(Widget_Position)</onunload>
    <onunload condition="!IsEmpty(Skin.String(Widget_Favourite.Path))">Skin.Reset(Widget_Favourite.Path)</onunload>
	<controls>
	    <control type="scrollbar" id="60">
		    <posx>243</posx>
            <posy>280</posy>
            <height>690</height>
            <texturesliderbar colordiffuse="PosterBorder">common/white.png</texturesliderbar>
            <onleft>6</onleft>
            <onright>6</onright>
            <include>Animation.SlideOpen.Right</include>
            <animation effect="fade" start="100" end="20" time="300" condition="!Control.HasFocus(60)">Conditional</animation>
        </control>
        <control type="group">
            <posx>253</posx>
            <posy>70</posy>
            <include>Animation.SlideOpen.Left</include>
            <control type="label" id="1" description="Info Label">
                <posx>1514</posx>
                <posy>210</posy>
                <aligny>top</aligny>
                <width>690</width>
                <font>Font-ViewCategory</font>
                <animation effect="rotate" start="0" end="270" condition="true" center="1514,210">Conditional</animation>
                <animation effect="fade" end="25" condition="true">Conditional</animation>
            </control>
        </control>

		<control type="group">
			<posy>160</posy>
			<animation effect="fade" start="100" end="0" time="400" condition="Window.IsVisible(SliderDialog) | Window.IsVisible(FileBrowser)">Conditional</animation>
            
            <include>Animation.FadeOut</include>
        
			<control type="list" id="3">
			    <include>Animation.SlideOpen.Right</include>            
				<posx>265</posx>
				<posy>120</posy>
				<width>1416</width>
				<height>690</height>
				<itemgap>3</itemgap>
				<orientation>vertical</orientation>
				<onleft>60</onleft>
				<onright>5</onright>
				<onup>3</onup>
				<ondown>3</ondown>
				<pagecontrol>60</pagecontrol>
				<itemlayout height="69" width="1438">

					<control type="label">
						<posx>30</posx>
						<width>1200</width>
						<height>66</height>
						<info>ListItem.Label</info>
						<textcolor>PanelFG-NF</textcolor>
						<selectedcolor>Highlight-NF</selectedcolor>
					</control>
					<control type="label">
						<posx>990</posx>
						<width>600</width>
						<height>66</height>
						<align>right</align>
						<info>ListItem.Label2</info>
						<font>Font-ListInfo</font>
						<textcolor>PanelFG-NF</textcolor>
						<selectedcolor>Highlight-NF</selectedcolor>
					</control>
				</itemlayout>
				<focusedlayout height="69" width="1438">
                    <control type="group">
                        <visible>Control.HasFocus(3)</visible>
                        <control type="image">
                            <width>1438</width>
                            <height>66</height>
                            <texture border="12">common/border-inner-highlight.png</texture>
                        </control>
                        <control type="label">
                            <posx>30</posx>
                            <width>1200</width>
                            <height>66</height>
                            <info>ListItem.Label</info>
                            <textcolor>PanelFG</textcolor>
                            <selectedcolor>Highlight-NF</selectedcolor>
                        </control>
                        <control type="label">
                            <posx>990</posx>
                            <width>600</width>
                            <height>66</height>
                            <align>right</align>
                            <info>ListItem.Label2</info>
                            <font>Font-ListInfo</font>
                            <textcolor>PanelFG</textcolor>
                            <selectedcolor>Highlight-NF</selectedcolor>
                        </control>
					</control>
					<control type="group">
                        <visible>!Control.HasFocus(3)</visible>
                        <control type="label">
                            <posx>30</posx>
                            <width>1200</width>
                            <height>66</height>
                            <info>ListItem.Label</info>
                            <textcolor>PanelFG</textcolor>
                            <selectedcolor>Highlight-NF</selectedcolor>
                        </control>
                        <control type="label">
                            <posx>990</posx>
                            <width>600</width>
                            <height>66</height>
                            <align>right</align>
                            <info>ListItem.Label2</info>
                            <font>Font-ListInfo</font>
                            <textcolor>PanelFG</textcolor>
                            <selectedcolor>Highlight-NF</selectedcolor>
                        </control>
					</control>
				</focusedlayout>

			</control>

            
			<control type="list" id="6">
			    <posx>265</posx>
				<posy>120</posy>
				<width>1030</width>
				<height>690</height>
				<itemgap>3</itemgap>
				<orientation>vertical</orientation>
				<onleft>60</onleft>
				<onright>5</onright>
				<onup>6</onup>
				<ondown>6</ondown>
				<pagecontrol>60</pagecontrol>
				<include>Animation.SlideOpen.Right</include>    
				<itemlayout height="138" width="1030">
					<control type="image">
						<posx>24</posx>
						<posy>12</posy>
						<width>111</width>
						<height>111</height>
						<texture fallback="DefaultAddonNone.png">$INFO[Listitem.Icon]</texture>
					</control>
					<control type="label">
						<posx>160</posx>
						<width>600</width>
						<height>135</height>
						<info>ListItem.Label</info>
						<font>Font-Button</font>
						<textcolor>PanelFG-NF</textcolor>
					</control>
					<control type="label">
						<posx>990</posx>
						<width>600</width>
						<height>135</height>
						<align>right</align>
						<info>ListItem.Label2</info>
						<font>Font-ListInfo</font>
						<textcolor>PanelFG-NF</textcolor>
					</control>
				</itemlayout>
				<focusedlayout height="138" width="1438">
                    <control type="group">
                        <visible>Control.HasFocus(6)</visible>
                        <control type="image">
                            <width>1030</width>
                            <height>135</height>
                            <texture border="12">common/border-inner-highlight.png</texture>
                        </control>
                        <control type="label">
                            <posx>160</posx>
                            <width>600</width>
                            <height>135</height>
                            <info>ListItem.Label</info>
                            <font>Font-Button</font>
                            <textcolor>PanelFG</textcolor>
                        </control>
                        <control type="label">
                            <posx>990</posx>
                            <width>600</width>
                            <height>135</height>
                            <align>right</align>
                            <info>ListItem.Label2</info>
                            <font>Font-ListInfo</font>
                            <textcolor>PanelFG</textcolor>
                        </control>
					</control>
					<control type="group">
                        <visible>!Control.HasFocus(6)</visible>
                        <control type="label">
                            <posx>160</posx>
                            <width>600</width>
                            <height>135</height>
                            <info>ListItem.Label</info>
                            <font>Font-Button</font>
                            <textcolor>PanelFG</textcolor>
                        </control>
                        <control type="label">
                            <posx>990</posx>
                            <width>600</width>
                            <height>135</height>
                            <align>right</align>
                            <info>ListItem.Label2</info>
                            <font>Font-ListInfo</font>
                            <textcolor>PanelFG</textcolor>
                        </control>
					</control>

					<control type="image">
						<posx>24</posx>
						<posy>12</posy>
						<width>111</width>
						<height>111</height>
						<texture fallback="DefaultAddonNone.png">$INFO[Listitem.Icon]</texture>
					</control>

				</focusedlayout>

			</control>
			
			<control type="group">
			    <include>Animation.SlideOpen.Left</include>    
			    <visible>Control.IsVisible(6)</visible>        
			    <posx>70</posx>
                <control type="label">
                    <description>addon information</description>
                    <posx>1284</posx>
                    <posy>460</posy>
                    <align>left</align>
                    <aligny>top</aligny>
                    <height>318</height>
                    <width>330</width>
                    <wrapmultiline>true</wrapmultiline>
                    <textcolor>Disabled</textcolor>
                    <font>Font-ListInfo</font>
                    <label>$INFO[Container(6).ListItem.Property(Addon.Description)]</label>
                </control>
                
                <control type="image">
                    <description>Large Icon Image</description>
                    <posx>1273</posx>
                    <posy>120</posy>
                    <width>330</width>
                    <height>330</height>
                    <texture fallback="DefaultAddonNone.png">$INFO[Container(6).ListItem.Icon]</texture>
                    <aspectratio align="center" aligny="top">keep</aspectratio>
                </control>
                
            </control>
            <control type="button" id="5">
                <posx>251</posx>
				<posy>51</posy>
				
				<width>1438</width>
				<height>66</height>
				<align>right</align>
				<ondown>3</ondown>
				<onright>3</onright>
				<onleft>3</onleft>
				
				<texturefocus>-</texturefocus>
				<focusedcolor>Highlight</focusedcolor>
				<include>Animation.FadeIn</include>
				<include>Animation.FadeOut</include>
            </control>
            
		</control>

	</controls>

</window>
