<?xml version="1.0" encoding="UTF-8"?>
<window id="147">
	<defaultcontrol>61</defaultcontrol>
	<controls>

        <control type="group">
			<posy>210</posy>
            <animation effect="slide" start="0,700" end="0" time="150">WindowOpen</animation>
            <include>Animation.FadeOut</include>
			<animation effect="fade" start="100" end="0" time="400" condition="Window.IsVisible(SliderDialog) | Window.IsVisible(FileBrowser)">Conditional</animation>

            <control type="image">
				<width>1920</width>
				<height>764</height>
				<texture border="5" colordiffuse="TopBar">common/white.png</texture>
            </control>
			<control type="label" id="1" description="Header">
                <posx>250</posx>
				<posy>48</posy>
				<width>870</width>
				<align>left</align>
				<font>Font-DialogHeader</font>
				<textcolor>TopBarIcon</textcolor>
			</control>
			<control type="textbox" id="5">
				<description>textarea</description>
                <posx>300</posx>
				<posy>120</posy>
				<width>1390</width>
				<height>549</height>
				<align>justify</align>
				<textcolor>TopBarIcon</textcolor>
				<selectedcolor>Highlight</selectedcolor>
				<focusedcolor>Highlight</focusedcolor>
				<animation effect="fade" end="66" condition="true">Conditional</animation>
			</control>

			<control type="scrollbar" id="61">
                <posx>265</posx>
				<posy>120</posy>
				<height>549</height>
				<onleft>Close</onleft>
				<onright>Close</onright>
				<ondown>61</ondown>
				<onup>61</onup>
			</control>
		</control>

	</controls>



</window>

