﻿<window type="dialog">
    <zorder>5</zorder>
    <defaultcontrol always="true">120</defaultcontrol>
	<controls>
		<control type="group">
		    <posy>-8</posy>
		    <include>Animation.FadeIn.Up</include>
            <include>Animation.FadeOut</include>
			
            <control type="image">
                <posy>210</posy>
				<posx>-10</posx>
				<width>1940</width>
				<height>764</height>
				<texture colordiffuse="TopBarDark" border="5">common/white.png</texture>
                <animation effect="fade" end="75" condition="true">Conditional</animation>
                <bordertexture colordiffuse="PosterBorder" border="5">common/border-inner.png</bordertexture>
                <bordersize>1</bordersize>
            </control>
            
			<control type="label" id="100">
				<description>Header Label</description>
				<textcolor>TopBarIcon</textcolor>
				<posx>265</posx>
				<posy>250</posy>
				<width>1438</width>
				<align>left</align>
				<font>Font-DialogHeader</font>
			</control>
			
			<control type="label" id="140">
				<description>Content Picker label</description>
				<posx>295</posx>
				<posy>310</posy>
				<width>1438</width>
				<align>left</align>
                <textcolor>Disabled</textcolor>
			</control>

			
			
			<control type="list" id="120">
				<posx>295</posx>
                <posy>380</posy>
                <width>1438</width>
				<height>540</height>
				<onup>120</onup>
				<onleft>150</onleft>
				<onright>150</onright>
				<ondown>120</ondown>
				<itemlayout height="69">
                    <control type="image">
						<posx>11</posx>
						<posy>11</posy>
						<width>44</width>
						<height>44</height>
						<texture fallback="DefaultAddonNone.png">subs/$INFO[ListItem.Thumb].png</texture>
					</control>
					<control type="label">
						<posx>77</posx>
						<width>1100</width>
						<height>66</height>
						<aligny>center</aligny>
						<label>$INFO[ListItem.Label,,  •  ]$INFO[ListItem.Label2]</label>
						<textcolor>TopBarIcon</textcolor>
					</control>

				</itemlayout>

				<focusedlayout height="69">
            
					<control type="image">
						<posx>11</posx>
						<posy>11</posy>
						<width>44</width>
						<height>44</height>
						<texture fallback="DefaultAddonNone.png">subs/$INFO[ListItem.Thumb].png</texture>
						<!--<texture>LeftRating/rating$INFO[ListItem.ActualIcon].png</texture>-->
					</control>
					<control type="label">
						<posx>77</posx>
						<width>1100</width>
						<height>66</height>
						<aligny>center</aligny>
						<label>$INFO[ListItem.Label,,  •  ]$INFO[ListItem.Label2]</label>
						<textcolor>Highlight</textcolor>
						<visible>Control.HasFocus(120)</visible>
					</control>
					<control type="label">
						<posx>77</posx>
						<width>1100</width>
						<height>66</height>
						<aligny>center</aligny>
						<label>$INFO[ListItem.Label,,  •  ]$INFO[ListItem.Label2]</label>
						<textcolor>TopBarIcon</textcolor>
						<visible>!Control.HasFocus(120)</visible>
					</control>
				</focusedlayout>

			</control>
			
			<control type="image" id="110">
				<posx>1522</posx>
                <posy>250</posy>
                <width>330</width>
                <height>120</height>
				<aspectratio align="center" aligny="top">keep</aspectratio>
			</control>
			
			<control type="button" id="160">
				<posx>1500</posx>
                <posy>596</posy>
                <width>450</width>
                <height>66</height>
                <label>31200</label>
                <ondown>150</ondown>
                <onleft>120</onleft>
                <align>left</align>
                <focusedcolor>Highlight</focusedcolor>
                <texturefocus>-</texturefocus>
			</control>
			
			<control type="list" id="150">
                <description>Button Area</description>
                <posx>1500</posx>
                <posy>665</posy>
                <width>450</width>
                <height>351</height>
                <onleft>120</onleft>
                <onright>120</onright>
                <onup>160</onup>
                <ondown>120</ondown>
                <orientation>vertical</orientation>
                <scrolltime>0</scrolltime>
                <itemlayout height="69">
					<control type="label">
						<posx>30</posx>
						<width>1200</width>
						<height>66</height>
						<aligny>center</aligny>
						<label>$INFO[ListItem.Label]</label>
						<textcolor>Disabled</textcolor>
						<selectedcolor>TopBarIcon</selectedcolor>
					</control>

				</itemlayout>

				<focusedlayout height="69">
                    <control type="label">
						<posx>30</posx>
						<width>1200</width>
						<height>66</height>
						<aligny>center</aligny>
						<label>$INFO[ListItem.Label]</label>
						<textcolor>Highlight</textcolor>
						<selectedcolor>Highlight</selectedcolor>
						<visible>Control.HasFocus(150)</visible>
					</control>
					<control type="label">
						<posx>30</posx>
						<width>1200</width>
						<height>66</height>
						<aligny>center</aligny>
						<label>$INFO[ListItem.Label]</label>
						<textcolor>Disabled</textcolor>
						<selectedcolor>TopBarIcon</selectedcolor>
						<visible>!Control.HasFocus(150)</visible>
					</control>
				</focusedlayout>
            </control>
				
			
			
		</control>
	</controls>
</window>
