<?xml version="1.0" encoding="UTF-8"?>
<!-- Foundation -->
<window id="10140">
	<defaultcontrol always="true">2</defaultcontrol>
	<allowoverlay>yes</allowoverlay>
	<controls>
	
	    <control type="group">
		    <posx>253</posx>
		    <posy>70</posy>
		    <include>Animation.SlideOpen.Left</include>
		    <control type="label" description="Info Label">
                <include>DefSideLabelCoords</include>
                <label>$INFO[ListItem.Label]</label>
            </control>
            <control type="label" id="20">
                <visible>false</visible>
            </control>
        </control>
        
        <control type="group">
			<posy>160</posy>
			<include>Animation.FadeIn</include>
            <include>Animation.FadeOut</include>
            <visible>!Window.IsVisible(SliderDialog)</visible>
            <visible>!Window.IsVisible(FileBrowser)</visible>
            <visible>!Window.IsVisible(LockSettings.xml)</visible>
            <visible>!Window.IsVisible(DialogSelect.xml)</visible>


            <!-- LEFT LIST -->
            <control type="grouplist" id="9">
                <include>DefSettingsLeftGroup</include>
                <onright>2</onright>
                <onleft>10</onleft>
                <onup>10</onup>
            </control>
            
            <control type="button" id="13">
                <description>Default Category Button</description>
                <include>DefSettingsCategoryButton</include>	
            </control>
            
            
            <!-- RIGHT LIST -->
			<control type="grouplist" id="2">
				<description>Control Area</description>
				<pagecontrol>10</pagecontrol>
				<include>DefSettingsRightGroup</include>
				<onleft>9</onleft>
				<onright>10</onright>
				<onup>-</onup>
				<ondown>-</ondown>
			</control>

			<control type="button" id="3">
                <description>Default Button</description>
                <align>left</align>
                <font>Font-ListInfo</font>
                <texturefocus border="12">common/border-inner-highlight.png</texturefocus>
            </control>

            <control type="radiobutton" id="4">
                <description>Default Radio Button</description>
                <radioposx>950</radioposx>
                <align>left</align>
                <font>Font-ListInfo</font>
                <texturefocus border="12">common/border-inner-highlight.png</texturefocus>
            </control>

            <control type="spincontrolex" id="5">
                <description>Default Spin Control</description>
                <align>left</align>
                <font>Font-ListInfo</font>
                <texturefocus border="12">common/border-inner-highlight.png</texturefocus>
            </control>

            <control type="label" id="7">
                <textoffsetx>30</textoffsetx>
                <label>-</label>
                <textcolor>Highlight-NF</textcolor>
            </control>

            <control type="image" id="6">
                <description>Default Seperator</description>
                <height>-3</height>
                <texture>-</texture>
            </control>

            <control type="sliderex" id="8">
                <description>Default Slider</description>
                <font>Font-ListInfo</font>
                <texturefocus border="12">common/border-inner-highlight.png</texturefocus>
            </control>
            
            
            <!-- OK CANCEL DEFAULTS -->
            <include>DefSettingsLines</include>
            <control type="grouplist">
                <posx>265</posx>
                <posy>705</posy>
                <width>1390</width>
                <align>center</align>
                <itemgap>32</itemgap>
                <onup>2</onup>
                <orientation>horizontal</orientation>
                <control type="button" id="10">
                    <label>186</label>
                    <include>DefSettingsOKCancelButton</include>

                </control>

                <control type="button" id="11">
                    <description>Cancel</description>
                    <label>222</label>

                    <include>DefSettingsOKCancelButton</include>
	
                </control>
                
                <control type="button" id="12">
                    <description>Defaults Button</description>
                    <label>409</label>

                    <include>DefSettingsOKCancelButton</include>

                </control>
            </control>
			
		</control>

        
	</controls>

</window>
