<?xml version="1.0" encoding="UTF-8"?>
<!-- Foundation -->
<window id="132">
	<defaultcontrol always="true">3</defaultcontrol>
	<allowoverlay>yes</allowoverlay>

	<controls>

        <control type="group">
			<posx>253</posx>
		    <posy>70</posy>
		    <visible>!Window.IsVisible(addonsettings)</visible>
            <visible>!Window.IsVisible(SliderDialog) + !Window.IsVisible(FileBrowser) + !Window.IsVisible(LockSettings.xml)</visible>
		    <include>Animation.SlideOpen.Left</include>
		    <control type="label" description="Info Label" id="20">
                <include>DefSideLabelCoords</include>
                <label>20333</label>
            </control>
        </control>
        
		<control type="group">
		    <visible>!Window.IsVisible(addonsettings)</visible>
		    <include>Animation.FadeIn</include>
            <include>Animation.FadeOut</include>
            <posy>160</posy>
            <include>DefSettingsLines</include>
            <!-- LEFT LIST -->
            <control type="label">
				<posx>290</posx>
				<posy>120</posy>
				<width>325</width>
				<label>$INFO[Control.GetLabel(3)]</label>
				<include>Animation.SlideOpen.Left</include>
			</control>
            <control type="grouplist" id="9100">
                <height>552</height>
                <include>DefSettingsLeftGroup</include>
                <onright>5</onright>
                <onleft>9101</onleft>
                <control type="group" id="3000">
                   <height>135</height>
                   <onright>5</onright>
                   <control type="spincontrolex" id="3">
                        <textoffsetx>30</textoffsetx>
                        <font>-</font>
                        <onright>5</onright>
                        <ondown>4</ondown>
			            <description>Directory Content</description>
			            <include>DefSettingsCategoryButton</include>
		            </control>
		            <control type="label">
		                <font>-</font>
			            <include>DefSettingsCategoryButton</include>
		            </control>
			    </control>
			    
			    <control type="list" id="4">
			        <height>414</height>
			        <onup>3</onup>
			        <onright>5</onright>
			        <onleft>9101</onleft>
				    <include>DefSettingsLeftGroup</include>
				    <itemlayout height="69">

					    <control type="label">
						    <posx>30</posx>
						    <width>325</width>
						    <info>ListItem.Label</info>
						    <selectedcolor>Highlight-NF</selectedcolor>
					    </control>

				    </itemlayout>

				    <focusedlayout height="69">
				        <control type="image">
				            <include>DefSettingsCategoryButton</include>
                            <visible>Control.HasFocus(4)</visible>
				            <texture border="12" colordiffuse="PosterBorder">common/border-inner.png</texture>
				        </control>

					    <control type="label">
					        <posx>30</posx>
				            <width>325</width>
						    <info>ListItem.Label</info>
						    <selectedcolor>Highlight</selectedcolor>
						    <textcolor>Selected</textcolor>
						    <visible>Control.HasFocus(4)</visible>
					    </control>
                        <control type="label">
						    <posx>30</posx>
						    <width>325</width>
						    <info>ListItem.Label</info>
						    <selectedcolor>Highlight-NF</selectedcolor>
						    <visible>!Control.HasFocus(4)</visible>
					    </control>
				    </focusedlayout>

			    </control>
            </control>
			


			

			<control type="grouplist" id="5">
			
			    <ondown>9101</ondown>
			    <onleft>3</onleft>
				<description>Control Area</description>
                <include>DefSettingsRightGroup</include>
			</control>

			<control type="button" id="7">
				<description>default</description>
				<radioposx>950</radioposx>
                <align>left</align>
                <font>Font-ListInfo</font>
                <texturefocus border="12">common/border-inner-highlight.png</texturefocus>
			</control>

			<control type="radiobutton" id="8">
				<description>radioButton</description>
				<radioposx>950</radioposx>
                <align>left</align>
                <font>Font-ListInfo</font>
                <texturefocus border="12">common/border-inner-highlight.png</texturefocus>
			</control>
		
            <control type="grouplist" id="9101">
                <onup>5</onup>
                <include>DefSettingsOKCancelGroup</include>
                <control type="button" id="28">
                    <description>Ok</description>
                    <label>186</label>
                    <include>DefSettingsOKCancelButton</include>
                </control>

                <control type="button" id="29">
                    <description>Cancel</description>
                    <label>222</label>
                    <include>DefSettingsOKCancelButton</include>
                </control>
                
                <control type="button" id="6">
                    <description>Settings</description>
                    <label>5</label>
                    <include>DefSettingsOKCancelButton</include>
                </control>
            </control>
         </control>


	</controls>

</window>
