<?xml version="1.0" encoding="UTF-8"?>
<!-- Foundation -->
<window>
	<defaultcontrol always="true">29</defaultcontrol>
	<allowoverlay>yes</allowoverlay>

	<controls>

		<control type="group">
            <posy>210</posy>
		    <include>Animation.FadeIn</include>
		    <include>Animation.FadeOut</include>
            <control type="group">   
                <control type="grouplist" id="9001">
                    <description>Button Area</description>
                    <include>DefSettingsLeftGroup</include>
                    <onleft>5</onleft>
                    <onright>5</onright>
                    <onup>9001</onup>
                    <ondown>9001</ondown>
                    <control type="button" id="28">
                        <description>OK Button</description>
                        <align>left</align>
                        <label>186</label>
                    </control>
                    <control type="button" id="29">
                        <description>Cancel</description>
                        <align>left</align>
                        <label>222</label>
                    </control>
                </control>
                <control type="label" id="2">
                    <include>DefSettingsHeader</include>
                </control>
            </control>
            
            <control type="group">
                <include>DefSettingsSeparator</include>      
       
                <control type="grouplist" id="5">
                    <description>Control Area</description>
                    <include>DefSettingsRightGroup</include>
                    <onleft>9001</onleft>
                    <onright>9001</onright>
                    <onup>5</onup>
                    <ondown>5</ondown>
                </control>
            </control>
        </control>

		<control type="button" id="7">
			<description>Default Button</description>
			<align>left</align>
			<font>Font-ListInfo</font>
		</control>

		<control type="radiobutton" id="8">
			<description>Default Radio Button</description>
			<radioposx>1360</radioposx>
			<align>left</align>
			<font>Font-ListInfo</font>
		</control>

		<control type="spincontrolex" id="9">
			<description>Default Spin Control</description>
			<align>left</align>
			<font>Font-ListInfo</font>
		</control>

	</controls>

</window>