<?xml version="1.0" encoding="UTF-8"?>
<!-- Foundation -->
<window>
	<defaultcontrol always="true">5</defaultcontrol>
	<allowoverlay>yes</allowoverlay>
    
	<controls>
		<control type="group">
			<posy>210</posy>
			<include>Animation.FadeIn</include>
            <include>Animation.FadeOut</include>
            <visible>!Window.IsVisible(SliderDialog) + !Window.IsVisible(FileBrowser) + !Window.IsVisible(LockSettings.xml) + !Window.IsVisible(DialogSelect.xml)</visible>

            <control type="label" id="2">
				<description>Header</description>
				<posx>250</posx>
				<posy>48</posy>
				<width>870</width>
				<align>left</align>
				<font>Font-DialogHeader</font>
			</control>
            
		
			<control type="grouplist" id="5">
				<description>Control Area</description>
				<posx>265</posx>
				<posy>120</posy>
				<width>920</width>
				<height>549</height>
				<itemgap>3</itemgap>
				<orientation>vertical</orientation>
				<onleft>5</onleft>
				<onright>28</onright>
				<onup>5</onup>
			</control>
			
            
			<control type="button" id="7">
				<description>Default Button</description>
				<align>left</align>
			</control>

			<control type="radiobutton" id="8">
				<description>Default RadioButton</description>
				<align>left</align>
				<radioposx>890</radioposx>

			</control>

			<control type="spincontrolex" id="9">
				<description>Default spincontrolex</description>
				<align>left</align>
				<reverse>yes</reverse>
				
			</control>
			
			<control type="sliderex" id="10">
				<description>Default spincontrolex</description>
				<align>left</align>
				
			</control>
			
			<control type="edit" id="12">
				<description>Default spincontrolex</description>
				<align>left</align>
				<height>66</height>
                <texturenofocus border="5" colordiffuse="PosterBorder-NF">common/border-inner.png</texturenofocus>
                <texturefocus border="5" colordiffuse="PosterBorder">common/border-inner.png</texturefocus>
            </control>
				
			
			<control type="group" id="9001">
                <posx>1273</posx>
				<posy>120</posy>
                <control type="button" id="28">
                    <label>186</label>
                    <align>left</align>
                    <onleft>5</onleft>
                    <ondown>27</ondown>
                </control>

                <control type="button" id="27">
                    <posy>69</posy>
                    <description>Cancel</description>
                    <align>left</align>
                    <label>192</label>
                    <onleft>5</onleft>
                    <onup>28</onup>
                </control>
            </control>


		</control>
	</controls>

</window>