<?xml version="1.0" encoding="UTF-8"?>
<!-- Foundation -->
<window id="145">
	<defaultcontrol always="true">11</defaultcontrol>
	<allowoverlay>yes</allowoverlay>
    <zorder>10</zorder>
	<controls>

		<control type="group">
			<posx>638</posx>
			<posy>0</posy>

			<control type="image">
			    <posx>-8</posx>
				<width>646</width>
				<height>110</height>
				<texture colordiffuse="TopBarDark" border="5">common/white.png</texture>
                <animation effect="fade" end="75" condition="true">Conditional</animation>
                <bordertexture colordiffuse="PosterBorder" border="5">common/border-inner.png</bordertexture>
                <bordersize>1</bordersize>
			</control>

			<control type="label" id="10">
				<description>Heading</description>
				<posx>15</posx>
				<width>375</width>
				<label>-</label>
				<textcolor>Highlight-NF</textcolor>
			</control>

			<control type="label" id="12">
				<description>Label</description>
				<posx>615</posx>
				<width>375</width>
				<label>-</label>
				<align>right</align>
			</control>

			<control type="slider" id="11">
				<description>Slider</description>
				<posx>15</posx>
				<posy>66</posy>
				<width>600</width>
				<onup>-</onup>
				<ondown>-</ondown>
				<onleft>11</onleft>
				<onright>11</onright>
			</control>

		</control>

	</controls>

</window>
