<?xml version="1.0" encoding="UTF-8"?>
<!-- Foundation -->
<window id="136">
	<defaultcontrol always="true">-</defaultcontrol>
	<allowoverlay>yes</allowoverlay>

	<controls>

        <include>HeaderLeftTile</include>
        
        <control type="image">
            <posy>42</posy>
            <posx>62</posx>
            <width>64</width>
            <height>64</height>	
            <texture>buttons/busy.gif</texture>
            <aspectratio align="center" aligny="center">keep</aspectratio>
        </control>
        
        <control type="label">
            <posx>0</posx>
            <posy>115</posy>
            <width>184</width>
            <aligny>top</aligny>
            <font>Font-Sublabel</font>
            <align>center</align>
            <textcolor>$VAR[HeaderColorFG]</textcolor>
            <label>20186</label>
        </control>
	</controls>

</window>
