﻿<?xml version="1.0" encoding="UTF-8"?>
<!-- Foundation -->
<window id="128">
	<defaultcontrol always="true">10</defaultcontrol>
	<allowoverlay>yes</allowoverlay>
    <zorder>10</zorder>

	<controls>

		<control type="group">
			<posy>210</posy>
            <animation effect="slide" start="0,700" end="0" time="200">WindowOpen</animation>
            <include>Animation.FadeOut</include>

            <control type="image">
				<width>1920</width>
				<height>764</height>
				<texture border="5" colordiffuse="TopBar">common/white.png</texture>
            </control>
            
            <control type="label" id="2">
				<description>Heading</description>
				<posx>250</posx>
				<posy>48</posy>
				<width>870</width>
				<align>left</align>
				<font>Font-DialogHeader</font>
				<textcolor>TopBarIcon</textcolor>
				<label>1007</label>
			</control>
			
			<control type="group">
			    <posx>310</posx>
                <posy>40</posy>
                <control type="spincontrolex" id="10">
                    <description>Protocol</description>
                    <posx>15</posx>
                    <posy>90</posy>
                    <width>1270</width>
                    <label>1008</label>
                    <onup>18</onup>
                    <ondown>11</ondown>
                    <onleft>10</onleft>
                    <onright>10</onright>
                    <texturefocus>-</texturefocus>
                    <texturenofocus>-</texturenofocus>
                    <disabledcolor>TopBarDisabled</disabledcolor>
                    <textureup colordiffuse="TopBarIcon" flipy="true">buttons/spin-down.png</textureup>
                    <texturedown colordiffuse="TopBarIcon">buttons/spin-down.png</texturedown>
                    <textureupfocus colordiffuse="Highlight" flipy="true">buttons/spin-down.png</textureupfocus>
                    <texturedownfocus colordiffuse="Highlight">buttons/spin-down.png</texturedownfocus>
                    <textcolor>TopBarIcon</textcolor>
                    <focusedcolor>Highlight</focusedcolor>
                </control>

                <control type="button" id="11">
                    <description>Server Address</description>
                    <posx>15</posx>
                    <posy>159</posy>
                    <width>1000</width>
                    <align>left</align>
                    <label>-</label>
                    <textoffsetx>30</textoffsetx>
                    <onup>10</onup>
                    <onleft>12</onleft>
                    <onright>12</onright>
                    <ondown>16</ondown>
                    <texturefocus>-</texturefocus>
                    <texturenofocus>-</texturenofocus>
                    <disabledcolor>TopBarDisabled</disabledcolor>
                    <textcolor>TopBarIcon</textcolor>
                    <focusedcolor>Highlight</focusedcolor>

                </control>

                <control type="button" id="12">
                    <description>Server Browse</description>
                    <posx>1060</posx>
                    <posy>159</posy>
                    <width>225</width>
                    <label>1024</label>
                    <onup>10</onup>
                    <onleft>11</onleft>
                    <onright>11</onright>
                    <ondown>16</ondown>
                    <texturefocus>-</texturefocus>
                    <texturenofocus>-</texturenofocus>
                    <disabledcolor>TopBarDisabled</disabledcolor>
                    <textcolor>TopBarIcon</textcolor>
                    <focusedcolor>Highlight</focusedcolor>
                </control>

                <control type="button" id="16">
                    <description>Remote</description>
                    <posx>15</posx>
                    <posy>228</posy>
                    <width>1270</width>
                    <label>-</label>
                    <onup>11</onup>
                    <onleft>16</onleft>
                    <onright>16</onright>
                    <ondown>13</ondown>
                    <texturefocus>-</texturefocus>
                    <texturenofocus>-</texturenofocus>
                    <disabledcolor>TopBarDisabled</disabledcolor>
                    <textcolor>TopBarIcon</textcolor>
                    <focusedcolor>Highlight</focusedcolor>
                </control>

                <control type="button" id="13">
                    <description>Port</description>
                    <posx>15</posx>
                    <posy>297</posy>
                    <width>1270</width>
                    <label>1013</label>
                    <onup>16</onup>
                    <onleft>13</onleft>
                    <onright>13</onright>
                    <ondown>14</ondown>
                    <texturefocus>-</texturefocus>
                    <texturenofocus>-</texturenofocus>
                    <disabledcolor>TopBarDisabled</disabledcolor>
                    <textcolor>TopBarIcon</textcolor>
                    <focusedcolor>Highlight</focusedcolor>
                </control>

                <control type="button" id="14">
                    <description>Username</description>
                    <posx>15</posx>
                    <posy>366</posy>
                    <width>1270</width>
                    <align>left</align>
                    <label>1014</label>
                    <onup>13</onup>
                    <onleft>14</onleft>
                    <onright>14</onright>
                    <ondown>15</ondown>
                    <texturefocus>-</texturefocus>
                    <texturenofocus>-</texturenofocus>
                    <disabledcolor>TopBarDisabled</disabledcolor>
                    <textcolor>TopBarIcon</textcolor>
                    <focusedcolor>Highlight</focusedcolor>
                </control>

                <control type="button" id="15">
                    <description>password</description>
                    <posx>15</posx>
                    <posy>435</posy>
                    <width>1270</width>
                    <align>left</align>
                    <label>15052</label>
                    <onup>14</onup>
                    <onleft>15</onleft>
                    <onright>15</onright>
                    <ondown>18</ondown>
                    <texturefocus>-</texturefocus>
                    <texturenofocus>-</texturenofocus>
                    <disabledcolor>TopBarDisabled</disabledcolor>
                    <textcolor>TopBarIcon</textcolor>
                    <focusedcolor>Highlight</focusedcolor>
                </control>

                <control type="button" id="18">
                    <description>Ok</description>
                    <posx>290</posx>
                    <posy>587</posy>
                    <width>300</width>
                    <label>186</label>
                    <onup>15</onup>
                    <onleft>19</onleft>
                    <onright>19</onright>
                    <ondown>10</ondown>
                    <texturefocus>-</texturefocus>
                    <texturenofocus>-</texturenofocus>
                    <disabledcolor>TopBarDisabled</disabledcolor>
                    <textcolor>TopBarIcon</textcolor>
                    <focusedcolor>Highlight</focusedcolor>
                </control>

                <control type="button" id="19">
                    <description>Cancel</description>
                    <posx>710</posx>
                    <posy>587</posy>
                    <width>300</width>
                    <label>222</label>
                    <onup>15</onup>
                    <onleft>18</onleft>
                    <onright>18</onright>
                    <ondown>10</ondown>
                    <texturefocus>-</texturefocus>
                    <texturenofocus>-</texturenofocus>
                    <disabledcolor>TopBarDisabled</disabledcolor>
                    <textcolor>TopBarIcon</textcolor>
                    <focusedcolor>Highlight</focusedcolor>
                </control>
			</control>

		</control>

	</controls>

</window>
