﻿<?xml version="1.0" encoding="UTF-8"?>
<window id="100">
	<defaultcontrol always="true">10</defaultcontrol>
	<allowoverlay>yes</allowoverlay>
	<zorder>4</zorder>
    <controls>
	    <control type="image">
	        <include>Dimensions_Fullscreen</include>
	        <texture>common/white.png</texture>
	        <colordiffuse>PanelBG</colordiffuse>
	        <animation effect="fade" end="75" condition="true">Conditional</animation>
	        <include>Animation.FadeIn</include>
	    </control>
        <include>GlobalLeftHeader</include>
        <control type="group">		
            <animation effect="slide" start="1920" end="0" delay="0" time="200">WindowOpen</animation>
            <animation effect="slide" start="1920" end="0" delay="0" time="200">Visible</animation>
            <control type="image">
                <posy>18</posy>
                <posx>198</posx>
                <width>254</width>
                <height>164</height>	
                <texture align="left">home/half-tile.png</texture>
                <colordiffuse>$VAR[HeaderColorBG]</colordiffuse>
                <aspectratio>scale</aspectratio>
            </control>
            <control type="image">
                <posy>18</posy>
                <posx>300</posx>
                <width>1800</width>
                <height>164</height>	
                <texture>common/white.png</texture>
                <colordiffuse>$VAR[HeaderColorBG]</colordiffuse>
                <aspectratio>scale</aspectratio>
            </control>	
            <control type="group">
                <animation effect="slide" end="0,16" condition="IsEmpty(Control.GetLabel(3))">Conditional</animation>
                <animation effect="slide" end="0,16" condition="IsEmpty(Control.GetLabel(4))">Conditional</animation>
                <control type="label" id="1">
                    <posx>1100</posx>
                    <posy>14</posy>
                    <width>700</width>
                    <align>left</align>
                    <font>Font-Button</font>
                    <align>left</align>
                    <textcolor>$VAR[HeaderColorFG]</textcolor>
                </control>	
                <control type="label" id="2">
                    <posx>1100</posx>
                    <posy>50</posy>
                    <width>700</width>
                    <align>left</align>
                    <font>Font-ListInfo</font>
                    <textcolor>$VAR[HeaderColorFG]</textcolor>
                </control>
                <control type="label" id="3">
                    <posx>1100</posx>
                    <posy>82</posy>
                    <width>700</width>
                    <font>Font-ListInfo</font>
                    <align>left</align>
                    <textcolor>$VAR[HeaderColorFG]</textcolor>
                </control>	
                <control type="label" id="4">
                    <posx>1100</posx>
                    <posy>114</posy>
                    <width>700</width>
                    <font>Font-ListInfo</font>
                    <align>left</align>
                    <textcolor>$VAR[HeaderColorFG]</textcolor>
                </control>					
            </control>

            <control type="button" id="11">
                <posx>250</posx>
                <posy>29</posy>
                <width>334</width>
                <height>142</height>
                <onright>10</onright>
                <texturefocus>-</texturefocus>
                <textcolor>$VAR[HeaderColorFG]</textcolor>
                <focusedcolor>Highlight</focusedcolor>
            </control>
        
            <control type="button" id="10">
                <posx>584</posx>
                <posy>29</posy>
                <width>334</width>
                <height>142</height>
                <onleft>11</onleft>
                <texturefocus>-</texturefocus>
                <textcolor>$VAR[HeaderColorFG]</textcolor>
                <focusedcolor>Highlight</focusedcolor>
            </control>

        </control>
	</controls>

</window>
