<?xml version="1.0" encoding="UTF-8"?>
<!-- Foundation -->
<window id="2001">
	<defaultcontrol always="true">9000</defaultcontrol>
	<allowoverlay>yes</allowoverlay>
    <include>Animation.SlideOpen.Left</include>
    <onunload>ClearProperty(9000Focus,home)</onunload>
	<controls>

		<control type="group">
		    <posx>233</posx>
		    <posy>70</posy>
		    <animation effect="slide" end="-233" start="0" time="200" condition="ControlGroup(9500).HasFocus()">Conditional</animation>
		    <include>DialogVisibility</include>
		    <control type="label" description="Info Label">
                <include>DefSideLabelCoords</include>
                <label>$INFO[ListItem.Artist]</label>
                <visible>!Container.Content(albums)</visible>
                <visible>!ControlGroup(9500).HasFocus()</visible>
            </control>
            <control type="label" description="Info Label">
                <include>DefSideLabelCoords</include>
                <label>$INFO[ListItem.Album]</label>
                <visible>Container.Content(albums)</visible>
                <visible>!ControlGroup(9500).HasFocus()</visible>
            </control>
		    <control type="group" description="Poster">
                <posx>18</posx>
                <posy>210</posy>
                <control type="image">
                    <width>467</width>
                    <height>690</height>
                    <texture colordiffuse="PosterBorder" border="5">common/border-inner.png</texture>
                </control>
                <control type="image">
                    <posx>11</posx>
                    <posy>11</posy>
                    <width>445</width>
                    <height>445</height>
                    <fadetime>200</fadetime>
                    <texture background="true">$VAR[PosterImage]</texture>
                    <aspectratio aligny="top">scale</aspectratio>
                </control>
                <control type="label">
                    <posx>11</posx>
                    <posy>456</posy>
                    <width>445</width>
                    <height>223</height>
                    <align>center</align>
                    <aligny>center</aligny>
                    <font>Font-ListInfo</font>
                    <label>$INFO[ListItem.Artist,[B],[/B]]$INFO[ListItem.Album,[CR][CR],]</label>
                    <textcolor>Selected</textcolor>
                    <wrapmultiline>true</wrapmultiline>
                </control>
                <include>DefInformationNavLabel</include>
            </control>
            <control type="grouplist">
		        <posx>509</posx>
		        <posy>210</posy>
		        <usecontrolcoords>true</usecontrolcoords>
		        <orientation>vertical</orientation>
                <control type="label">
                    <width>600</width>
                    <height>32</height>
                    <align>left</align>
                    <aligny>top</aligny>
                    <font>Font-Button</font>
                    <label>175</label>
                </control>
                <control type="label">
                    <width>600</width>
                    <height>64</height>
                    <align>left</align>
                    <aligny>top</aligny>
                    <font>Font-ListInfo</font>
                    <label fallback="416">$INFO[ListItem.Property(Artist_Mood)]$INFO[ListItem.Property(Album_Mood)]</label>
                </control>
                <control type="label">
                    <width>600</width>
                    <height>32</height>
                    <align>left</align>
                    <aligny>top</aligny>
                    <font>Font-Button</font>
                    <label>176</label>
                </control>
                <control type="label">
                    <width>600</width>
                    <height>64</height>
                    <align>left</align>
                    <aligny>top</aligny>
                    <font>Font-ListInfo</font>
                    <label fallback="416">$INFO[ListItem.Property(Artist_Style)]$INFO[ListItem.Property(Album_Style)]</label>
                </control>
                <control type="label">
                    <width>600</width>
                    <height>32</height>
                    <align>left</align>
                    <aligny>top</aligny>
                    <font>Font-Button</font>
                    <label>515</label>
                </control>
                <control type="label">
                    <width>600</width>
                    <height>64</height>
                    <align>left</align>
                    <aligny>top</aligny>
                    <font>Font-ListInfo</font>
                    <label fallback="416">$INFO[ListItem.Genre]</label>
                </control>
                <control type="label">
                    <width>600</width>
                    <height>32</height>
                    <align>left</align>
                    <aligny>top</aligny>
                    <font>Font-Button</font>
                    <label>573</label>
                </control>
                <control type="label">
                    <width>600</width>
                    <height>64</height>
                    <align>left</align>
                    <aligny>top</aligny>
                    <font>Font-ListInfo</font>
                    <label fallback="416">$INFO[ListItem.FileNameAndPath]</label>
                    <scroll>true</scroll>
                </control>
            </control>
            <control type="grouplist">
		        <posx>539</posx>
		        <posy>210</posy>
		        <usecontrolcoords>true</usecontrolcoords>
		        <orientation>vertical</orientation>
                <control type="label">
                    <posx>917</posx>
                    <width>300</width>
                    <height>32</height>
                    <align>right</align>
                    <aligny>top</aligny>
                    <font>Font-Button</font>
                    <label>21898</label>
                </control>
                <control type="label">
                    <posx>917</posx>
                    <width>300</width>
                    <height>64</height>
                    <align>right</align>
                    <aligny>top</aligny>
                    <font>Font-ListInfo</font>
                    <label fallback="416">$INFO[ListItem.Property(Artist_YearsActive)]</label>
                </control>
                <control type="label">
                    <posx>917</posx>
                    <width>300</width>
                    <height>32</height>
                    <align>right</align>
                    <aligny>top</aligny>
                    <font>Font-Button</font>
                    <label>564</label>
                </control>
                <control type="label">
                    <posx>917</posx>
                    <width>300</width>
                    <height>64</height>
                    <align>right</align>
                    <aligny>top</aligny>
                    <font>Font-ListInfo</font>
                    <label fallback="416">$INFO[ListItem.Property(Album_Type)]</label>
                </control>
                <control type="label">
                    <posx>917</posx>
                    <width>300</width>
                    <height>32</height>
                    <align>right</align>
                    <aligny>top</aligny>
                    <font>Font-Button</font>
                    <label>21899</label>
                </control>
                <control type="label">
                    <posx>917</posx>
                    <width>300</width>
                    <height>64</height>
                    <align>right</align>
                    <aligny>top</aligny>
                    <font>Font-ListInfo</font>
                    <label fallback="416">$INFO[ListItem.Property(Album_Label)]</label>
                </control>
                <control type="label">
                    <posx>917</posx>
                    <width>300</width>
                    <height>32</height>
                    <align>right</align>
                    <aligny>top</aligny>
                    <font>Font-Button</font>
                    <label>345</label>
                </control>
                <control type="label">
                    <posx>917</posx>
                    <width>300</width>
                    <height>64</height>
                    <align>right</align>
                    <aligny>top</aligny>
                    <font>Font-ListInfo</font>
                    <label fallback="416">$INFO[ListItem.Year]</label>
                </control>
            </control>
            <control type="grouplist">
		        <posx>509</posx>
		        <posy>630</posy>
		        <usecontrolcoords>true</usecontrolcoords>
		        <orientation>vertical</orientation>
		        <control type="label">
                    <width>448</width>
                    <align>left</align>
                    <aligny>top</aligny>
                    <height>32</height>
                    <font>Font-Button</font>
                    <label>31101</label>
                </control>
                <control type="textbox">
                    <width>947</width>
                    <align>justify</align>
                    <aligny>top</aligny>
                    <font>Font-ListInfo</font>
                    <height>160</height>
                    <label fallback="416">$VAR[PlotBox]</label>
                    <wrapmultiline>true</wrapmultiline>
                </control>
            </control>
        </control>

        <control type="group">		
            <visible allowhiddenfocus="true">ControlGroup(9500).HasFocus()</visible>
            <include>Animation.SlideOpen.Left</include>
            <control type="grouplist" id="9500">
                <ondown>SetFocus(9000)</ondown>
                <onback>9000</onback>
                <include>DefMyNavBarGroupList</include>

                <control type="button" id="8" description="Play">
                    <label>208</label>
                    <include>DefNavMenuButton</include>
                </control>
    
                <control type="button" id="10" description="Thumb">
                    <label>31135</label>
                    <include>DefNavMenuButton</include>
                </control>
                
                <control type="button" id="6" description="Refresh">
                    <label>184</label>
                    <include>DefNavMenuButton</include>
                </control>
            </control>
        </control>
        <control type="button" id="9000">
            <visible allowhiddenfocus="true">false</visible>
            <onclick>SetFocus(9500)</onclick>
            <onright>SetFocus(9500)</onright>
            <onleft>Back</onleft>
            <onup>SetFocus(9500)</onup>
            <ondown>SetFocus(9500)</ondown>
        </control>
	</controls>

</window>
