<?xml version="1.0" encoding="UTF-8"?>
<!-- Foundation -->
<window id="139">
	<defaultcontrol always="true">5</defaultcontrol>
	<allowoverlay>yes</allowoverlay>

	<controls>

		<control type="group">
		    <animation effect="slide" start="0,700" end="0" time="200">WindowOpen</animation>
            <include>Animation.FadeOut</include>
			
            <control type="image">
                <posy>210</posy>
				<width>1920</width>
				<height>764</height>
				<texture border="5" colordiffuse="TopBar">common/white.png</texture>
            </control>
            
			<control type="label" id="20">
			    <description>Header Label</description>
				<posx>250</posx>
				<posy>258</posy>
				<width>870</width>
				<align>left</align>
				<font>Font-DialogHeader</font>
				<textcolor>TopBarIcon</textcolor>
				<include>Animation.FadeIn</include>
			    <include>Animation.FadeOut</include>
				<label>13406</label>
                
			</control>


			<control type="list" id="5">
				<posx>265</posx>
				<posy>320</posy>
				<width>1438</width>
				<height>621</height>
				<onleft>450</onleft>
				<onright>450</onright>
				<onup>450</onup>
				<ondown>450</ondown>

				<itemlayout height="69">

					<control type="label">
						<posx>30</posx>
						<width>405</width>
						<info>ListItem.Label</info>
						<font>Font-ListInfo</font>
						<textcolor>TopBarIcon</textcolor>
					</control>

					<control type="label">
						<posx>1408</posx>
						<width>1000</width>
						<align>right</align>
						<info>ListItem.Label2</info>
						<font>Font-ListInfo</font>
						<textcolor>TopBarIcon</textcolor>
					</control>

				</itemlayout>

				<focusedlayout height="69">
					<control type="label">
						<posx>30</posx>
						<width>405</width>
						<info>ListItem.Label</info>
						<font>Font-ListInfo</font>
						<textcolor>Highlight</textcolor>
					</control>

					<control type="label">
						<posx>1408</posx>
						<width>1000</width>
						<align>right</align>
						<info>ListItem.Label2</info>
						<font>Font-ListInfo</font>
						<textcolor>Highlight</textcolor>
					</control>

				</focusedlayout>

			</control>

		</control>

	</controls>

</window>