<?xml version="1.0" encoding="UTF-8"?>
<includes>
	<variable name="PVRIcon">
	    <value condition="!IsEmpty(ListItem.Thumb)">$INFO[ListItem.Thumb]</value>
	    <value condition="!IsEmpty(ListItem.Icon)">$INFO[ListItem.Icon]</value>
	</variable>
	<variable name="OSDImage">
	    <value condition="!IsEmpty(Player.Art(clearart))">$INFO[Player.Art(clearart)]</value>
	    <value condition="!IsEmpty(Player.Art(tvshow.clearart))">$INFO[Player.Art(tvshow.clearart)]</value>
	    <value condition="!IsEmpty(Player.Art(clearlogo))">$INFO[Player.Art(clearlogo)]</value>
	    <value condition="!IsEmpty(Player.Art(tvshow.clearlogo))">$INFO[Player.Art(tvshow.clearlogo)]</value>
	</variable>
	<variable name="PosterImage">
	    <value condition="stringcompare(ListItem.Label,$LOCALIZE[21452])">DefaultAddSource.png</value>
        <value condition="!IsEmpty(ListItem.Art(poster))">$INFO[ListItem.Art(poster)]</value>
        <value condition="!IsEmpty(ListItem.Art(season.poster))">$INFO[ListItem.Art(season.poster)]</value>
        <value condition="!IsEmpty(ListItem.Art(tvshow.poster)) + Control.IsVisible(57)">$INFO[ListItem.Art(tvshow.poster)]</value>
	    <value>$INFO[ListItem.Icon]</value>
	</variable>
	<variable name="FanartImage">
	    <value condition="stringcompare(ListItem.Label,$LOCALIZE[21452])">DefaultAddSource.png</value>
	    <value condition="!IsEmpty(ListItem.Thumb) + [Container.Content(episodes) | Container.Content(Albums) | Container.Content(Songs) | [Window.IsVisible(3101) + stringcompare(Window(3101).Property(widget),episodes)]]">$INFO[ListItem.Thumb]</value>
	    <value condition="!IsEmpty(ListItem.Art(fanart))">$INFO[ListItem.Art(fanart)]</value>
	    <value condition="!IsEmpty(ListItem.Thumb)">$INFO[ListItem.Thumb]</value>
	    <value>$INFO[ListItem.Icon]</value>
	</variable>
	<variable name="BannerImage">
	    <value condition="!IsEmpty(ListItem.Art(banner))">$INFO[ListItem.Art(banner)]</value>
        <value condition="!IsEmpty(ListItem.Art(tvshow.banner))">$INFO[ListItem.Art(tvshow.banner)]</value>
	    <value>$VAR[FanartImage]</value>
	</variable>

	<variable name="SquareImage">
	    <value condition="stringcompare(ListItem.Label,$LOCALIZE[21452])">DefaultAddSource.png</value>
	    <value condition="!IsEmpty(ListItem.Thumb) + ![Container.Content(movies) | Container.Content(seasons) | Container.Content(sets) | Container.Content(tvshows)]">$INFO[ListItem.Thumb]</value>
	    <value>$VAR[FanartImage]</value>
	</variable>
	
	<variable name="WidgetFanart">
	    <value condition="!IsEmpty(ListItem.Art(fanart))">$INFO[ListItem.Art(fanart)]</value>
	    <value>$INFO[ListItem.Icon]</value>
	</variable>
	
	<variable name="PlayerBigIcon">
        <value condition="Player.Rewinding">common/bigrw.png</value>
        <value condition="Player.Forwarding">common/bigff.png</value>
	    <value condition="Player.Paused">common/bigpause.png</value>
	</variable>
    
    <variable name="WatchedImage">
        <value condition="ListItem.IsPlaying + [Control.IsVisible(50) | Control.IsVisible(55) | Control.IsVisible(57)]">overlay/OverlayPlaying-List.png</value>
	    <value condition="ListItem.IsPlaying">overlay/OverlayPlaying.png</value>
	    <value condition="stringcompare(ListItem.Overlay,OverlayWatched.png) + [Control.IsVisible(50) | Control.IsVisible(55) | Control.IsVisible(57)]">overlay/OverlayWatched-List.png</value>
        <value condition="stringcompare(ListItem.Overlay,OverlayWatched.png)">overlay/OverlayWatched.png</value>
        <value condition="[stringcompare(ListItem.Overlay,OverlayUnwatched.png) | Container.Content(songs)] + [Control.IsVisible(50) | Control.IsVisible(55) | Control.IsVisible(57)]">overlay/OverlayEmpty-List.png</value>
        <value condition="[stringcompare(ListItem.Overlay,OverlayUnwatched.png) | Container.Content(songs)] + !Control.IsVisible(51) + !Control.IsVisible(52) + !Control.IsVisible(54)">overlay/OverlayEmpty.png</value>
	</variable>
    
    <include name="WatchedImage">
        <control type="image">
            <posx>10</posx>
            <posy>10</posy>
            <height>32</height>
            <width>32</width>
            <colordiffuse>DFffffff</colordiffuse>
            <texture background="true" colordiffuse="PanelFG-NF">$VAR[WatchedImage]</texture>
            <aspectratio aligny="top">keep</aspectratio>
            <visible>Container.Content(songs) | ListItem.IsPlaying | IntegerGreaterThan(ListItem.PercentPlayed,99) | !IntegerGreaterThan(ListItem.PercentPlayed,1)</visible>
        </control>
        <control type="image">
            <width>54</width>
            <height>54</height>
            <aspectratio aligny="top">keep</aspectratio>
            <texture colordiffuse="PanelFG" diffuse="common/circle/mask.png">$INFO[ListItem.PercentPlayed,common/circle/,.png]</texture>
            <visible>!ListItem.IsPlaying + !IntegerGreaterThan(ListItem.PercentPlayed,99) + IntegerGreaterThan(ListItem.PercentPlayed,1)</visible>
        </control>
    </include>
    
	
	
	<variable name="SunsetTimerImage">
	    <value condition="System.Time(00:00,01:00)">special://skin/extras/sunset/01.png</value>
	    <value condition="System.Time(01:00,02:00)">special://skin/extras/sunset/02.png</value>
	    <value condition="System.Time(02:00,03:00)">special://skin/extras/sunset/03.png</value>
	    <value condition="System.Time(03:00,04:00)">special://skin/extras/sunset/04.png</value>
	    <value condition="System.Time(04:00,05:00)">special://skin/extras/sunset/05.png</value>
	    <value condition="System.Time(05:00,06:00)">special://skin/extras/sunset/06.png</value>
	    <value condition="System.Time(06:00,07:00)">special://skin/extras/sunset/07.png</value>
	    <value condition="System.Time(07:00,08:00)">special://skin/extras/sunset/08.png</value>
	    <value condition="System.Time(08:00,09:00)">special://skin/extras/sunset/09.png</value>
	    <value condition="System.Time(09:00,10:00)">special://skin/extras/sunset/10.png</value>
	    <value condition="System.Time(10:00,11:00)">special://skin/extras/sunset/11.png</value>
	    <value condition="System.Time(11:00,12:00)">special://skin/extras/sunset/12.png</value>
	    <value condition="System.Time(12:00,13:00)">special://skin/extras/sunset/13.png</value>
	    <value condition="System.Time(13:00,14:00)">special://skin/extras/sunset/14.png</value>
	    <value condition="System.Time(14:00,15:00)">special://skin/extras/sunset/15.png</value>
	    <value condition="System.Time(15:00,16:00)">special://skin/extras/sunset/16.png</value>
	    <value condition="System.Time(16:00,17:00)">special://skin/extras/sunset/17.png</value>
	    <value condition="System.Time(17:00,18:00)">special://skin/extras/sunset/18.png</value>
	    <value condition="System.Time(18:00,19:00)">special://skin/extras/sunset/19.png</value>
	    <value condition="System.Time(19:00,20:00)">special://skin/extras/sunset/20.png</value>
	    <value condition="System.Time(20:00,21:00)">special://skin/extras/sunset/21.png</value>
	    <value condition="System.Time(21:00,22:00)">special://skin/extras/sunset/22.png</value>
	    <value condition="System.Time(22:00,23:00)">special://skin/extras/sunset/23.png</value>
	    <value>special://skin/extras/sunset/24.png</value>
	</variable>
	
</includes>
