<?xml version="1.0" encoding="UTF-8"?>
<includes>
    <variable name="HomeFocus">
        <value condition="!IsEmpty(Window(home).Property(homefocus))">SetFocus($INFO[Window(home).Property(homefocus)])</value>
        <value condition="Skin.HasSetting(home.301.enabled)">SetFocus(301)</value>
        <value condition="Skin.HasSetting(home.302.enabled)">SetFocus(302)</value>
        <value condition="Skin.HasSetting(home.303.enabled)">SetFocus(303)</value>
        <value condition="Skin.HasSetting(home.304.enabled)">SetFocus(304)</value>
        <value condition="Skin.HasSetting(home.305.enabled)">SetFocus(305)</value>
        <value condition="Skin.HasSetting(home.306.enabled)">SetFocus(306)</value>
        <value condition="Skin.HasSetting(home.307.enabled)">SetFocus(307)</value>
        <value condition="Skin.HasSetting(home.308.enabled)">SetFocus(308)</value>
        <value condition="Skin.HasSetting(home.309.enabled)">SetFocus(309)</value>
        <value condition="Skin.HasSetting(home.310.enabled)">SetFocus(310)</value>
    </variable>
    
    <include name="Home-Highlight-DontMatchColor"><texture colordiffuse="Highlight-NF">common/white.png</texture></include>
    <include name="Home-Highlight-MatchColor"><texture>common/white.png</texture></include>
    <include name="Home-Highlight">
        <posy>330</posy>
        <width>170</width>
        <height>6</height>
        <include condition="Skin.HasSetting(home.matchcolor) + !Skin.HasSetting(home.monochromemode)">Home-Highlight-MatchColor</include>
        <include condition="!Skin.HasSetting(home.matchcolor) | Skin.HasSetting(home.monochromemode)">Home-Highlight-DontMatchColor</include>
        <animation effect="fade" start="0" end="100" time="100">Visible</animation>
        <visible>!Skin.HasSetting(home.talltiles) + !Window.IsVisible(videoosd)</visible>
    </include>
    
    <include name="Short-Home-Menu-Label">
        <posy>290</posy>
        <width>180</width>
        <align>center</align>
        <aligny>top</aligny>
        <font>Font-HomeMenu</font>
        <textcolor>TopBarDarkIcon</textcolor>
    </include>
    
    <include name="Tall-Home-Menu-Label">
        <posy>300</posy>
        <width>180</width>
        <height>340</height>
        <align>center</align>
        <aligny>top</aligny>
        <font>Font-HomeMenu</font>
        <textcolor>ffffffff</textcolor>
    </include>
    
    <include name="Home-Menu-Label">
        <include condition="!Skin.HasSetting(home.talltiles)">Short-Home-Menu-Label</include>
        <include condition="Skin.HasSetting(home.talltiles)">Tall-Home-Menu-Label</include>
    </include>
    
    <include name="Short-Home-Menu-Button-Default">
        <texturefocus border="50">home/tile.png</texturefocus>
        <texturenofocus border="50">home/tile.png</texturenofocus>
    </include>
    
    <include name="Short-Home-Menu-Button-Match">
        <texturefocus border="50" colordiffuse="Highlight-NF">home/tile.png</texturefocus>
        <texturenofocus border="50" colordiffuse="ff2a2a2a">home/tile.png</texturenofocus>
    </include>
    
    <include name="Short-Home-Menu-Button">
        <posy>96</posy>
        <width>196</width>
        <height>170</height>	
        <include condition="!Skin.HasSetting(home.monochromemode)">Short-Home-Menu-Button-Default</include>
        <include condition="Skin.HasSetting(home.monochromemode)">Short-Home-Menu-Button-Match</include>
    </include>
    
    <include name="Tall-Home-Menu-Button">
        <width>220</width>
        <height>340</height>	
        <texturefocus>home/half-tile.png</texturefocus>
        <texturenofocus>home/half-tile.png</texturenofocus>
    </include>
    
    <include name="Home-Menu-Button">
        <onfocus>ClearProperty(bgwidget,home)</onfocus>
        <onfocus>ClearProperty(bgwidget.type,home)</onfocus>        
        <onclick condition="Window.IsVisible(PlayerControls.xml)">Dialog.Close(PlayerControls.xml)</onclick>
        <onup condition="Window.IsVisible(PlayerControls.xml)">Dialog.Close(PlayerControls.xml)</onup>
        <onup condition="Player.HasVideo + Window.IsVisible(home)">Action(fullscreen)</onup>
        <onup condition="!Player.HasVideo + Window.IsVisible(home)">SetFocus(9600)</onup>
        <onup condition="!Player.HasVideo + Window.IsVisible(home)">CancelAlarm(Move9600,true)</onup>
        <ondown condition="Player.HasMedia">ActivateWindow(videoosd)</ondown>
        <ondown condition="!Player.HasMedia + !Skin.HasSetting(home.widgetdown)">ActivateWindow(3101)</ondown>
        <onback condition="Window.IsVisible(PlayerControls.xml) + Player.HasMedia + Skin.HasSetting(home.autopop)">Action(fullscreen)</onback>
        <aspectratio scalediffuse="false">center</aspectratio>
        <include condition="!Skin.HasSetting(home.talltiles)">Short-Home-Menu-Button</include>
        <include condition="Skin.HasSetting(home.talltiles)">Tall-Home-Menu-Button</include>
    </include>
    
    <include name="Home-Menu-Button-BG">
        <control type="button">
            <include>Home-Menu-Button</include>
            <colordiffuse>ff000000</colordiffuse>
        </control>
    </include>
    
    <include name="GoBackToHome"><previouswindow>playercontrols</previouswindow></include>
    
    <include name="Short-Home-BG-Y">
        <posy>266r</posy>
        <texturefocus colordiffuse="TopBarDark">common/white.png</texturefocus>
        <texturenofocus colordiffuse="TopBarDark">common/white.png</texturenofocus>
    </include>
    <include name="Tall-Home-BG-Y">
        <posy>376r</posy>
        <texturefocus colordiffuse="PanelBG">common/white.png</texturefocus>
        <texturenofocus colordiffuse="PanelBG">common/white.png</texturenofocus>
    </include>
    <include name="Short-Home-Button-Group-Width"><width>196</width></include>
    <include name="Tall-Home-Button-Group-Width"><width>221</width></include>
    <include name="Home-Button-Group-Width">    
        <include condition="!Skin.HasSetting(home.talltiles)">Short-Home-Button-Group-Width</include>
        <include condition="Skin.HasSetting(home.talltiles)">Tall-Home-Button-Group-Width</include>
    </include>
    
    <include name="Short-Home-Grouplist">
        <posx>20</posx>
        <width>1880</width>
        <itemgap>-9</itemgap>
        <posy>348r</posy>
        <height>348</height>
    </include>
    <include name="Tall-Home-Grouplist">
        <posx>10</posx>
        <width>1901</width>
        <itemgap>-35</itemgap>
        <posy>358r</posy>
        <height>340</height>
    </include>
    
    <include name="Home-Menu-Visibility">
        <visible allowhiddenfocus="true">ControlGroup(300).HasFocus() | Window.IsVisible(home) | Control.HasFocus(351) | Control.HasFocus(352) | Control.HasFocus(353) | Control.HasFocus(350)</visible>
    </include>
    
    <include name="Home-Menu">
        <control type="button">
            <posx>0</posx>
            <posy>128r</posy>
            <width>1920</width>
            <height>128</height>
            <onfocus>SetFocus(300)</onfocus>
            <animation effect="fade" start="100" end="0" condition="true">Conditional</animation>
        </control>
        <control type="group">
            <animation effect="slide" end="0,376" start="0" delay="0" time="150" condition="!Window.IsActive(home) + ![ControlGroup(300).HasFocus() | Control.HasFocus(351) | Control.HasFocus(352) | Control.HasFocus(353) | Control.HasFocus(350)] | [Window.IsVisible(home) + Control.HasFocus(9600)]">Conditional</animation>
            <animation effect="slide" end="0,376" start="0" delay="0" time="150" condition="Window.IsActive(home)">WindowClose</animation>
            <animation effect="slide" start="0,376" end="0" delay="0" time="150" condition="Window.IsActive(home)">WindowOpen</animation>
            <animation effect="slide" end="0,-56" start="0" delay="0" time="150" condition="Window.IsActive(videoosd)">Conditional</animation>
            <control type="button" id="353">
                <posx>0</posx>
                <include condition="!Skin.HasSetting(home.talltiles)">Short-Home-BG-Y</include>
                <include condition="Skin.HasSetting(home.talltiles)">Tall-Home-BG-Y</include>
                <width>1920</width>
                <height>500</height>
                
                <onfocus>SetFocus(300)</onfocus>
                <include>Home-Menu-Button</include>
            </control>
            <control type="grouplist" id="300">
                <orientation>horizontal</orientation>
                <include condition="!Skin.HasSetting(home.talltiles)">Short-Home-Grouplist</include>
                <include condition="Skin.HasSetting(home.talltiles)">Tall-Home-Grouplist</include>
                <control type="group">
                    <include>Home-Button-Group-Width</include>
                    <include>Home-Menu-Visibility</include>
                    <visible>Player.HasMedia + Skin.HasSetting(home.autopop)</visible>
                    <animation effect="slide" start="400,400" end="0" time="75">Visible</animation>
                    <animation effect="slide" start="400,400" end="0" time="75" condition="Window.IsActive(home)">WindowOpen</animation>
                    <include>Home-Menu-Button-BG</include>
                    <control type="button" id="298">
                        <include>Home-Menu-Button</include>
                        <onclick>SetProperty(homefocus,298,home)</onclick>
                        <colordiffuse>ff555555</colordiffuse>
                        <onleft>324</onleft>
                        <onright>299</onright>
                        <onclick>Action(fullscreen)</onclick>
                        <visible>Player.HasMedia + Skin.HasSetting(home.autopop)</visible>
                        <animation effect="fade" start="100" end="45" time="100" condition="!Skin.HasSetting(home.dontfade) + [Window.IsVisible(videoosd) | !Control.HasFocus(298)]">Conditional</animation>
                    </control>
                    <control type="image">
                        <include>Home-Menu-Button</include>
                        <texture diffuse="home/tile.png" aligny="center" align="center">special://skin/extras/icons/fullscreen.png</texture>
                        <animation effect="fade" start="100" end="45" time="100" condition="!Skin.HasSetting(home.dontfade) + [Window.IsVisible(videoosd) | !Control.HasFocus(298)]">Conditional</animation>
                    </control>
                    <control type="label">
                        <include>Home-Menu-Label</include>
                        <label>31106</label>
                        <animation effect="fade" start="100" end="45" time="100" condition="!Skin.HasSetting(home.dontfade) + [Window.IsVisible(videoosd) | !Control.HasFocus(298)]">Conditional</animation>
                        <animation effect="slide" start="0" end="0,-10" time="100" condition="!Skin.HasSetting(home.talltiles) + Control.HasFocus(298)">Conditional</animation>
                    </control>
                    <control type="image">
                        <include>Home-Highlight</include>
                        <visible>Control.HasFocus(298)</visible>
                    </control>
                </control>
                <control type="group">
                    <include>Home-Button-Group-Width</include>
                    <include>Home-Menu-Visibility</include>
                    <visible>System.HasMediadvd</visible>
                    <animation effect="slide" start="400,400" end="0" time="75">Visible</animation>
                    <animation effect="slide" start="400,400" end="0" time="75" condition="Window.IsActive(home)">WindowOpen</animation>
                    <include>Home-Menu-Button-BG</include>
                    <control type="button" id="299">
                        <include>Home-Menu-Button</include>
                        <onclick>SetProperty(homefocus,299,home)</onclick>
                        <colordiffuse>ff555555</colordiffuse>
                        <onleft>298</onleft>
                        <onright>301</onright>
                        <onclick>PlayDVD</onclick>
                        <visible>System.HasMediadvd</visible>
                        <animation effect="fade" start="100" end="45" time="100" condition="!Skin.HasSetting(home.dontfade) + [Window.IsVisible(videoosd) | !Control.HasFocus(299)]">Conditional</animation>
                    </control>
                    <control type="image">
                        <include>Home-Menu-Button</include>
                        <texture diffuse="home/tile.png" aligny="center" align="center">special://skin/extras/icons/play.png</texture>
                        <animation effect="fade" start="100" end="45" time="100" condition="!Skin.HasSetting(home.dontfade) + [Window.IsVisible(videoosd) | !Control.HasFocus(299)]">Conditional</animation>
                    </control>
                    <control type="label">
                        <include>Home-Menu-Label</include>
                        <label>341</label>
                        <animation effect="fade" start="100" end="45" time="100" condition="!Skin.HasSetting(home.dontfade) + [Window.IsVisible(videoosd) | !Control.HasFocus(299)]">Conditional</animation>
                        <animation effect="slide" start="0" end="0,-10" time="100" condition="!Skin.HasSetting(home.talltiles) + Control.HasFocus(299)">Conditional</animation>
                    </control>
                    <control type="image">
                        <include>Home-Highlight</include>
                        <visible>Control.HasFocus(299)</visible>
                    </control>
                </control>
                <control type="group">
                    <include>Home-Button-Group-Width</include>
                    <include>Home-Menu-Visibility</include>
                    <visible>Skin.HasSetting(home.301.enabled)</visible>
                    
                    <animation effect="slide" start="400,400" end="0" time="100">Visible</animation>
                    <animation effect="slide" start="400,400" end="0" time="100" condition="Window.IsActive(home)">WindowOpen</animation>
                    <include>Home-Menu-Button-BG</include>
                    <control type="button" id="301">
                        <include>Home-Menu-Button</include>
                        <onfocus>SetProperty(bgwidget.type,$INFO[Skin.String(home.301.bgwidget.type)],home)</onfocus>
                        <onfocus>SetProperty(bgwidget,$INFO[Skin.String(home.301.bgwidget)],home)</onfocus>
                        <visible>Skin.HasSetting(home.301.enabled)</visible>
                        <onclick condition="!Skin.HasSetting(home.disablehubs) + IsEmpty(home.301.focushub)">SetProperty(focushub,1,home)</onclick>
                        <onclick>SetProperty(homefocus,301,home)</onclick>
                        <onclick>$INFO[Skin.String(home.301.Path)]</onclick>
                        <colordiffuse>$INFO[Skin.String(home.301.bgcolor)]</colordiffuse>
                        <onleft>299</onleft>
                        <onright>302</onright>
                        
                        <animation effect="fade" start="100" end="45" time="100" condition="!Skin.HasSetting(home.dontfade) + [Window.IsVisible(videoosd) | !Control.HasFocus(301)]">Conditional</animation>
                    </control>
                    <control type="image">
                        <include>Home-Menu-Button</include>
                        <texture diffuse="home/tile.png" aligny="center" align="center">$INFO[Skin.String(home.301.Icon)]</texture>
                        <animation effect="fade" start="100" end="45" time="100" condition="!Skin.HasSetting(home.dontfade) + [Window.IsVisible(videoosd) | !Control.HasFocus(301)]">Conditional</animation>
                    </control>
                    <control type="label">
                        <include>Home-Menu-Label</include>
                        <label>$INFO[Skin.String(home.301.Label)]</label>
                        <animation effect="fade" start="100" end="45" time="100" condition="!Skin.HasSetting(home.dontfade) + [Window.IsVisible(videoosd) | !Control.HasFocus(301)]">Conditional</animation>
                        <animation effect="slide" start="0" end="0,-10" time="100" condition="!Skin.HasSetting(home.talltiles) + Control.HasFocus(301)">Conditional</animation>
                    </control>
                    <control type="image">
                        <colordiffuse>$INFO[Skin.String(home.301.bgcolor)]</colordiffuse>
                        <include>Home-Highlight</include>
                        <visible>Control.HasFocus(301)</visible>
                    </control>
                </control>
                <control type="group">
                    <include>Home-Button-Group-Width</include>
                    <include>Home-Menu-Visibility</include>
                    <visible>Skin.HasSetting(home.302.enabled)</visible>
                    <animation effect="slide" start="400,400" end="0" delay="25" time="100">Visible</animation>
                    <animation effect="slide" start="400,400" end="0" delay="25" time="100" condition="Window.IsActive(home)">WindowOpen</animation>
                    <include>Home-Menu-Button-BG</include>
                    <control type="button" id="302">
                        <include>Home-Menu-Button</include>
                        <onfocus>SetProperty(bgwidget.type,$INFO[Skin.String(home.302.bgwidget.type)],home)</onfocus>
                        <onfocus>SetProperty(bgwidget,$INFO[Skin.String(home.302.bgwidget)],home)</onfocus>
                        <visible>Skin.HasSetting(home.302.enabled)</visible>
                        <onclick condition="!Skin.HasSetting(home.disablehubs) + IsEmpty(home.302.focushub)">SetProperty(focushub,1,home)</onclick>
                        <onclick>SetProperty(homefocus,302,home)</onclick>
                        <onclick>$INFO[Skin.String(home.302.Path)]</onclick>
                        <colordiffuse>$INFO[Skin.String(home.302.bgcolor)]</colordiffuse>
                        <onleft>301</onleft>
                        <onright>303</onright>
                        <animation effect="fade" start="100" end="45" time="100" condition="!Skin.HasSetting(home.dontfade) + [Window.IsVisible(videoosd) | !Control.HasFocus(302)]">Conditional</animation>
                    </control>
                    <control type="image">
                        <include>Home-Menu-Button</include>
                        <texture diffuse="home/tile.png" aligny="center" align="center">$INFO[Skin.String(home.302.Icon)]</texture>
                        <animation effect="fade" start="100" end="45" time="100" condition="!Skin.HasSetting(home.dontfade) + [Window.IsVisible(videoosd) | !Control.HasFocus(302)]">Conditional</animation>
                    </control>
                    <control type="label">
                        <include>Home-Menu-Label</include>
                        <label>$INFO[Skin.String(home.302.Label)]</label>
                        <animation effect="fade" start="100" end="45" time="100" condition="!Skin.HasSetting(home.dontfade) + [Window.IsVisible(videoosd) | !Control.HasFocus(302)]">Conditional</animation>
                        <animation effect="slide" start="0" end="0,-10" time="100" condition="!Skin.HasSetting(home.talltiles) + Control.HasFocus(302)">Conditional</animation>
                    </control>

                    <control type="image">
                        <colordiffuse>$INFO[Skin.String(home.302.bgcolor)]</colordiffuse>
                        <include>Home-Highlight</include>
                        <visible>Control.HasFocus(302)</visible>
                    </control>
                </control>
                <control type="group">
                    <include>Home-Button-Group-Width</include>
                    <include>Home-Menu-Visibility</include>
                    <visible>Skin.HasSetting(home.303.enabled)</visible>
                    <animation effect="slide" start="400,400" end="0" delay="50" time="100">Visible</animation>
                    <animation effect="slide" start="400,400" end="0" delay="50" time="100" condition="Window.IsActive(home)">WindowOpen</animation>
                    <include>Home-Menu-Button-BG</include>
                    <control type="button" id="303">
                        <include>Home-Menu-Button</include>
                        <onfocus>SetProperty(bgwidget.type,$INFO[Skin.String(home.303.bgwidget.type)],home)</onfocus>
                        <onfocus>SetProperty(bgwidget,$INFO[Skin.String(home.303.bgwidget)],home)</onfocus>
                        <visible>Skin.HasSetting(home.303.enabled)</visible>
                        <onclick condition="!Skin.HasSetting(home.disablehubs) + IsEmpty(home.303.focushub)">SetProperty(focushub,1,home)</onclick>
                        <onclick>SetProperty(homefocus,303,home)</onclick>
                        <onclick>$INFO[Skin.String(home.303.Path)]</onclick>
                        <colordiffuse>$INFO[Skin.String(home.303.bgcolor)]</colordiffuse>
                        <onleft>302</onleft>
                        <onright>304</onright>
                        <animation effect="fade" start="100" end="45" time="100" condition="!Skin.HasSetting(home.dontfade) + [Window.IsVisible(videoosd) | !Control.HasFocus(303)]">Conditional</animation>
                    </control>
                    <control type="image">
                        <include>Home-Menu-Button</include>
                        <texture diffuse="home/tile.png" aligny="center" align="center">$INFO[Skin.String(home.303.Icon)]</texture>
                        <animation effect="fade" start="100" end="45" time="100" condition="!Skin.HasSetting(home.dontfade) + [Window.IsVisible(videoosd) | !Control.HasFocus(303)]">Conditional</animation>
                    </control>
                    <control type="label">
                        <include>Home-Menu-Label</include>
                        <label>$INFO[Skin.String(home.303.Label)]</label>
                        <animation effect="fade" start="100" end="45" time="100" condition="!Skin.HasSetting(home.dontfade) + [Window.IsVisible(videoosd) | !Control.HasFocus(303)]">Conditional</animation>
                        <animation effect="slide" start="0" end="0,-10" time="100" condition="!Skin.HasSetting(home.talltiles) + Control.HasFocus(303)">Conditional</animation>
                    </control>
                    <control type="image">
                        <colordiffuse>$INFO[Skin.String(home.303.bgcolor)]</colordiffuse>
                        <include>Home-Highlight</include>
                        <visible>Control.HasFocus(303)</visible>
                    </control>
                </control>
                <control type="group">
                    <include>Home-Button-Group-Width</include>
                    <include>Home-Menu-Visibility</include>
                    <visible>Skin.HasSetting(home.304.enabled)</visible>
                    <animation effect="slide" start="400,400" end="0" delay="75" time="100">Visible</animation>
                    <animation effect="slide" start="400,400" end="0" delay="75" time="100" condition="Window.IsActive(home)">WindowOpen</animation>
                    <include>Home-Menu-Button-BG</include>
                    <control type="button" id="304">
                        <include>Home-Menu-Button</include>
                        <onfocus>SetProperty(bgwidget.type,$INFO[Skin.String(home.304.bgwidget.type)],home)</onfocus>
                        <onfocus>SetProperty(bgwidget,$INFO[Skin.String(home.304.bgwidget)],home)</onfocus>
                        <visible>Skin.HasSetting(home.304.enabled)</visible>
                        <onclick condition="!Skin.HasSetting(home.disablehubs) + IsEmpty(home.304.focushub)">SetProperty(focushub,1,home)</onclick>
                        <onclick>SetProperty(homefocus,304,home)</onclick>
                        <onclick>$INFO[Skin.String(home.304.Path)]</onclick>
                        <colordiffuse>$INFO[Skin.String(home.304.bgcolor)]</colordiffuse>
                        <onleft>303</onleft>
                        <onright>305</onright>
                        <animation effect="fade" start="100" end="45" time="100" condition="!Skin.HasSetting(home.dontfade) + [Window.IsVisible(videoosd) | !Control.HasFocus(304)]">Conditional</animation>
                    </control>
                    <control type="image">
                        <include>Home-Menu-Button</include>
                        <texture diffuse="home/tile.png" aligny="center" align="center">$INFO[Skin.String(home.304.Icon)]</texture>
                        <animation effect="fade" start="100" end="45" time="100" condition="!Skin.HasSetting(home.dontfade) + [Window.IsVisible(videoosd) | !Control.HasFocus(304)]">Conditional</animation>
                    </control>
                    <control type="label">
                        <include>Home-Menu-Label</include>
                        <label>$INFO[Skin.String(home.304.Label)]</label>
                        <animation effect="fade" start="100" end="45" time="100" condition="!Skin.HasSetting(home.dontfade) + [Window.IsVisible(videoosd) | !Control.HasFocus(304)]">Conditional</animation>
                        <animation effect="slide" start="0" end="0,-10" time="100" condition="!Skin.HasSetting(home.talltiles) + Control.HasFocus(304)">Conditional</animation>
                    </control>
       
                    <control type="image">
                        <colordiffuse>$INFO[Skin.String(home.304.bgcolor)]</colordiffuse>
                        <include>Home-Highlight</include>
                        <visible>Control.HasFocus(304)</visible>
                    </control>
                </control>
                <control type="group">
                    <include>Home-Button-Group-Width</include>
                    <include>Home-Menu-Visibility</include>
                    <visible>Skin.HasSetting(home.305.enabled)</visible>
                    <animation effect="slide" start="400,400" end="0" delay="100" time="100">Visible</animation>
                    <animation effect="slide" start="400,400" end="0" delay="100" time="100" condition="Window.IsActive(home)">WindowOpen</animation>
                    <include>Home-Menu-Button-BG</include>
                    <control type="button" id="305">
                        <include>Home-Menu-Button</include>
                        <onfocus>SetProperty(bgwidget.type,$INFO[Skin.String(home.305.bgwidget.type)],home)</onfocus>
                        <onfocus>SetProperty(bgwidget,$INFO[Skin.String(home.305.bgwidget)],home)</onfocus>
                        <visible>Skin.HasSetting(home.305.enabled)</visible>
                        <onclick condition="!Skin.HasSetting(home.disablehubs) + IsEmpty(home.305.focushub)">SetProperty(focushub,1,home)</onclick>
                        <onclick>SetProperty(homefocus,305,home)</onclick>
                        <onclick>$INFO[Skin.String(home.305.Path)]</onclick>
                        <colordiffuse>$INFO[Skin.String(home.305.bgcolor)]</colordiffuse>
                        <onleft>304</onleft>
                        <onright>306</onright>
                        <animation effect="fade" start="100" end="45" time="100" condition="!Skin.HasSetting(home.dontfade) + [Window.IsVisible(videoosd) | !Control.HasFocus(305)]">Conditional</animation>
                    </control>
                    <control type="image">
                        <include>Home-Menu-Button</include>
                        <texture diffuse="home/tile.png" aligny="center" align="center">$INFO[Skin.String(home.305.Icon)]</texture>
                        <animation effect="fade" start="100" end="45" time="100" condition="!Skin.HasSetting(home.dontfade) + [Window.IsVisible(videoosd) | !Control.HasFocus(305)]">Conditional</animation>
                    </control>
                    <control type="label">
                        <include>Home-Menu-Label</include>
                        <label>$INFO[Skin.String(home.305.Label)]</label>
                        <animation effect="fade" start="100" end="45" time="100" condition="!Skin.HasSetting(home.dontfade) + [Window.IsVisible(videoosd) | !Control.HasFocus(305)]">Conditional</animation>
                        <animation effect="slide" start="0" end="0,-10" time="100" condition="!Skin.HasSetting(home.talltiles) + Control.HasFocus(305)">Conditional</animation>
                    </control>
 
                    <control type="image">
                        <colordiffuse>$INFO[Skin.String(home.305.bgcolor)]</colordiffuse>
                        <include>Home-Highlight</include>
                        <visible>Control.HasFocus(305)</visible>
                    </control>
                </control>
                <control type="group">
                    <include>Home-Button-Group-Width</include>
                    <visible>Skin.HasSetting(home.306.enabled)</visible>
                    <include>Home-Menu-Visibility</include>
                    <animation effect="slide" start="400,400" end="0" delay="125" time="100">Visible</animation>
                    <animation effect="slide" start="400,400" end="0" delay="125" time="100" condition="Window.IsActive(home)">WindowOpen</animation>
                    <include>Home-Menu-Button-BG</include>
                    
                    <control type="button" id="306">
                        <include>Home-Menu-Button</include>
                        <onfocus>SetProperty(bgwidget.type,$INFO[Skin.String(home.306.bgwidget.type)],home)</onfocus>
                        <onfocus>SetProperty(bgwidget,$INFO[Skin.String(home.306.bgwidget)],home)</onfocus>
                        <onclick>SetProperty(homefocus,306,home)</onclick>
                        <onclick condition="!Skin.HasSetting(home.disablehubs) + IsEmpty(home.306.focushub)">SetProperty(focushub,1,home)</onclick>
                        <onclick>$INFO[Skin.String(home.306.Path)]</onclick>
                        <colordiffuse>$INFO[Skin.String(home.306.bgcolor)]</colordiffuse>
                        <onleft>305</onleft>
                        <onright>307</onright>
                        <animation effect="fade" start="100" end="45" time="100" condition="!Skin.HasSetting(home.dontfade) + [Window.IsVisible(videoosd) | !Control.HasFocus(306)]">Conditional</animation>
                        <visible>Skin.HasSetting(home.306.enabled)</visible>
                    </control>
                    
                    <control type="image">
                        <include>Home-Menu-Button</include>
                        <texture diffuse="home/tile.png" aligny="center" align="center">$INFO[Skin.String(home.306.Icon)]</texture>
                        <animation effect="fade" start="100" end="45" time="100" condition="!Skin.HasSetting(home.dontfade) + [Window.IsVisible(videoosd) | !Control.HasFocus(306)]">Conditional</animation>
                    </control>
                    <control type="label">
                        <include>Home-Menu-Label</include>
                        <label>$INFO[Skin.String(home.306.Label)]</label>
                        <animation effect="fade" start="100" end="45" time="100" condition="!Skin.HasSetting(home.dontfade) + [Window.IsVisible(videoosd) | !Control.HasFocus(306)]">Conditional</animation>
                        <animation effect="slide" start="0" end="0,-10" time="100" condition="!Skin.HasSetting(home.talltiles) + Control.HasFocus(306)">Conditional</animation>
                    </control>
                    <control type="image">
                        <colordiffuse>$INFO[Skin.String(home.306.bgcolor)]</colordiffuse>
                        <include>Home-Highlight</include>
                        <visible>Control.HasFocus(306)</visible>
                    </control>
                    
                </control>
                <control type="group">
                    <include>Home-Button-Group-Width</include>
                    <visible>Skin.HasSetting(home.307.enabled)</visible>
                    <include>Home-Menu-Visibility</include>
                    <animation effect="slide" start="400,400" end="0" delay="150" time="100">Visible</animation>
                    <animation effect="slide" start="400,400" end="0" delay="150" time="100" condition="Window.IsActive(home)">WindowOpen</animation>
                    <include>Home-Menu-Button-BG</include>
                    <control type="button" id="307">
                        <include>Home-Menu-Button</include>
                        <onfocus>SetProperty(bgwidget.type,$INFO[Skin.String(home.307.bgwidget.type)],home)</onfocus>
                        <onfocus>SetProperty(bgwidget,$INFO[Skin.String(home.307.bgwidget)],home)</onfocus>
                        <onclick>SetProperty(homefocus,307,home)</onclick>
                        <onclick>$INFO[Skin.String(home.307.Path)]</onclick>
                        <onclick condition="!Skin.HasSetting(home.disablehubs) + IsEmpty(home.307.focushub)">SetProperty(focushub,1,home)</onclick>
                        <colordiffuse>$INFO[Skin.String(home.307.bgcolor)]</colordiffuse>
                        <onleft>306</onleft>
                        <onright>308</onright>
                        <animation effect="fade" start="100" end="45" time="100" condition="!Skin.HasSetting(home.dontfade) + [Window.IsVisible(videoosd) | !Control.HasFocus(307)]">Conditional</animation>
                        <visible>Skin.HasSetting(home.307.enabled)</visible>
                    </control>
                    <control type="image">
                        <include>Home-Menu-Button</include>
                        <texture diffuse="home/tile.png" aligny="center" align="center">$INFO[Skin.String(home.307.Icon)]</texture>
                        <animation effect="fade" start="100" end="45" time="100" condition="!Skin.HasSetting(home.dontfade) + [Window.IsVisible(videoosd) | !Control.HasFocus(307)]">Conditional</animation>
                    </control>
                    <control type="label">
                        <include>Home-Menu-Label</include>
                        <label>$INFO[Skin.String(home.307.Label)]</label>
                        <animation effect="fade" start="100" end="45" time="100" condition="!Skin.HasSetting(home.dontfade) + [Window.IsVisible(videoosd) | !Control.HasFocus(307)]">Conditional</animation>
                        <animation effect="slide" start="0" end="0,-10" time="100" condition="!Skin.HasSetting(home.talltiles) + Control.HasFocus(307)">Conditional</animation>
                    </control>
                    <control type="image">
                        <colordiffuse>$INFO[Skin.String(home.307.bgcolor)]</colordiffuse>
                        <include>Home-Highlight</include>
                        <visible>Control.HasFocus(307)</visible>
                    </control>
                </control>
                <control type="group">
                    <include>Home-Button-Group-Width</include>
                    <include>Home-Menu-Button-BG</include>
                    <include>Home-Menu-Visibility</include>
                    <visible>Skin.HasSetting(home.308.enabled)</visible>
                    <animation effect="slide" start="400,400" end="0" delay="175" time="100">Visible</animation>
                    <animation effect="slide" start="400,400" end="0" delay="175" time="100" condition="Window.IsActive(home)">WindowOpen</animation>
                    <control type="button" id="308">
                        <include>Home-Menu-Button</include>
                        <onfocus>SetProperty(bgwidget.type,$INFO[Skin.String(home.308.bgwidget.type)],home)</onfocus>
                        <onfocus>SetProperty(bgwidget,$INFO[Skin.String(home.308.bgwidget)],home)</onfocus>
                        <visible>Skin.HasSetting(home.308.enabled)</visible>
                        <onclick condition="!Skin.HasSetting(home.disablehubs) + IsEmpty(home.308.focushub)">SetProperty(focushub,1,home)</onclick>
                        <onclick>SetProperty(homefocus,308,home)</onclick>
                        <onclick>$INFO[Skin.String(home.308.Path)]</onclick>
                        <colordiffuse>$INFO[Skin.String(home.308.bgcolor)]</colordiffuse>
                        <onleft>307</onleft>
                        <onright>309</onright>
                        <animation effect="fade" start="100" end="45" time="100" condition="!Skin.HasSetting(home.dontfade) + [Window.IsVisible(videoosd) | !Control.HasFocus(308)]">Conditional</animation>
                    </control>
                    <control type="image">
                        <include>Home-Menu-Button</include>
                        <texture diffuse="home/tile.png" aligny="center" align="center">$INFO[Skin.String(home.308.Icon)]</texture>
                        <animation effect="fade" start="100" end="45" time="100" condition="!Skin.HasSetting(home.dontfade) + [Window.IsVisible(videoosd) | !Control.HasFocus(308)]">Conditional</animation>
                    </control>
                    <control type="label">
                        <include>Home-Menu-Label</include>
                        <label>$INFO[Skin.String(home.308.Label)]</label>
                        <animation effect="fade" start="100" end="45" time="100" condition="!Skin.HasSetting(home.dontfade) + [Window.IsVisible(videoosd) | !Control.HasFocus(308)]">Conditional</animation>
                        <animation effect="slide" start="0" end="0,-10" time="100" condition="!Skin.HasSetting(home.talltiles) + Control.HasFocus(308)">Conditional</animation>
                    </control>
                    <control type="image">
                        <colordiffuse>$INFO[Skin.String(home.308.bgcolor)]</colordiffuse>
                        <include>Home-Highlight</include>
                        <visible>Control.HasFocus(308)</visible>
                    </control>
                </control>
                <control type="group">
                    <include>Home-Button-Group-Width</include>
                    <include>Home-Menu-Button-BG</include>
                    <include>Home-Menu-Visibility</include>
                    <visible>Skin.HasSetting(home.309.enabled)</visible>
                    <animation effect="slide" start="400,400" end="0" delay="200" time="100">Visible</animation>
                    <animation effect="slide" start="400,400" end="0" delay="200" time="100" condition="Window.IsActive(home)">WindowOpen</animation>
                    <control type="button" id="309">
                        <include>Home-Menu-Button</include>
                        <onfocus>SetProperty(bgwidget.type,$INFO[Skin.String(home.309.bgwidget.type)],home)</onfocus>
                        <onfocus>SetProperty(bgwidget,$INFO[Skin.String(home.309.bgwidget)],home)</onfocus>
                        <onclick condition="!Skin.HasSetting(home.disablehubs) + IsEmpty(home.309.focushub)">SetProperty(focushub,1,home)</onclick>
                        <visible>Skin.HasSetting(home.309.enabled)</visible>
                        <onclick>SetProperty(homefocus,309,home)</onclick>
                        <onclick>$INFO[Skin.String(home.309.Path)]</onclick>
                        <colordiffuse>$INFO[Skin.String(home.309.bgcolor)]</colordiffuse>
                        <onleft>308</onleft>
                        <onright>310</onright>
                        <animation effect="fade" start="100" end="45" time="100" condition="!Skin.HasSetting(home.dontfade) + [Window.IsVisible(videoosd) | !Control.HasFocus(309)]">Conditional</animation>
                    </control>
                    <control type="image">
                        <include>Home-Menu-Button</include>
                        <texture diffuse="home/tile.png" aligny="center" align="center">$INFO[Skin.String(home.309.Icon)]</texture>
                        <animation effect="fade" start="100" end="45" time="100" condition="!Skin.HasSetting(home.dontfade) + [Window.IsVisible(videoosd) | !Control.HasFocus(309)]">Conditional</animation>
                    </control>
                    <control type="label">
                        <include>Home-Menu-Label</include>
                        <label>$INFO[Skin.String(home.309.Label)]</label>
                        <animation effect="fade" start="100" end="45" time="100" condition="!Skin.HasSetting(home.dontfade) + [Window.IsVisible(videoosd) | !Control.HasFocus(309)]">Conditional</animation>
                        <animation effect="slide" start="0" end="0,-10" time="100" condition="!Skin.HasSetting(home.talltiles) + Control.HasFocus(309)">Conditional</animation>
                    </control>
                    <control type="image">
                        <colordiffuse>$INFO[Skin.String(home.309.bgcolor)]</colordiffuse>
                        <include>Home-Highlight</include>
                        <visible>Control.HasFocus(309)</visible>
                    </control>
                </control>
                <control type="group">
                    <include>Home-Button-Group-Width</include>
                    <include>Home-Menu-Button-BG</include>
                    <include>Home-Menu-Visibility</include>
                    <visible>Skin.HasSetting(home.310.enabled)</visible>
                    <animation effect="slide" start="400,400" end="0" delay="225" time="100">Visible</animation>
                    <animation effect="slide" start="400,400" end="0" delay="225" time="100" condition="Window.IsActive(home)">WindowOpen</animation>
                    <control type="button" id="310">
                        <include>Home-Menu-Button</include>
                        <onfocus>SetProperty(bgwidget.type,$INFO[Skin.String(home.310.bgwidget.type)],home)</onfocus>
                        <onfocus>SetProperty(bgwidget,$INFO[Skin.String(home.310.bgwidget)],home)</onfocus>
                        <onclick condition="!Skin.HasSetting(home.disablehubs) + IsEmpty(home.310.focushub)">SetProperty(focushub,1,home)</onclick>
                        <visible>Skin.HasSetting(home.310.enabled)</visible>
                        <onclick>SetProperty(homefocus,310,home)</onclick>
                        <onclick>$INFO[Skin.String(home.310.Path)]</onclick>
                        <colordiffuse>$INFO[Skin.String(home.310.bgcolor)]</colordiffuse>
                        <onleft>309</onleft>
                        <onright>311</onright>
                        <animation effect="fade" start="100" end="45" time="100" condition="!Skin.HasSetting(home.dontfade) + [Window.IsVisible(videoosd) | !Control.HasFocus(310)]">Conditional</animation>
                    </control>
                    <control type="image">
                        <include>Home-Menu-Button</include>
                        <texture diffuse="home/tile.png" aligny="center" align="center">$INFO[Skin.String(home.310.Icon)]</texture>
                        <animation effect="fade" start="100" end="45" time="100" condition="!Skin.HasSetting(home.dontfade) + [Window.IsVisible(videoosd) | !Control.HasFocus(310)]">Conditional</animation>
                    </control>
                    <control type="label">
                        <include>Home-Menu-Label</include>
                        <label>$INFO[Skin.String(home.310.Label)]</label>
                        <animation effect="fade" start="100" end="45" time="100" condition="!Skin.HasSetting(home.dontfade) + [Window.IsVisible(videoosd) | !Control.HasFocus(310)]">Conditional</animation>
                        <animation effect="slide" start="0" end="0,-10" time="100" condition="!Skin.HasSetting(home.talltiles) + Control.HasFocus(310)">Conditional</animation>
                    </control>
                    <control type="image">
                        <colordiffuse>$INFO[Skin.String(home.310.bgcolor)]</colordiffuse>
                        <include>Home-Highlight</include>
                        <visible>Control.HasFocus(310)</visible>
                    </control>
                </control>
                <control type="group">
                    <include>Home-Button-Group-Width</include>
                    <include>Home-Menu-Button-BG</include>
                    <include>Home-Menu-Visibility</include>
                    <visible>Skin.HasSetting(home.311.enabled)</visible>
                    <animation effect="slide" start="400,400" end="0" delay="250" time="100">Visible</animation>
                    <animation effect="slide" start="400,400" end="0" delay="250" time="100" condition="Window.IsActive(home)">WindowOpen</animation>
                    <control type="button" id="311">
                        <include>Home-Menu-Button</include>
                        <onfocus>SetProperty(bgwidget.type,$INFO[Skin.String(home.311.bgwidget.type)],home)</onfocus>
                        <onfocus>SetProperty(bgwidget,$INFO[Skin.String(home.311.bgwidget)],home)</onfocus>
                        <visible>Skin.HasSetting(home.311.enabled)</visible>
                        <onclick condition="!Skin.HasSetting(home.disablehubs) + IsEmpty(home.311.focushub)">SetProperty(focushub,1,home)</onclick>
                        <onclick>ClearProperty(homefocus,home)</onclick>
                        <onclick>$INFO[Skin.String(home.311.Path)]</onclick>
                        <colordiffuse>$INFO[Skin.String(home.311.bgcolor)]</colordiffuse>
                        <onleft>310</onleft>
                        <onright>312</onright>
                        <animation effect="fade" start="100" end="45" time="100" condition="!Skin.HasSetting(home.dontfade) + [Window.IsVisible(videoosd) | !Control.HasFocus(311)]">Conditional</animation>
                    </control>
                    <control type="image">
                        <include>Home-Menu-Button</include>
                        <texture diffuse="home/tile.png" aligny="center" align="center">$INFO[Skin.String(home.311.Icon)]</texture>
                        <animation effect="fade" start="100" end="45" time="100" condition="!Skin.HasSetting(home.dontfade) + [Window.IsVisible(videoosd) | !Control.HasFocus(311)]">Conditional</animation>
                    </control>
                    <control type="label">
                        <include>Home-Menu-Label</include>
                        <label>$INFO[Skin.String(home.311.Label)]</label>
                        <animation effect="fade" start="100" end="45" time="100" condition="!Skin.HasSetting(home.dontfade) + [Window.IsVisible(videoosd) | !Control.HasFocus(311)]">Conditional</animation>
                        <animation effect="slide" start="0" end="0,-10" time="100" condition="!Skin.HasSetting(home.talltiles) + Control.HasFocus(311)">Conditional</animation>
                    </control>
                    <control type="image">
                        <colordiffuse>$INFO[Skin.String(home.311.bgcolor)]</colordiffuse>
                        <include>Home-Highlight</include>
                        <visible>Control.HasFocus(311)</visible>
                    </control>
                </control>
                <control type="group">
                    <include>Home-Button-Group-Width</include>
                    <include>Home-Menu-Button-BG</include>
                    <include>Home-Menu-Visibility</include>
                    <visible>Skin.HasSetting(home.312.enabled)</visible>
                    <animation effect="slide" start="400,400" end="0" delay="275" time="100">Visible</animation>
                    <animation effect="slide" start="400,400" end="0" delay="275" time="100" condition="Window.IsActive(home)">WindowOpen</animation>
                    <control type="button" id="312">
                        <include>Home-Menu-Button</include>
                        <onfocus>SetProperty(bgwidget.type,$INFO[Skin.String(home.312.bgwidget.type)],home)</onfocus>
                        <onfocus>SetProperty(bgwidget,$INFO[Skin.String(home.312.bgwidget)],home)</onfocus>
                        <visible>Skin.HasSetting(home.312.enabled)</visible>
                        <onclick>ClearProperty(homefocus,home)</onclick>
                        <onclick condition="!Skin.HasSetting(home.disablehubs) + IsEmpty(home.312.focushub)">SetProperty(focushub,1,home)</onclick>
                        <onclick>$INFO[Skin.String(home.312.Path)]</onclick>
                        <colordiffuse>$INFO[Skin.String(home.312.bgcolor)]</colordiffuse>
                        <onleft>311</onleft>
                        <onright>313</onright>
                        <animation effect="fade" start="100" end="45" time="100" condition="!Skin.HasSetting(home.dontfade) + [Window.IsVisible(videoosd) | !Control.HasFocus(312)]">Conditional</animation>
                    </control>
                    <control type="image">
                        <include>Home-Menu-Button</include>
                        <texture diffuse="home/tile.png" aligny="center" align="center">$INFO[Skin.String(home.312.Icon)]</texture>
                        <animation effect="fade" start="100" end="45" time="100" condition="!Skin.HasSetting(home.dontfade) + [Window.IsVisible(videoosd) | !Control.HasFocus(312)]">Conditional</animation>
                    </control>
                    <control type="label">
                        <include>Home-Menu-Label</include>
                        <label>$INFO[Skin.String(home.312.Label)]</label>
                        <animation effect="fade" start="100" end="45" time="100" condition="!Skin.HasSetting(home.dontfade) + [Window.IsVisible(videoosd) | !Control.HasFocus(312)]">Conditional</animation>
                        <animation effect="slide" start="0" end="0,-10" time="100" condition="!Skin.HasSetting(home.talltiles) + Control.HasFocus(312)">Conditional</animation>
                    </control>
                    <control type="image">
                        <colordiffuse>$INFO[Skin.String(home.312.bgcolor)]</colordiffuse>
                        <include>Home-Highlight</include>
                        <visible>Control.HasFocus(312)</visible>
                    </control>
                </control>
                <control type="group">
                    <include>Home-Button-Group-Width</include>
                    <include>Home-Menu-Button-BG</include>
                    <include>Home-Menu-Visibility</include>
                    <visible>Skin.HasSetting(home.320.enabled)</visible>
                    <animation effect="slide" start="400,400" end="0" delay="225" time="100">Visible</animation>
                    <animation effect="slide" start="400,400" end="0" delay="225" time="100" condition="Window.IsActive(home)">WindowOpen</animation>
                    <control type="button" id="313">
                        <include>Home-Menu-Button</include>
                        <onfocus>SetProperty(bgwidget.type,$INFO[Skin.String(home.320.bgwidget.type)],home)</onfocus>
                        <onfocus>SetProperty(bgwidget,$INFO[Skin.String(home.320.bgwidget)],home)</onfocus>
                        <visible>Skin.HasSetting(home.320.enabled)</visible>
                        <onclick condition="!Skin.HasSetting(home.disablehubs) + IsEmpty(home.320.focushub)">SetProperty(focushub,1,home)</onclick>
                        <onclick>ClearProperty(homefocus,home)</onclick>
                        <onclick>$INFO[Skin.String(home.320.Path)]</onclick>
                        <colordiffuse>$INFO[Skin.String(home.320.bgcolor)]</colordiffuse>
                        <onleft>312</onleft>
                        <onright>314</onright>
                        <animation effect="fade" start="100" end="45" time="100" condition="!Skin.HasSetting(home.dontfade) + [Window.IsVisible(videoosd) | !Control.HasFocus(313)]">Conditional</animation>
                    </control>
                    <control type="image">
                        <include>Home-Menu-Button</include>
                        <texture diffuse="home/tile.png" aligny="center" align="center">$INFO[Skin.String(home.320.Icon)]</texture>
                        <animation effect="fade" start="100" end="45" time="100" condition="!Skin.HasSetting(home.dontfade) + [Window.IsVisible(videoosd) | !Control.HasFocus(313)]">Conditional</animation>
                    </control>
                    <control type="label">
                        <include>Home-Menu-Label</include>
                        <label>$INFO[Skin.String(home.320.Label)]</label>
                        <animation effect="fade" start="100" end="45" time="100" condition="!Skin.HasSetting(home.dontfade) + [Window.IsVisible(videoosd) | !Control.HasFocus(313)]">Conditional</animation>
                        <animation effect="slide" start="0" end="0,-10" time="100" condition="!Skin.HasSetting(home.talltiles) + Control.HasFocus(313)">Conditional</animation>
                    </control>
                    <control type="image">
                        <colordiffuse>$INFO[Skin.String(home.320.bgcolor)]</colordiffuse>
                        <include>Home-Highlight</include>
                        <visible>Control.HasFocus(313)</visible>
                    </control>
                </control>
                <control type="group">
                    <include>Home-Button-Group-Width</include>
                    <include>Home-Menu-Button-BG</include>
                    <include>Home-Menu-Visibility</include>
                    <visible>Skin.HasSetting(home.321.enabled)</visible>
                    <animation effect="slide" start="400,400" end="0" delay="225" time="100">Visible</animation>
                    <animation effect="slide" start="400,400" end="0" delay="225" time="100" condition="Window.IsActive(home)">WindowOpen</animation>
                    <control type="button" id="314">
                        <include>Home-Menu-Button</include>
                        <onfocus>SetProperty(bgwidget.type,$INFO[Skin.String(home.321.bgwidget.type)],home)</onfocus>
                        <onfocus>SetProperty(bgwidget,$INFO[Skin.String(home.321.bgwidget)],home)</onfocus>
                        <visible>Skin.HasSetting(home.321.enabled)</visible>
                        <onclick>ClearProperty(homefocus,home)</onclick>
                        <onclick condition="!Skin.HasSetting(home.disablehubs) + IsEmpty(home.321.focushub)">SetProperty(focushub,1,home)</onclick>
                        <onclick>$INFO[Skin.String(home.321.Path)]</onclick>
                        <colordiffuse>$INFO[Skin.String(home.321.bgcolor)]</colordiffuse>
                        <onleft>313</onleft>
                        <onright>315</onright>
                        <animation effect="fade" start="100" end="45" time="100" condition="!Skin.HasSetting(home.dontfade) + [Window.IsVisible(videoosd) | !Control.HasFocus(314)]">Conditional</animation>
                    </control>
                    <control type="image">
                        <include>Home-Menu-Button</include>
                        <texture diffuse="home/tile.png" aligny="center" align="center">$INFO[Skin.String(home.321.Icon)]</texture>
                        <animation effect="fade" start="100" end="45" time="100" condition="!Skin.HasSetting(home.dontfade) + [Window.IsVisible(videoosd) | !Control.HasFocus(314)]">Conditional</animation>
                    </control>
                    <control type="label">
                        <include>Home-Menu-Label</include>
                        <label>$INFO[Skin.String(home.321.Label)]</label>
                        <animation effect="fade" start="100" end="45" time="100" condition="!Skin.HasSetting(home.dontfade) + [Window.IsVisible(videoosd) | !Control.HasFocus(314)]">Conditional</animation>
                        <animation effect="slide" start="0" end="0,-10" time="100" condition="!Skin.HasSetting(home.talltiles) + Control.HasFocus(314)">Conditional</animation>
                    </control>
                    <control type="image">
                        <colordiffuse>$INFO[Skin.String(home.321.bgcolor)]</colordiffuse>
                        <include>Home-Highlight</include>
                        <visible>Control.HasFocus(314)</visible>
                    </control>
                </control>
                <control type="group">
                    <include>Home-Button-Group-Width</include>
                    <include>Home-Menu-Button-BG</include>
                    <include>Home-Menu-Visibility</include>
                    <visible>Skin.HasSetting(home.322.enabled)</visible>
                    <animation effect="slide" start="400,400" end="0" delay="225" time="100">Visible</animation>
                    <animation effect="slide" start="400,400" end="0" delay="225" time="100" condition="Window.IsActive(home)">WindowOpen</animation>
                    <control type="button" id="315">
                        <include>Home-Menu-Button</include>
                        <onfocus>SetProperty(bgwidget.type,$INFO[Skin.String(home.322.bgwidget.type)],home)</onfocus>
                        <onfocus>SetProperty(bgwidget,$INFO[Skin.String(home.322.bgwidget)],home)</onfocus>
                        <visible>Skin.HasSetting(home.322.enabled)</visible>
                        <onclick condition="!Skin.HasSetting(home.disablehubs) + IsEmpty(home.322.focushub)">SetProperty(focushub,1,home)</onclick>
                        <onclick>ClearProperty(homefocus,home)</onclick>
                        <onclick>$INFO[Skin.String(home.322.Path)]</onclick>
                        <colordiffuse>$INFO[Skin.String(home.322.bgcolor)]</colordiffuse>
                        <onleft>314</onleft>
                        <onright>316</onright>
                        <animation effect="fade" start="100" end="45" time="100" condition="!Skin.HasSetting(home.dontfade) + [Window.IsVisible(videoosd) | !Control.HasFocus(315)]">Conditional</animation>
                    </control>
                    <control type="image">
                        <include>Home-Menu-Button</include>
                        <texture diffuse="home/tile.png" aligny="center" align="center">$INFO[Skin.String(home.322.Icon)]</texture>
                        <animation effect="fade" start="100" end="45" time="100" condition="!Skin.HasSetting(home.dontfade) + [Window.IsVisible(videoosd) | !Control.HasFocus(315)]">Conditional</animation>
                    </control>
                    <control type="label">
                        <include>Home-Menu-Label</include>
                        <label>$INFO[Skin.String(home.322.Label)]</label>
                        <animation effect="fade" start="100" end="45" time="100" condition="!Skin.HasSetting(home.dontfade) + [Window.IsVisible(videoosd) | !Control.HasFocus(315)]">Conditional</animation>
                        <animation effect="slide" start="0" end="0,-10" time="100" condition="!Skin.HasSetting(home.talltiles) + Control.HasFocus(315)">Conditional</animation>
                    </control>
                    <control type="image">
                        <colordiffuse>$INFO[Skin.String(home.322.bgcolor)]</colordiffuse>
                        <include>Home-Highlight</include>
                        <visible>Control.HasFocus(315)</visible>
                    </control>
                </control>
                <control type="group">
                    <include>Home-Button-Group-Width</include>
                    <include>Home-Menu-Button-BG</include>
                    <include>Home-Menu-Visibility</include>
                    <visible>Skin.HasSetting(home.323.enabled)</visible>
                    <animation effect="slide" start="400,400" end="0" delay="225" time="100">Visible</animation>
                    <animation effect="slide" start="400,400" end="0" delay="225" time="100" condition="Window.IsActive(home)">WindowOpen</animation>
                    <control type="button" id="316">
                        <include>Home-Menu-Button</include>
                        <onfocus>SetProperty(bgwidget.type,$INFO[Skin.String(home.323.bgwidget.type)],home)</onfocus>
                        <onfocus>SetProperty(bgwidget,$INFO[Skin.String(home.323.bgwidget)],home)</onfocus>
                        <visible>Skin.HasSetting(home.323.enabled)</visible>
                        <onclick condition="!Skin.HasSetting(home.disablehubs) + IsEmpty(home.323.focushub)">SetProperty(focushub,1,home)</onclick>
                        <onclick>ClearProperty(homefocus,home)</onclick>
                        <onclick>$INFO[Skin.String(home.323.Path)]</onclick>
                        <colordiffuse>$INFO[Skin.String(home.323.bgcolor)]</colordiffuse>
                        <onleft>315</onleft>
                        <onright>317</onright>
                        <animation effect="fade" start="100" end="45" time="100" condition="!Skin.HasSetting(home.dontfade) + [Window.IsVisible(videoosd) | !Control.HasFocus(316)]">Conditional</animation>
                    </control>
                    <control type="image">
                        <include>Home-Menu-Button</include>
                        <texture diffuse="home/tile.png" aligny="center" align="center">$INFO[Skin.String(home.323.Icon)]</texture>
                        <animation effect="fade" start="100" end="45" time="100" condition="!Skin.HasSetting(home.dontfade) + [Window.IsVisible(videoosd) | !Control.HasFocus(316)]">Conditional</animation>
                    </control>
                    <control type="label">
                        <include>Home-Menu-Label</include>
                        <label>$INFO[Skin.String(home.323.Label)]</label>
                        <animation effect="fade" start="100" end="45" time="100" condition="!Skin.HasSetting(home.dontfade) + [Window.IsVisible(videoosd) | !Control.HasFocus(316)]">Conditional</animation>
                        <animation effect="slide" start="0" end="0,-10" time="100" condition="!Skin.HasSetting(home.talltiles) + Control.HasFocus(316)">Conditional</animation>
                    </control>
                    <control type="image">
                        <colordiffuse>$INFO[Skin.String(home.323.bgcolor)]</colordiffuse>
                        <include>Home-Highlight</include>
                        <visible>Control.HasFocus(316)</visible>
                    </control>
                </control>
                <control type="group">
                    <include>Home-Button-Group-Width</include>
                    <include>Home-Menu-Button-BG</include>
                    <include>Home-Menu-Visibility</include>
                    <visible>Skin.HasSetting(home.324.enabled)</visible>
                    <animation effect="slide" start="400,400" end="0" delay="225" time="100">Visible</animation>
                    <animation effect="slide" start="400,400" end="0" delay="225" time="100" condition="Window.IsActive(home)">WindowOpen</animation>
                    <control type="button" id="317">
                        <include>Home-Menu-Button</include>
                        <onfocus>SetProperty(bgwidget.type,$INFO[Skin.String(home.324.bgwidget.type)],home)</onfocus>
                        <onfocus>SetProperty(bgwidget,$INFO[Skin.String(home.324.bgwidget)],home)</onfocus>
                        <visible>Skin.HasSetting(home.324.enabled)</visible>
                        <onclick condition="!Skin.HasSetting(home.disablehubs) + IsEmpty(home.324.focushub)">SetProperty(focushub,1,home)</onclick>
                        <onclick>ClearProperty(homefocus,home)</onclick>
                        <onclick>$INFO[Skin.String(home.324.Path)]</onclick>
                        <colordiffuse>$INFO[Skin.String(home.324.bgcolor)]</colordiffuse>
                        <onleft>316</onleft>
                        <onright>318</onright>
                        <animation effect="fade" start="100" end="45" time="100" condition="!Skin.HasSetting(home.dontfade) + [Window.IsVisible(videoosd) | !Control.HasFocus(317)]">Conditional</animation>
                    </control>
                    <control type="image">
                        <include>Home-Menu-Button</include>
                        <texture diffuse="home/tile.png" aligny="center" align="center">$INFO[Skin.String(home.324.Icon)]</texture>
                        <animation effect="fade" start="100" end="45" time="100" condition="!Skin.HasSetting(home.dontfade) + [Window.IsVisible(videoosd) | !Control.HasFocus(317)]">Conditional</animation>
                    </control>
                    <control type="label">
                        <include>Home-Menu-Label</include>
                        <label>$INFO[Skin.String(home.324.Label)]</label>
                        <animation effect="fade" start="100" end="45" time="100" condition="!Skin.HasSetting(home.dontfade) + [Window.IsVisible(videoosd) | !Control.HasFocus(317)]">Conditional</animation>
                        <animation effect="slide" start="0" end="0,-10" time="100" condition="!Skin.HasSetting(home.talltiles) + Control.HasFocus(317)">Conditional</animation>
                    </control>
                    <control type="image">
                        <colordiffuse>$INFO[Skin.String(home.324.bgcolor)]</colordiffuse>
                        <include>Home-Highlight</include>
                        <visible>Control.HasFocus(317)</visible>
                    </control>
                </control>
                <control type="group">
                    <include>Home-Button-Group-Width</include>
                    <include>Home-Menu-Button-BG</include>
                    <include>Home-Menu-Visibility</include>
                    <visible>Skin.HasSetting(home.325.enabled)</visible>
                    <animation effect="slide" start="400,400" end="0" delay="225" time="100">Visible</animation>
                    <animation effect="slide" start="400,400" end="0" delay="225" time="100" condition="Window.IsActive(home)">WindowOpen</animation>
                    <control type="button" id="318">
                        <include>Home-Menu-Button</include>
                        <onfocus>SetProperty(bgwidget.type,$INFO[Skin.String(home.325.bgwidget.type)],home)</onfocus>
                        <onfocus>SetProperty(bgwidget,$INFO[Skin.String(home.325.bgwidget)],home)</onfocus>
                        <visible>Skin.HasSetting(home.325.enabled)</visible>
                        <onclick>ClearProperty(homefocus,home)</onclick>
                        <onclick condition="!Skin.HasSetting(home.disablehubs) + IsEmpty(home.325.focushub)">SetProperty(focushub,1,home)</onclick>
                        <onclick>$INFO[Skin.String(home.325.Path)]</onclick>
                        <colordiffuse>$INFO[Skin.String(home.325.bgcolor)]</colordiffuse>
                        <onleft>317</onleft>
                        <onright>319</onright>
                        <animation effect="fade" start="100" end="45" time="100" condition="!Skin.HasSetting(home.dontfade) + [Window.IsVisible(videoosd) | !Control.HasFocus(318)]">Conditional</animation>
                    </control>
                    <control type="image">
                        <include>Home-Menu-Button</include>
                        <texture diffuse="home/tile.png" aligny="center" align="center">$INFO[Skin.String(home.325.Icon)]</texture>
                        <animation effect="fade" start="100" end="45" time="100" condition="!Skin.HasSetting(home.dontfade) + [Window.IsVisible(videoosd) | !Control.HasFocus(318)]">Conditional</animation>
                    </control>
                    <control type="label">
                        <include>Home-Menu-Label</include>
                        <label>$INFO[Skin.String(home.325.Label)]</label>
                        <animation effect="fade" start="100" end="45" time="100" condition="!Skin.HasSetting(home.dontfade) + [Window.IsVisible(videoosd) | !Control.HasFocus(318)]">Conditional</animation>
                        <animation effect="slide" start="0" end="0,-10" time="100" condition="!Skin.HasSetting(home.talltiles) + Control.HasFocus(318)">Conditional</animation>
                    </control>
                    <control type="image">
                        <colordiffuse>$INFO[Skin.String(home.325.bgcolor)]</colordiffuse>
                        <include>Home-Highlight</include>
                        <visible>Control.HasFocus(318)</visible>
                    </control>
                </control>
                <control type="group">
                    <include>Home-Button-Group-Width</include>
                    <include>Home-Menu-Button-BG</include>
                    <include>Home-Menu-Visibility</include>
                    <visible>Skin.HasSetting(home.326.enabled)</visible>
                    <animation effect="slide" start="400,400" end="0" delay="225" time="100">Visible</animation>
                    <animation effect="slide" start="400,400" end="0" delay="225" time="100" condition="Window.IsActive(home)">WindowOpen</animation>
                    <control type="button" id="319">
                        <include>Home-Menu-Button</include>
                        <onfocus>SetProperty(bgwidget.type,$INFO[Skin.String(home.326.bgwidget.type)],home)</onfocus>
                        <onfocus>SetProperty(bgwidget,$INFO[Skin.String(home.326.bgwidget)],home)</onfocus>
                        <visible>Skin.HasSetting(home.326.enabled)</visible>
                        <onclick condition="!Skin.HasSetting(home.disablehubs) + IsEmpty(home.326.focushub)">SetProperty(focushub,1,home)</onclick>
                        <onclick>ClearProperty(homefocus,home)</onclick>
                        <onclick>$INFO[Skin.String(home.326.Path)]</onclick>
                        <colordiffuse>$INFO[Skin.String(home.326.bgcolor)]</colordiffuse>
                        <onleft>318</onleft>
                        <onright>320</onright>
                        <animation effect="fade" start="100" end="45" time="100" condition="!Skin.HasSetting(home.dontfade) + [Window.IsVisible(videoosd) | !Control.HasFocus(319)]">Conditional</animation>
                    </control>
                    <control type="image">
                        <include>Home-Menu-Button</include>
                        <texture diffuse="home/tile.png" aligny="center" align="center">$INFO[Skin.String(home.326.Icon)]</texture>
                        <animation effect="fade" start="100" end="45" time="100" condition="!Skin.HasSetting(home.dontfade) + [Window.IsVisible(videoosd) | !Control.HasFocus(319)]">Conditional</animation>
                    </control>
                    <control type="label">
                        <include>Home-Menu-Label</include>
                        <label>$INFO[Skin.String(home.326.Label)]</label>
                        <animation effect="fade" start="100" end="45" time="100" condition="!Skin.HasSetting(home.dontfade) + [Window.IsVisible(videoosd) | !Control.HasFocus(319)]">Conditional</animation>
                        <animation effect="slide" start="0" end="0,-10" time="100" condition="!Skin.HasSetting(home.talltiles) + Control.HasFocus(319)">Conditional</animation>
                    </control>
                    <control type="image">
                        <colordiffuse>$INFO[Skin.String(home.326.bgcolor)]</colordiffuse>
                        <include>Home-Highlight</include>
                        <visible>Control.HasFocus(319)</visible>
                    </control>
                </control>
                <control type="group">
                    <include>Home-Button-Group-Width</include>
                    <include>Home-Menu-Button-BG</include>
                    <include>Home-Menu-Visibility</include>
                    <visible>Skin.HasSetting(home.327.enabled)</visible>
                    <animation effect="slide" start="400,400" end="0" delay="225" time="100">Visible</animation>
                    <animation effect="slide" start="400,400" end="0" delay="225" time="100" condition="Window.IsActive(home)">WindowOpen</animation>
                    <control type="button" id="320">
                        <include>Home-Menu-Button</include>
                        <onfocus>SetProperty(bgwidget.type,$INFO[Skin.String(home.327.bgwidget.type)],home)</onfocus>
                        <onfocus>SetProperty(bgwidget,$INFO[Skin.String(home.327.bgwidget)],home)</onfocus>
                        <visible>Skin.HasSetting(home.327.enabled)</visible>
                        <onclick>ClearProperty(homefocus,home)</onclick>
                        <onclick condition="!Skin.HasSetting(home.disablehubs) + IsEmpty(home.327.focushub)">SetProperty(focushub,1,home)</onclick>
                        <onclick>$INFO[Skin.String(home.327.Path)]</onclick>
                        <colordiffuse>$INFO[Skin.String(home.327.bgcolor)]</colordiffuse>
                        <onleft>319</onleft>
                        <onright>321</onright>
                        <animation effect="fade" start="100" end="45" time="100" condition="!Skin.HasSetting(home.dontfade) + [Window.IsVisible(videoosd) | !Control.HasFocus(320)]">Conditional</animation>
                    </control>
                    <control type="image">
                        <include>Home-Menu-Button</include>
                        <texture diffuse="home/tile.png" aligny="center" align="center">$INFO[Skin.String(home.327.Icon)]</texture>
                        <animation effect="fade" start="100" end="45" time="100" condition="!Skin.HasSetting(home.dontfade) + [Window.IsVisible(videoosd) | !Control.HasFocus(320)]">Conditional</animation>
                    </control>
                    <control type="label">
                        <include>Home-Menu-Label</include>
                        <label>$INFO[Skin.String(home.327.Label)]</label>
                        <animation effect="fade" start="100" end="45" time="100" condition="!Skin.HasSetting(home.dontfade) + [Window.IsVisible(videoosd) | !Control.HasFocus(320)]">Conditional</animation>
                        <animation effect="slide" start="0" end="0,-10" time="100" condition="!Skin.HasSetting(home.talltiles) + Control.HasFocus(320)">Conditional</animation>
                    </control>
                    <control type="image">
                        <colordiffuse>$INFO[Skin.String(home.327.bgcolor)]</colordiffuse>
                        <include>Home-Highlight</include>
                        <visible>Control.HasFocus(320)</visible>
                    </control>
                </control>
                <control type="group">
                    <include>Home-Button-Group-Width</include>
                    <include>Home-Menu-Button-BG</include>
                    <include>Home-Menu-Visibility</include>
                    <visible>Skin.HasSetting(home.328.enabled)</visible>
                    <animation effect="slide" start="400,400" end="0" delay="225" time="100">Visible</animation>
                    <animation effect="slide" start="400,400" end="0" delay="225" time="100" condition="Window.IsActive(home)">WindowOpen</animation>
                    <control type="button" id="321">
                        <include>Home-Menu-Button</include>
                        <onfocus>SetProperty(bgwidget.type,$INFO[Skin.String(home.328.bgwidget.type)],home)</onfocus>
                        <onfocus>SetProperty(bgwidget,$INFO[Skin.String(home.328.bgwidget)],home)</onfocus>
                        <visible>Skin.HasSetting(home.328.enabled)</visible>
                        <onclick condition="!Skin.HasSetting(home.disablehubs) + IsEmpty(home.328.focushub)">SetProperty(focushub,1,home)</onclick>
                        <onclick>ClearProperty(homefocus,home)</onclick>
                        <onclick>$INFO[Skin.String(home.328.Path)]</onclick>
                        <colordiffuse>$INFO[Skin.String(home.328.bgcolor)]</colordiffuse>
                        <onleft>320</onleft>
                        <onright>322</onright>
                        <animation effect="fade" start="100" end="45" time="100" condition="!Skin.HasSetting(home.dontfade) + [Window.IsVisible(videoosd) | !Control.HasFocus(321)]">Conditional</animation>
                    </control>
                    <control type="image">
                        <include>Home-Menu-Button</include>
                        <texture diffuse="home/tile.png" aligny="center" align="center">$INFO[Skin.String(home.328.Icon)]</texture>
                        <animation effect="fade" start="100" end="45" time="100" condition="!Skin.HasSetting(home.dontfade) + [Window.IsVisible(videoosd) | !Control.HasFocus(321)]">Conditional</animation>
                    </control>
                    <control type="label">
                        <include>Home-Menu-Label</include>
                        <label>$INFO[Skin.String(home.328.Label)]</label>
                        <animation effect="fade" start="100" end="45" time="100" condition="!Skin.HasSetting(home.dontfade) + [Window.IsVisible(videoosd) | !Control.HasFocus(321)]">Conditional</animation>
                        <animation effect="slide" start="0" end="0,-10" time="100" condition="!Skin.HasSetting(home.talltiles) + Control.HasFocus(321)">Conditional</animation>
                    </control>
                    <control type="image">
                        <colordiffuse>$INFO[Skin.String(home.328.bgcolor)]</colordiffuse>
                        <include>Home-Highlight</include>
                        <visible>Control.HasFocus(321)</visible>
                    </control>
                </control>
                <control type="group">
                    <include>Home-Button-Group-Width</include>
                    <include>Home-Menu-Button-BG</include>
                    <include>Home-Menu-Visibility</include>
                    <visible>Skin.HasSetting(home.329.enabled)</visible>
                    <animation effect="slide" start="400,400" end="0" delay="225" time="100">Visible</animation>
                    <animation effect="slide" start="400,400" end="0" delay="225" time="100" condition="Window.IsActive(home)">WindowOpen</animation>
                    <control type="button" id="322">
                        <include>Home-Menu-Button</include>
                        <onfocus>SetProperty(bgwidget.type,$INFO[Skin.String(home.329.bgwidget.type)],home)</onfocus>
                        <onfocus>SetProperty(bgwidget,$INFO[Skin.String(home.329.bgwidget)],home)</onfocus>
                        <visible>Skin.HasSetting(home.329.enabled)</visible>
                        <onclick condition="!Skin.HasSetting(home.disablehubs) + IsEmpty(home.329.focushub)">SetProperty(focushub,1,home)</onclick>
                        <onclick>ClearProperty(homefocus,home)</onclick>
                        <onclick>$INFO[Skin.String(home.329.Path)]</onclick>
                        <colordiffuse>$INFO[Skin.String(home.329.bgcolor)]</colordiffuse>
                        <onleft>321</onleft>
                        <onright>323</onright>
                        <animation effect="fade" start="100" end="45" time="100" condition="!Skin.HasSetting(home.dontfade) + [Window.IsVisible(videoosd) | !Control.HasFocus(322)]">Conditional</animation>
                    </control>
                    <control type="image">
                        <include>Home-Menu-Button</include>
                        <texture diffuse="home/tile.png" aligny="center" align="center">$INFO[Skin.String(home.329.Icon)]</texture>
                        <animation effect="fade" start="100" end="45" time="100" condition="!Skin.HasSetting(home.dontfade) + [Window.IsVisible(videoosd) | !Control.HasFocus(322)]">Conditional</animation>
                    </control>
                    <control type="label">
                        <include>Home-Menu-Label</include>
                        <label>$INFO[Skin.String(home.329.Label)]</label>
                        <animation effect="fade" start="100" end="45" time="100" condition="!Skin.HasSetting(home.dontfade) + [Window.IsVisible(videoosd) | !Control.HasFocus(322)]">Conditional</animation>
                        <animation effect="slide" start="0" end="0,-10" time="100" condition="!Skin.HasSetting(home.talltiles) + Control.HasFocus(322)">Conditional</animation>
                    </control>
                    <control type="image">
                        <colordiffuse>$INFO[Skin.String(home.329.bgcolor)]</colordiffuse>
                        <include>Home-Highlight</include>
                        <visible>Control.HasFocus(322)</visible>
                    </control>
                    
                </control>
                
                
                <!-- SYSTEM STUFF -->
                
                <control type="group">
                    <include>Home-Button-Group-Width</include>
                    <include>Home-Menu-Button-BG</include>
                    <include>Home-Menu-Visibility</include>
                    <visible>Skin.HasSetting(home.313.enabled)</visible>
                    <animation effect="slide" start="400,400" end="0" delay="300" time="100">Visible</animation>
                    <animation effect="slide" start="400,400" end="0" delay="300" time="100" condition="Window.IsActive(home)">WindowOpen</animation>
                    <control type="button" id="323">
                        <include>Home-Menu-Button</include>
                        <onfocus>SetProperty(bgwidget.type,$INFO[Skin.String(home.313.bgwidget.type)],home)</onfocus>
                        <onfocus>SetProperty(bgwidget,$INFO[Skin.String(home.313.bgwidget)],home)</onfocus>
                        <visible>Skin.HasSetting(home.313.enabled)</visible>
                        <onclick>ClearProperty(homefocus,home)</onclick>
                        <onclick>$INFO[Skin.String(home.313.Path)]</onclick>
                        <colordiffuse>$INFO[Skin.String(home.313.bgcolor)]</colordiffuse>
                        <onleft>322</onleft>
                        <onright>324</onright>
                        <animation effect="fade" start="100" end="45" time="100" condition="!Skin.HasSetting(home.dontfade) + [Window.IsVisible(videoosd) | !Control.HasFocus(323)]">Conditional</animation>
                    </control>
                    <control type="image">
                        <include>Home-Menu-Button</include>
                        <texture diffuse="home/tile.png" aligny="center" align="center">$INFO[Skin.String(home.313.Icon)]</texture>
                        <animation effect="fade" start="100" end="45" time="100" condition="!Skin.HasSetting(home.dontfade) + [Window.IsVisible(videoosd) | !Control.HasFocus(323)]">Conditional</animation>
                    </control>
                    <control type="label">
                        <include>Home-Menu-Label</include>
                        <label>$INFO[Skin.String(home.313.Label)]</label>
                        <animation effect="fade" start="100" end="45" time="100" condition="!Skin.HasSetting(home.dontfade) + [Window.IsVisible(videoosd) | !Control.HasFocus(323)]">Conditional</animation>
                        <animation effect="slide" start="0" end="0,-10" time="100" condition="!Skin.HasSetting(home.talltiles) + Control.HasFocus(323)">Conditional</animation>
                    </control>
                    <control type="image">
                        <colordiffuse>$INFO[Skin.String(home.313.bgcolor)]</colordiffuse>
                        <include>Home-Highlight</include>
                        <visible>Control.HasFocus(323)</visible>
                    </control>
                </control>
                <control type="group">
                    <include>Home-Button-Group-Width</include>
                    <include>Home-Menu-Visibility</include>
                    <visible>Skin.HasSetting(home.314.enabled)</visible>
                    <animation effect="slide" start="400,400" end="0" delay="325" time="100">Visible</animation>
                    <animation effect="slide" start="400,400" end="0" delay="325" time="100" condition="Window.IsActive(home)">WindowOpen</animation>
                    <include>Home-Menu-Button-BG</include>
                    <control type="button" id="324">
                        <include>Home-Menu-Button</include>
                        <onfocus>SetProperty(bgwidget.type,$INFO[Skin.String(home.314.bgwidget.type)],home)</onfocus>
                        <onfocus>SetProperty(bgwidget,$INFO[Skin.String(home.314.bgwidget)],home)</onfocus>
                        <visible>Skin.HasSetting(home.314.enabled)</visible>
                        <onclick>ClearProperty(homefocus,home)</onclick>
                        <onclick>$INFO[Skin.String(home.314.Path)]</onclick>
                        <colordiffuse>$INFO[Skin.String(home.314.bgcolor)]</colordiffuse>
                        <onleft>323</onleft>
                        <onright>298</onright>
                        <animation effect="fade" start="100" end="45" time="100" condition="!Skin.HasSetting(home.dontfade) + [Window.IsVisible(videoosd) | !Control.HasFocus(324)]">Conditional</animation>
                    </control>
                    <control type="image">
                        <include>Home-Menu-Button</include>
                        <texture diffuse="home/tile.png" aligny="center" align="center">$INFO[Skin.String(home.314.Icon)]</texture>
                        <animation effect="fade" start="100" end="45" time="100" condition="!Skin.HasSetting(home.dontfade) + [Window.IsVisible(videoosd) | !Control.HasFocus(324)]">Conditional</animation>
                    </control>
                    <control type="label">
                        <include>Home-Menu-Label</include>
                        <label>$INFO[Skin.String(home.314.Label)]</label>
                        <animation effect="fade" start="100" end="45" time="100" condition="!Skin.HasSetting(home.dontfade) + [Window.IsVisible(videoosd) | !Control.HasFocus(324)]">Conditional</animation>
                        <animation effect="slide" start="0" end="0,-10" time="100" condition="!Skin.HasSetting(home.talltiles) + Control.HasFocus(324)">Conditional</animation>
                    </control>
                    <control type="image">
                        <colordiffuse>$INFO[Skin.String(home.314.bgcolor)]</colordiffuse>
                        <include>Home-Highlight</include>
                        <visible>Control.HasFocus(324)</visible>
                    </control>
                    
                </control>
            </control>
            <include condition="!Skin.HasSetting(home.talltiles)">Short-Home-Sides</include>
            <include condition="Skin.HasSetting(home.talltiles)">Tall-Home-Sides</include>
            
        </control>
    </include>
    <include name="Short-Home-Sides">
        <control type="button" id="351">
            <posx>-164</posx>
            <posy>252r</posy>   
            <onfocus>SetFocus(301)</onfocus>
            <texturefocus colordiffuse="TopBarDark">home/tile.png</texturefocus>
            <texturenofocus colordiffuse="TopBarDark">home/tile.png</texturenofocus>
            <include>Home-Menu-Button</include>
            <include>Home-Menu-Visibility</include>
            <animation effect="slide" start="400,400" end="0" delay="0" time="75">Visible</animation>
            <animation effect="slide" start="400,400" end="0" delay="0" time="75" condition="Window.IsActive(home)">WindowOpen</animation>
        </control>
        <control type="button" id="352">
            <posx>1889</posx>
            <posy>252r</posy>   
            <onfocus>SetFocus(324)</onfocus>
            <texturefocus colordiffuse="TopBarDark">home/tile.png</texturefocus>
            <texturenofocus colordiffuse="TopBarDark">home/tile.png</texturenofocus>
            <include>Home-Menu-Button</include>
            <include>Home-Menu-Visibility</include>
            <animation effect="slide" start="400,400" end="0" delay="275" time="100">Visible</animation>
            <animation effect="slide" start="400,400" end="0" delay="275" time="100" condition="Window.IsActive(home)">WindowOpen</animation>
        </control>
    </include>
    <include name="Tall-Home-Sides">
        <control type="button" id="351">
            <posx>-158</posx>
            <posy>358r</posy>   
            <onfocus>SetFocus(301)</onfocus>
            <texturefocus colordiffuse="PanelBG">home/half-tile.png</texturefocus>
            <texturenofocus colordiffuse="PanelBG">home/half-tile.png</texturenofocus>
            <include>Home-Menu-Button</include>
            <include>Home-Menu-Visibility</include>
            <animation effect="slide" start="400,400" end="0" delay="0" time="75">Visible</animation>
            <animation effect="slide" start="400,400" end="0" delay="0" time="75" condition="Window.IsActive(home)">WindowOpen</animation>
        </control>
        <control type="button" id="352">
            <posx>1856</posx>
            <posy>358r</posy>   
            <onfocus>SetFocus(324)</onfocus>
            <texturefocus colordiffuse="PanelBG">home/half-tile.png</texturefocus>
            <texturenofocus colordiffuse="PanelBG">home/half-tile.png</texturenofocus>
            <include>Home-Menu-Button</include>
            <include>Home-Menu-Visibility</include>
            <animation effect="slide" start="400,400" end="0" delay="275" time="100">Visible</animation>
            <animation effect="slide" start="400,400" end="0" delay="275" time="100" condition="Window.IsActive(home)">WindowOpen</animation>
        </control>
    </include>
</includes>
