<?xml version="1.0" encoding="UTF-8"?>
<!-- Foundation -->
<includes>

    <include file="Defaults.xml" />
    
    <include file="Includes_Defs.xml" />
    <include file="Includes_Labels.xml" />
    <include file="Includes_Home.xml" />
    <include file="Includes_Header.xml" />
    <include file="Includes_Widgets.xml" />
    <include file="Includes_Hub.xml" />
    <include file="Includes_Images.xml" />
    <include file="Includes_Animation.xml" />
    <include file="Includes_WindowContent.xml" />
    <include file="Includes_NextAired.xml" />
    <include file="Includes_OSD.xml" />
    
    <include file="View_50_List.xml" />
    <include file="View_51_Poster.xml" />
    <include file="View_52_Wall.xml" />
    <include file="View_53_Wide.xml" />
    <include file="View_54_Lovefilm.xml" />
    <include file="View_55_Banner.xml" />
    <include file="View_56_BigList.xml" />
    <include file="View_57_InfoList.xml" />
    <include file="View_58_BannerList.xml" />
    <include file="View_PVR.xml" />

    <include name="HiddenButton">
        <posx>-20</posx>
        <posy>-20</posy>
        <width>1</width>
        <height>1</height>
        <label>-</label>
        <texturenofocus>-</texturenofocus>
        <texturefocus>-</texturefocus>
    </include>

    <include name="Dimensions_Fullscreen">
        <posx>0</posx>
        <posy>0</posy>
        <width>1920</width>
        <height>1080</height>
        <aspectratio>scale</aspectratio>
    </include>

    <include name="WindowID">
        <width>780</width>
        <height>21</height>
        <textcolor>Highlight-NF</textcolor>
        <shadowcolor>Black</shadowcolor>
        <align>left</align>
    </include>

    <include name="DialogID">
        <width>780</width>
        <height>21</height>
        <textcolor>Green</textcolor>
        <shadowcolor>Black</shadowcolor>
        <align>left</align>
    </include>

    <include name="PathID">
        <posx>15r</posx>
        <posy>15</posy>
        <width>780</width>
        <height>21</height>
        <textcolor>Highlight-NF</textcolor>
        <shadowcolor>Black</shadowcolor>
        <align>right</align>
    </include>

    <include name="ControlID">
        <posx>15r</posx>
        <posy>48</posy>
        <width>780</width>
        <height>21</height>
        <textcolor>Highlight</textcolor>
        <shadowcolor>Black</shadowcolor>
        <align>right</align>
    </include>



</includes>
