<?xml version="1.0" encoding="UTF-8"?>
<includes>

    <variable name="9360Content">
        <value condition="Container.Content(artists)">$INFO[ListItem.DBID,musicdb://artists/,]</value>
        <value condition="Container.Content(albums)">$INFO[ListItem.DBID,musicdb://albums/,]</value>
    </variable>
    
    <include name="9500Focus">
        <defaultcontrol always="true">9500</defaultcontrol>
    </include>
  
    <include name="50Focus">
        <defaultcontrol always="true">50</defaultcontrol>
    </include>
    
    <include name="OSDPauseFocus">
        <defaultcontrol always="false">14</defaultcontrol>
    </include>
    <include name="OSDStopFocus">
        <defaultcontrol always="true">15</defaultcontrol>
    </include>
    
    <include name="DefInformationNavLabel">
        <control type="label" description="Navigation Label">
            <posx>11</posx>
            <posy>695</posy>
            <width>445</width>
            <aligny>top</aligny>
            <align>center</align>
            <font>Font-DialogInfoNav</font>
            <label>31160</label>
            <animation effect="fade" end="33" condition="true">Conditional</animation>
        </control>
    </include>
    
    <include name="DefSettingsHeader">
        <posx>250</posx>
        <posy>48</posy>
        <width>870</width>
        <align>left</align>
        <font>Font-DialogHeader</font>
        <include>Animation.FadeIn</include>
        <include>Animation.FadeOut</include>
    </include>
    
    <include name="DefSettingsCategoryButton">
        <align>left</align>
        <focusedcolor>PanelFG</focusedcolor>
        <height>66</height>
        <width>385</width>  
    </include>
    
    <include name="DefSettingsOKCancelButton">
        <font>Font-ListInfo-Small</font>
        <texturenofocus colordiffuse="PosterBorder" border="5">common/border-inner.png</texturenofocus>
        <texturefocus colordiffuse="PosterHighlight" border="5">common/border-inner.png</texturefocus>
        <height>66</height>
        <width>342</width>  
    </include>
    
    <include name="DefSettingsOKCancelGroup">
        <posx>horzpad</posx>
        <posy>705</posy>
        <width>globalw</width>
        <align>center</align>
        <itemgap>128</itemgap>
        <onup>10</onup>
        <orientation>horizontal</orientation>
    </include>
    
    <include name="DefSettingsLeftGroupWidth"><width>385</width></include>
    <include name="DefSettingsRightGroupWidth"><width>1063</width></include>
    
    <include name="DefSettingsLeftGroup">
        <posx>233</posx>
        <posy>120</posy>
        <include>DefSettingsLeftGroupWidth</include>
        <height>549</height>
        <itemgap>3</itemgap>
        <orientation>vertical</orientation>
        <include>Animation.SlideOpen.Right</include>
    </include>
    
    <include name="DefSettingsRightGroup">
        <posx>618</posx>
        <posy>120</posy>
        <include>DefSettingsRightGroupWidth</include>
        <height>549</height>
        <itemgap>3</itemgap>
        <pagecontrol>60</pagecontrol>
        <scrolltime>0</scrolltime>
        <orientation>vertical</orientation>
        <include>Animation.SlideOpen.Left</include>
    </include>
    
    <include name="DefSettingsLines">
        <control type="grouplist">
            <include>DefSettingsLeftGroup</include>
            <control type="image">
                <include>DefSettingsLeftGroupWidth</include>
                <height>66</height>
                <texture colordiffuse="PosterBorder-NF" border="5">common/border-inner.png</texture>
            </control>
            <control type="image">
                <include>DefSettingsLeftGroupWidth</include>
                <height>66</height>
                <texture colordiffuse="PosterBorder-NF" border="5">common/border-inner.png</texture>
            </control>
            <control type="image">
                <include>DefSettingsLeftGroupWidth</include>
                <height>66</height>
                <texture colordiffuse="PosterBorder-NF" border="5">common/border-inner.png</texture>
            </control>
            <control type="image">
                <include>DefSettingsLeftGroupWidth</include>
                <height>66</height>
                <texture colordiffuse="PosterBorder-NF" border="5">common/border-inner.png</texture>
            </control>
            <control type="image">
                <include>DefSettingsLeftGroupWidth</include>
                <height>66</height>
                <texture colordiffuse="PosterBorder-NF" border="5">common/border-inner.png</texture>
            </control>
            <control type="image">
                <include>DefSettingsLeftGroupWidth</include>
                <height>66</height>
                <texture colordiffuse="PosterBorder-NF" border="5">common/border-inner.png</texture>
            </control>
            <control type="image">
                <include>DefSettingsLeftGroupWidth</include>
                <height>66</height>
                <texture colordiffuse="PosterBorder-NF" border="5">common/border-inner.png</texture>
            </control>
            <control type="image">
                <include>DefSettingsLeftGroupWidth</include>
                <height>66</height>
                <texture colordiffuse="PosterBorder-NF" border="5">common/border-inner.png</texture>
            </control>
        </control>
        <control type="grouplist">
            <include>DefSettingsRightGroup</include>
            <control type="image">
                <include>DefSettingsRightGroupWidth</include>
                <height>66</height>
                <texture colordiffuse="PosterBorder-NF" border="5">common/border-inner.png</texture>
            </control>
            <control type="image">
                <include>DefSettingsRightGroupWidth</include>
                <height>66</height>
                <texture colordiffuse="PosterBorder-NF" border="5">common/border-inner.png</texture>
            </control>
            <control type="image">
                <include>DefSettingsRightGroupWidth</include>
                <height>66</height>
                <texture colordiffuse="PosterBorder-NF" border="5">common/border-inner.png</texture>
            </control>
            <control type="image">
                <include>DefSettingsRightGroupWidth</include>
                <height>66</height>
                <texture colordiffuse="PosterBorder-NF" border="5">common/border-inner.png</texture>
            </control>
            <control type="image">
                <include>DefSettingsRightGroupWidth</include>
                <height>66</height>
                <texture colordiffuse="PosterBorder-NF" border="5">common/border-inner.png</texture>
            </control>
            <control type="image">
                <include>DefSettingsRightGroupWidth</include>
                <height>66</height>
                <texture colordiffuse="PosterBorder-NF" border="5">common/border-inner.png</texture>
            </control>
            <control type="image">
                <include>DefSettingsRightGroupWidth</include>
                <height>66</height>
                <texture colordiffuse="PosterBorder-NF" border="5">common/border-inner.png</texture>
            </control>
            <control type="image">
                <include>DefSettingsRightGroupWidth</include>
                <height>66</height>
                <texture colordiffuse="PosterBorder-NF" border="5">common/border-inner.png</texture>
            </control>
            
        </control>
        <control type="image">
            <width>8</width>
            <height>549</height>
            <include>DefSettingsRightGroup</include>
            <texture colordiffuse="PosterBorder-NF">common/white.png</texture>
        </control>

    </include>
    
    
    
    <include name="DefSettingsSeparator">

        <control type="image">
            <posx>618</posx>
            <posy>120</posy>
            <height>549</height>
            <width>8</width>
            <texture colordiffuse="PosterBorder">common/white.png</texture>
            <include>Animation.SlideOpen.Left</include>
            <animation effect="fade" start="100" end="65" condition="true">Conditional</animation>
        </control>
    </include>
        
    <include name="DefOnBack">
        <onback>SetProperty(librarynode,$INFO[Container.FolderPath],home)</onback>
        <!--<onback condition="!IsEmpty(Container(9500).ListItem.Label) + !Skin.HasSetting(home.disablehubs) + [stringcompare(Container.FolderPath,videodb://recentlyaddedmovies/) | stringcompare(Container.FolderPath,videodb://recentlyaddedepisodes/) | stringcompare(Container.FolderPath,videodb://movies/genres/) | stringcompare(Container.FolderPath,videodb://movies/titles/) | stringcompare(Container.FolderPath,videodb://tvshows/titles/) | stringcompare(Container.FolderPath,videodb://tvshows/genres/) | stringcompare(Container.FolderPath,videodb://movies/years/) | stringcompare(Container.FolderPath,videodb://tvshows/years/) | stringcompare(Container.FolderPath,videodb://movies/actors/) | stringcompare(Container.FolderPath,videodb://tvshows/actors/) | stringcompare(Container.FolderPath,videodb://movies/directors/) | stringcompare(Container.FolderPath,videodb://movies/studios/) | stringcompare(Container.FolderPath,videodb://tvshows/studios/) | stringcompare(Container.FolderPath,videodb://movies/countries/) | stringcompare(Container.FolderPath,videodb://tvshows/countries/) | stringcompare(Container.FolderPath,videodb://movies/sets/) | stringcompare(Container.FolderPath,musicdb://artists/) | stringcompare(Container.FolderPath,musicdb://albums/) | stringcompare(Container.FolderPath,musicdb://years/) | stringcompare(Container.FolderPath,musicdb://songs/) | stringcompare(Container.FolderPath,musicdb://singles/) | stringcompare(Container.FolderPath,musicdb://genres/) | stringcompare(Container.FolderPath,musicdb://top100/albums/) | stringcompare(Container.FolderPath,musicdb://recentlyplayedalbums/) | stringcompare(Container.FolderPath,musicdb://recentlyaddedalbums/) | stringcompare(Container.FolderPath,special://musicplaylists/) | stringcompare(Container.FolderPath,videodb://musicvideos/titles/) | stringcompare(Container.FolderPath,addons://sources/audio/)]">SetProperty(focushub,1,home)</onback>
        <onback condition="!IsEmpty(Container(9500).ListItem.Label) + !Skin.HasSetting(home.disablehubs) + [stringcompare(Container.FolderPath,videodb://recentlyaddedmovies/) | stringcompare(Container.FolderPath,videodb://recentlyaddedepisodes/) | stringcompare(Container.FolderPath,videodb://movies/genres/) | stringcompare(Container.FolderPath,videodb://movies/titles/) | stringcompare(Container.FolderPath,videodb://tvshows/titles/) | stringcompare(Container.FolderPath,videodb://tvshows/genres/) | stringcompare(Container.FolderPath,videodb://movies/years/) | stringcompare(Container.FolderPath,videodb://tvshows/years/) | stringcompare(Container.FolderPath,videodb://movies/actors/) | stringcompare(Container.FolderPath,videodb://tvshows/actors/) | stringcompare(Container.FolderPath,videodb://movies/directors/) | stringcompare(Container.FolderPath,videodb://movies/studios/) | stringcompare(Container.FolderPath,videodb://tvshows/studios/) | stringcompare(Container.FolderPath,videodb://movies/countries/) | stringcompare(Container.FolderPath,videodb://tvshows/countries/) | stringcompare(Container.FolderPath,videodb://movies/sets/) | stringcompare(Container.FolderPath,musicdb://artists/) | stringcompare(Container.FolderPath,musicdb://albums/) | stringcompare(Container.FolderPath,musicdb://years/) | stringcompare(Container.FolderPath,musicdb://songs/) | stringcompare(Container.FolderPath,musicdb://singles/) | stringcompare(Container.FolderPath,musicdb://genres/) | stringcompare(Container.FolderPath,musicdb://top100/albums/) | stringcompare(Container.FolderPath,musicdb://recentlyplayedalbums/) | stringcompare(Container.FolderPath,musicdb://recentlyaddedalbums/) | stringcompare(Container.FolderPath,special://musicplaylists/) | stringcompare(Container.FolderPath,videodb://musicvideos/titles/) | stringcompare(Container.FolderPath,addons://sources/audio/)]">9500</onback>-->
    </include>
    
    <variable name="DefSettingsOnRight">
        <value condition="Window.IsVisible(AppearanceSettings)">ReplaceWindow(VideosSettings)</value>
        <value condition="Window.IsVisible(VideosSettings)">ReplaceWindow(MusicSettings)</value>
        <value condition="Window.IsVisible(MusicSettings)">ReplaceWindow(PicturesSettings)</value>
        <value condition="Window.IsVisible(PicturesSettings)">ReplaceWindow(WeatherSettings)</value>
        <value condition="Window.IsVisible(WeatherSettings)">ReplaceWindow(NetworkSettings)</value>
        <value condition="Window.IsVisible(NetworkSettings)">ReplaceWindow(SystemSettings)</value>
        <value condition="Window.IsVisible(SystemSettings)">ReplaceWindow(PvrSettings)</value>
        <value condition="Window.IsVisible(PvrSettings)">ReplaceWindow(SkinSettings)</value>
        <value condition="Window.IsVisible(SkinSettings)">ReplaceWindow(AppearanceSettings)</value>
    </variable>
    
    <variable name="DefSettingsOnLeft">
        <value condition="Window.IsVisible(AppearanceSettings)">ReplaceWindow(SkinSettings)</value>
        <value condition="Window.IsVisible(VideosSettings)">ReplaceWindow(AppearanceSettings)</value>
        <value condition="Window.IsVisible(MusicSettings)">ReplaceWindow(VideosSettings)</value>
        <value condition="Window.IsVisible(PicturesSettings)">ReplaceWindow(MusicSettings)</value>
        <value condition="Window.IsVisible(WeatherSettings)">ReplaceWindow(PicturesSettings)</value>
        <value condition="Window.IsVisible(NetworkSettings)">ReplaceWindow(WeatherSettings)</value>
        <value condition="Window.IsVisible(SystemSettings)">ReplaceWindow(NetworkSettings)</value>
        <value condition="Window.IsVisible(PvrSettings)">ReplaceWindow(SystemSettings)</value>
        <value condition="Window.IsVisible(SkinSettings)">ReplaceWindow(PvrSettings)</value>
    </variable>
    
    <include name="DefScrollBarMove">
        <onleft>SetProperty(librarynode,$INFO[Container.FolderPath],home)</onleft>
        <onleft>ActivateWindow($INFO[Window(home).Property(previoushub)])</onleft>
        <!--<onleft condition="!IsEmpty(Container(9500).ListItem.Label) + [[Window.IsVisible(MyVideoNav.xml) + [substring(Container.FolderPath,tvshows) | substring(Container.FolderPath,episodes) | substring(Container.FolderPath,movies)]] | Window.IsVisible(MyMusicNav.xml)]">SetProperty(focushub,1,home)</onleft>
        <onleft condition="!IsEmpty(Container(9500).ListItem.Label) + [[Window.IsVisible(MyVideoNav.xml) + [substring(Container.FolderPath,tvshows) | substring(Container.FolderPath,episodes) | substring(Container.FolderPath,movies)]] | Window.IsVisible(MyMusicNav.xml)]">SetFocus(9500)</onleft>-->
        <onright>50</onright>
    </include>
    
    <include name="DefSideLabelCoords">
        <posx>1548</posx>
        <posy>210</posy>
        <aligny>top</aligny>
        <width>690</width>
        <font>Font-ViewCategory</font>
        <animation effect="rotate" start="0" end="270" condition="true" center="1548,210">Conditional</animation>
        <animation effect="fade" end="25" condition="true">Conditional</animation>
        <animation effect="fade" start="0" end="100" delay="200" time="650" reversible="false">WindowOpen</animation>
        <animation effect="fade" start="0" end="100" delay="200" time="650" reversible="false">Visible</animation>
        <animation effect="fade" start="100" end="0" delay="0" time="0" reversible="false">WindowClose</animation>
        <animation effect="fade" start="100" end="0" delay="0" time="0" reversible="false">Hidden</animation>
    </include>
    
    <include name="DefSideContextMenu">
        <control type="group">  
            <include>Animation.SlideOpen.Left</include>
            <control type="grouplist" id="996">
                <include>DefMyNavBarGroupList</include>
                <control type="button" id="1000">
                    <description>Buttons</description>
                    <include>DefNavMenuButton</include>
                </control>
            </control>
        </control>
    </include>
    <include name="DefTopContextMenu">
        <control type="group">  
            <include>DefContextMenuBackground</include>     
            <include>Animation.SlideOpen.Left</include>
            <control type="grouplist" id="996">
                <include>DefContextMenuGroupList</include>
                <control type="button" id="1000">
                    <description>Buttons</description>
                    <include>DefContextMenuButton</include>
                </control>
            </control>
        </control>
    </include>
    
    <include name="DefFullScreenNav">
        <control type="group">
            <posx>0</posx>
            <posy>70</posy>
            <include>DialogVisibility</include>
            <include>Animation.FadeIn</include>
            <include>Animation.FadeOut</include>
            <visible allowhiddenfocus="true">Control.HasFocus(9001)</visible>
            <control type="group">
                <posx>listx</posx>
                <posy>listy</posy>
                <control type="image">
                    
                    <width>globalw</width>
                    <height>globalh</height>
                    <texture colordiffuse="PosterBorder" border="5">common/border-inner.png</texture>
                </control> 
                <control type="image">
                    <posx>globalpad</posx>
                    <posy>globalpad</posy>
                    <width>lovefilmw</width>
                    <height>bigposterh</height>
                    <texture colordiffuse="Black">common/white.png</texture>
                </control>
                <control type="videowindow">
                    <posx>globalpad</posx>
                    <posy>globalpad</posy>
                    <width>lovefilmw</width>
                    <height>bigposterh</height>
                    <visible>Player.HasVideo</visible>
                </control>
                <control type="visualisation">
                    <posx>globalpad</posx>
                    <posy>globalpad</posy>
                    <width>lovefilmw</width>
                    <height>bigposterh</height>
                    <visible>Player.HasAudio</visible>
                </control>
                <control type="image">
                    <posx>globalpad</posx>
                    <posy>globalpad</posy>
                    <width>lovefilmw</width>
                    <height>bigposterh</height>
                    <texture border="2" colordiffuse="BorderColor">common/border.png</texture>
                </control>
            </control>
        </control>
    </include>
    
    <include name="DefDialogInfoSideLabel">
        <control type="label" description="Info Label">
            <include>DefSideLabelCoords</include>
            <label>$INFO[ListItem.Label]</label>
            <visible>!ControlGroup(9500).HasFocus()</visible>
        </control>
    </include>
    
    <include name="DefSideLabel">
        <control type="label">
            <include>DefSideLabelCoords</include>
            <label>$VAR[NavSideLabel]</label>
            <visible>!Container(51).OnScrollNext + !Container(51).OnScrollPrevious</visible>
            <visible>!ControlGroup(9000).HasFocus()</visible>
            <visible>!Window.IsActive(DialogContextMenu.xml)</visible>
        </control>
    </include>
    
    <include name="DefMyNavViews">
        <control type="group">
            <posy>70</posy>
            <posx>horzpad</posx>
            <include>DialogVisibility</include>
            <visible>!Window.IsVisible(DialogMediaSource.xml)</visible>
            <visible>!Window.IsVisible(DialogContentSettings.xml)</visible>
            <animation effect="slide" end="-1920" start="0" delay="0" time="200" condition="Window.IsActive(movieinformation)">Conditional</animation>
            <animation effect="slide" end="-1920" start="0" delay="0" time="200" condition="Window.IsActive(musicinformation)">Conditional</animation>
            <animation effect="slide" end="-1920" start="0" delay="0" time="200" condition="Window.IsActive(addoninformation)">Conditional</animation>
            <animation effect="fade" end="0" start="100" delay="0" time="200" condition="Control.HasFocus(9001)">Conditional</animation>
            <animation effect="slide" end="horznegpad" start="0" time="200" condition="ControlGroup(9000).HasFocus() | Window.IsActive(DialogContextMenu.xml)">Conditional</animation>
            <include>Animation.SlideOpen.Left</include>
            <include>Animation.FadeOut</include>
            <include>View_50_List</include>
            <include>View_51_Poster</include>
            <include>View_52_Wall</include>
            <include>View_53_Wide</include>
            <include>View_54_Lovefilm</include>
            <include>View_55_Banner</include>            
            <include>View_56_BigList</include>
            <include condition="Window.IsVisible(MyVideoNav.xml)">View_57_InfoList</include>
            <include condition="Window.IsVisible(MyVideoNav.xml)">View_58_BannerList</include>
        </control>
        <include>NextAiredRSS</include>

    </include>
    
    <include name="DefMyNavViews.Right">
        <control type="group">
            <posy>70</posy>
            <posx>horzpad</posx>
            <include>DialogVisibility</include>
            <visible allowhiddenfocus="true">![Control.HasFocus(9500) | Control.HasFocus(9501) | Control.HasFocus(9502) | ControlGroup(300).HasFocus()]</visible>
            <animation effect="slide" end="-1920" start="0" delay="0" time="200" condition="Window.IsActive(movieinformation)">Conditional</animation>
            <animation effect="slide" end="-1920" start="0" delay="0" time="200" condition="Window.IsActive(musicinformation)">Conditional</animation>
            <animation effect="slide" end="-1920" start="0" delay="0" time="200" condition="Window.IsActive(addoninformation)">Conditional</animation>
            <include>Animation.SlideOpen.Right</include>
            <include>Animation.FadeOut</include>
            <include>View_50_List</include>
            <include>View_56_BigList</include>  
            <animation effect="slide" end="horznegpad" start="0" time="200" condition="ControlGroup(9000).HasFocus() | Window.IsActive(DialogContextMenu.xml)">Conditional</animation>          
        </control>
    </include>
    
    <include name="DefWatchedProgress">
        <control type="image">
            <posx>8</posx>
            <posy>9</posy>
            <width>48</width>
            <height>48</height>
            <texture colordiffuse="PanelFG-NF">$INFO[ListItem.PercentPlayed,common/circle/,.png]</texture>
            <visible>!ListItem.IsPlaying + !IntegerGreaterThan(ListItem.PercentPlayed,99) + IntegerGreaterThan(ListItem.PercentPlayed,1)</visible>
        </control>
        <control type="label">
            <posx>32</posx>
            <posy>9</posy>
            <width>48</width>
            <height>48</height>
            <align>center</align>
            <aligny>center</aligny>
            <font>Font-Button</font>
            <label>$VAR[WatchedLabel]</label>
            <visible>ListItem.IsPlaying | IntegerGreaterThan(ListItem.PercentPlayed,99) | !IntegerGreaterThan(ListItem.PercentPlayed,1)</visible>
        </control>
    </include>
    
    <include name="DefMyNavBarGroupList">
        <posx>438r</posx>
        <posy>280</posy>
        <width>440</width>
        <height>690</height>
        <itemgap>10</itemgap>
        <orientation>vertical</orientation>
        <onleft>50</onleft>
        <onback condition="!Window.IsVisible(MyPVR.xml)">50</onback>
        <onright>50</onright>
        <onup>9000</onup>
        <ondown>9000</ondown>
    </include>
    
    <include name="DefNavMenuButton">
        <width>440</width>
        <height>90</height>
        <align>left</align>
        <texturefocus border="12">common/border-inner-highlight.png</texturefocus>
        <alttexturefocus border="12">common/border-inner-highlight.png</alttexturefocus>
    </include>
    
    <include name="DefMyNavBar">
        <visible allowhiddenfocus="true">ControlGroup(9000).HasFocus()</visible>
        <include>Animation.SlideOpen.Left</include>
    </include>
    
    
    
    <!------------------>
    <!-- Context Menu -->
    <!------------------>
    
    
    <include name="DefContextMenuBackground">
        <control type="group">
            <control type="image">
                <posy>18</posy>
                <posx>210</posx>
                <width>1800</width>
                <height>164</height>    
                <texture flipx="true" flipy="true" border="75">$VAR[HeaderTileTexture]</texture>
                <colordiffuse>$VAR[HeaderColorBG]</colordiffuse>
            </control>
        </control>
    </include>
    
    <include name="DefContextMenuGroupList">
        <posx>250</posx>
        <posy>29</posy>
        <width>1670</width>
        <height>164</height>
        <itemgap>0</itemgap>
        <ondown>3</ondown>
        <orientation>horizontal</orientation>
    </include>
    
    <include name="DefContextMenuButton">
        <width>417</width>
        <height>142</height>
        <texturefocus>-</texturefocus>
        <textcolor>$VAR[HeaderColorFG]</textcolor>
        <focusedcolor>Highlight</focusedcolor>
        <textoffsetx>0</textoffsetx>
        <font>Font-Button</font>
        <onfocus>SetProperty(9000Focus,1,home)</onfocus>
        <onunfocus>ClearProperty(9000Focus,home)</onunfocus>
        <textureradioonfocus colordiffuse="Highlight">buttons/radio-on.png</textureradioonfocus>
        <textureradioonnofocus colordiffuse="$VAR[HeaderColorFG]">buttons/radio-on.png</textureradioonnofocus>
        <textureradioofffocus colordiffuse="Highlight">buttons/radio-off.png</textureradioofffocus>
        <textureradiooffnofocus colordiffuse="$VAR[HeaderColorFG]">buttons/radio-off.png</textureradiooffnofocus>
        <textureup colordiffuse="$VAR[HeaderColorFG]" flipy="true">buttons/spin-down.png</textureup>
        <texturedown colordiffuse="$VAR[HeaderColorFG]">buttons/spin-down.png</texturedown>
        <textureupfocus colordiffuse="Highlight" flipy="true">buttons/spin-down.png</textureupfocus>
        <texturedownfocus colordiffuse="Highlight">buttons/spin-down.png</texturedownfocus>
    </include>
    
    <!------------------->
    <!-- Global Search -->
    <!------------------->
    <include name="DefGlobalSearchListNF">
        <control type="image">
            <height>336</height>
            <width>221</width>
            <texture colordiffuse="PosterBorder" border="5">common/border-inner.png</texture>
        </control>
        <control type="image">
            <posx>11</posx>
            <posy>11</posy>
            <height>314</height>
            <width>199</width>
            <texture background="true">$INFO[ListItem.Icon]</texture>
            <aspectratio aligny="top">scale</aspectratio>
        </control>
    </include>
    <include name="DefGlobalSearchList">
        <width>1434</width>
        <height>354</height>
        <orientation>horizontal</orientation>
        <wraparound>true</wraparound>
        <scrolltime tween="Quadratic" easing="out">300</scrolltime>
        <itemlayout width="239" height="354">
            <include>DefGlobalSearchListNF</include>
        </itemlayout>
    </include>
    
    <include name="DefGlobalSearchListEnd">
        <control type="image">
            <posx>11</posx>
            <posy>11</posy>
            <height>314</height>
            <width>199</width>
            <texture background="true">$INFO[ListItem.Icon]</texture>
            <aspectratio aligny="top">scale</aspectratio>
        </control>
        <control type="label">
            <posx>230</posx>
            <posy>14</posy>
            <width>440</width>
            <align>left</align>
            <font>Font-WidgetInfoTitle</font>
            <label>$INFO[ListItem.Label]</label>
        </control>
        <control type="textbox">
            <posx>230</posx>
            <posy>80</posy>
            <width>440</width>
            <height>195</height>
            <align>left</align>
            <font>Font-ListInfo</font>
            <label>$INFO[ListItem.Property(Plot)]</label>
        </control>
        <control type="label">
            <posx>230</posx>
            <posy>270</posy>
            <width>440</width>
            <align>left</align>
            <font>Font-ListInfo-Small</font>
            <label>$INFO[ListItem.Property(Year),,  •  ]$INFO[ListItem.Property(Rating)]</label>
        </control>
    </include>
    
    
    
    
</includes>
