<?xml version="1.0" encoding="UTF-8"?>
<includes>
	<include name="Animation.FadeIn">
	    <animation effect="fade" start="0" end="100" time="350">Visible</animation>
        <animation effect="fade" start="0" end="100" time="350">WindowOpen</animation>
    </include>
    
    <include name="Animation.FadeOut">
        <animation effect="fade" end="0" start="100" time="250">Hidden</animation>
        <animation effect="fade" end="0" start="100" time="250">WindowClose</animation>
	</include>
	
	<include name="Animation.VisibleFadeIn">
	    <animation effect="fade" start="0" end="100" time="350">Visible</animation>
    </include>
    
    <include name="Animation.VisibleFadeOut">
        <animation effect="fade" end="0" start="100" time="250">Hidden</animation>
	</include>
	
	<include name="Animation.FadeIn.Up">
	    <animation type="WindowOpen">
	        <effect type="fade" start="0" end="100" delay="0" time="250"/>
            <effect type="slide" start="0,32" end="0" delay="0" time="200"/>
	    </animation>
	    <animation type="Visible">
	        <effect type="fade" start="0" end="100" delay="0" time="250"/>
            <effect type="slide" start="0,32" end="0" delay="0" time="200"/>
	    </animation>
	</include>
	
	<include name="Animation.DelayFadeOut">
        <animation effect="fade" end="0" start="100" delay="500" time="200">Hidden</animation>
        <animation effect="fade" end="0" start="100" delay="500" time="200">WindowClose</animation>
	</include>
	
	<include name="Animation.DelayFadeIn">
	    <animation effect="fade" start="0" end="100" time="350" delay="350">Visible</animation>
        <animation effect="fade" start="0" end="100" time="350" delay="350">WindowOpen</animation>
    </include>
	
	<include name="Animation.ViewChange">
	    <animation type="Visible" reversible="false">
	        <effect type="zoom" start="90" end="100" delay="200" time="200" center="auto"/>
	        <effect type="fade" start="0" end="100" delay="200" time="500"/>
	    </animation>
    </include>
    
    <include name="Animation.HeaderDialog">
	    <animation type="Visible">
	        <effect type="slide" start="100" end="0" time="150"/>
	        <effect type="fade" start="0" end="100" time="150"/>
	    </animation>
	    <animation type="Hidden">
	        <effect type="slide" start="0" end="100" time="150"/>
	        <effect type="fade" end="0" start="100" time="150"/>
	    </animation>
    </include>
    
    
    <include name="Animation.HeaderDialog.Open">
	    <animation type="WindowOpen">
	        <effect type="fade" start="0" end="100" time="100"/>
	    </animation>
	    <animation type="WindowClose">
	        <effect type="fade" end="0" start="100" time="150"/>
	    </animation>
    </include>

    <include name="DialogVisibility">
	    <animation effect="fade" start="100" end="0" time="200" condition="Window.IsVisible(DialogMediaFilter.xml) | Window.IsVisible(DialogSelect.xml) | Window.IsVisible(FileBrowser.xml) | Window.IsVisible(DialogAddonSettings.xml) | Window.IsVisible(DialogPVRTimerSettings.xml) | Window.IsVisible(SmartPlaylistEditor.xml) | Window.IsVisible(DialogPVRChannelManager.xml)">Conditional</animation>
	</include>

	<include name="Animation.SlideOpen.Left">
	    <animation effect="slide" start="1920" end="0" delay="0" time="200">WindowOpen</animation>
	    <animation effect="slide" end="1920" start="0" delay="0" time="200">WindowClose</animation>
	    <animation effect="slide" start="1920" end="0" delay="0" time="200">Visible</animation>
	    <animation effect="slide" end="1920" start="0" delay="0" time="200">Hidden</animation>
	</include>
	
	<include name="Animation.SlideOpen.Settings">
	    <animation effect="slide" start="1920" end="0" delay="0" time="200" condition="IsEmpty(Window(settings).Property(movement))">WindowOpen</animation>
	    <animation effect="slide" end="-1920" start="0" delay="0" time="200" condition="IsEmpty(Window(settings).Property(movement))">WindowClose</animation>
	    <animation effect="slide" start="1920" end="0" delay="0" time="200" condition="IsEmpty(Window(settings).Property(movement))">Visible</animation>
	    <animation effect="slide" end="-1920" start="0" delay="0" time="200" condition="IsEmpty(Window(settings).Property(movement))">Hidden</animation>
	    <animation effect="slide" start="-1920" end="0" delay="0" time="200" condition="!IsEmpty(Window(settings).Property(movement))">WindowOpen</animation>
	    <animation effect="slide" end="1920" start="0" delay="0" time="200" condition="!IsEmpty(Window(settings).Property(movement))">WindowClose</animation>
	    <animation effect="slide" start="-1920" end="0" delay="0" time="200" condition="!IsEmpty(Window(settings).Property(movement))">Visible</animation>
	    <animation effect="slide" end="1920" start="0" delay="0" time="200" condition="!IsEmpty(Window(settings).Property(movement))">Hidden</animation>
	</include>
	
	<include name="Animation.SlideOpen.Right">
	    <animation effect="slide" start="-1920" end="0" delay="0" time="200">WindowOpen</animation>
	    <animation effect="slide" end="-1920" start="0" delay="0" time="200">WindowClose</animation>
	    <animation effect="slide" start="-1920" end="0" delay="0" time="200">Visible</animation>
	    <animation effect="slide" end="-1920" start="0" delay="0" time="200">Hidden</animation>
	</include>
    
    <include name="Animation.SlideOpen.Right.Delay">
	    <animation effect="slide" start="-1920" end="0" delay="350" time="200">WindowOpen</animation>
	    <animation effect="slide" end="-1920" start="0" delay="0" time="200">WindowClose</animation>
	    <animation effect="slide" start="-1920" end="0" delay="350" time="200">Visible</animation>
	    <animation effect="slide" end="-1920" start="0" delay="0" time="200">Hidden</animation>
	</include>
	
	<include name="Animation.SlideOpen.LeftToRight">
	    <animation effect="slide" start="1920" end="0" delay="0" time="200">WindowOpen</animation>
	    <animation effect="slide" end="-1920" start="0" delay="0" time="200">WindowClose</animation>
	    <animation effect="slide" start="1920" end="0" delay="0" time="200">Visible</animation>
	    <animation effect="slide" end="-1920" start="0" delay="0" time="200">Hidden</animation>
	</include>
	
	<include name="Animation.SlideOpen.Up">
	    <animation effect="slide" start="0,1080" end="0" delay="0" time="200">WindowOpen</animation>
	    <animation effect="slide" start="0,1080" end="0" delay="0" time="200">Visible</animation>
	</include>
</includes>
