<?xml version="1.0" encoding="UTF-8"?>
<includes>
    <include name="NextAiredList">
        <posx>11</posx>
        <posy>210</posy>
        <width>910</width>
        <height>690</height>
        <focusposition>0</focusposition>
        <movement>1</movement>
        <viewtype label="31152">list</viewtype>
        <scrolltime tween="quadratic">400</scrolltime>
        <orientation>horizontal</orientation>
        <itemlayout width="455" height="690">
            <control type="group">
                <control type="group">
                    <control type="image">
                        <height>690</height>
                        <width>444</width>
                        <texture colordiffuse="PosterBorder" border="5">common/border-inner.png</texture>
                    </control>
                    <control type="image">
                        <posx>11</posx>
                        <posy>11</posy>
                        <height>607</height>
                        <width>422</width>
                        <texture background="true">$INFO[ListItem.Thumb]</texture>
                        <aspectratio aligny="top">scale</aspectratio>
                        <bordertexture border="1" colordiffuse="BorderColor">common/border.png</bordertexture>
                        <bordersize>1</bordersize>
                    </control>
                    <control type="label">
                        <posx>22</posx>
                        <posy>618</posy>
                        <height>68</height>
                        <width>408</width>
                        <align>left</align>
                        <textcolor>Selected</textcolor>
                        <font>Font-Button</font>
                        <label>$INFO[ListItem.Label]</label>
                    </control>
                    <control type="label">
                        <posx>422</posx>
                        <posy>618</posy>
                        <height>68</height>
                        <width>408</width>
                        <align>right</align>
                        <textcolor>Selected</textcolor>
                        <font>Font-ListInfo-Small</font>
                        <label>$INFO[ListItem.Property(ShortTime)]</label>
                    </control>
                </control>

            </control>
        </itemlayout>
        <focusedlayout width="455" height="690">
            <control type="group">
                <control type="group">
                    <control type="image">
                        <height>690</height>
                        <width>444</width>
                        <texture colordiffuse="PosterBorder" border="5">common/border-inner.png</texture>
                    </control>
                    <control type="image">
                        <posx>11</posx>
                        <posy>11</posy>
                        <height>607</height>
                        <width>422</width>
                        <texture background="true">$INFO[ListItem.Thumb]</texture>
                        <aspectratio aligny="top">scale</aspectratio>
                        <bordertexture border="1" colordiffuse="BorderColor">common/border.png</bordertexture>
                        <bordersize>1</bordersize>
                    </control>
                    <control type="label">
                        <posx>22</posx>
                        <posy>618</posy>
                        <height>68</height>
                        <width>408</width>
                        <align>left</align>
                        <textcolor>Selected</textcolor>
                        <font>Font-Button</font>
                        <label>$INFO[ListItem.Label]</label>
                    </control>
                    <control type="label">
                        <posx>422</posx>
                        <posy>618</posy>
                        <height>68</height>
                        <width>408</width>
                        <align>right</align>
                        <textcolor>Selected</textcolor>
                        <font>Font-ListInfo-Small</font>
                        <label>$INFO[ListItem.Property(ShortTime)]</label>
                    </control>
                </control>

            </control>
        </focusedlayout>
    </include>
    <include name="NextAiredWindow">
        <control type="group">
            <posx>233</posx>
            <posy>70</posy>
            
            <control type="grouplist" id="9500">
                <posx>18</posx>
                <posy>210</posy>
                <width>494</width>
                    <align>left</align>
                    <font>Font-ListInfo</font>
                <height>700</height>
                <itemgap>10</itemgap>
                <orientation>vertical</orientation>
                
                <control type="button">
                    <height>90</height>
                    <width>494</width>
                    <align>left</align>
                    <font>Font-ListInfo</font>
                    <label>$LOCALIZE[11]</label>
                    <label2>$INFO[Window(home).Property(NextAired.1.Date)]</label2>
                    <texturenofocus colordiffuse="PosterBorder-NF" border="5">common/border-inner.png</texturenofocus>
                    <visible>!Control.HasFocus(200)</visible>
                    
                </control>
                <control type="button">
                    <height>90</height>
                    <width>494</width>
                    <align>left</align>
                    <font>Font-ListInfo</font>
                    <label>$LOCALIZE[11]</label>
                    <label2>$INFO[Window(home).Property(NextAired.1.Date)]</label2>
                    <texturenofocus border="12">common/border-inner-highlight.png</texturenofocus>
                    <visible>Control.HasFocus(200)</visible>
                    
                </control>
                
                <control type="button">
                    <height>90</height>
                    <width>494</width>
                    <align>left</align>
                    <font>Font-ListInfo</font>
                    <label>$LOCALIZE[12]</label>
                    <label2>$INFO[Window(home).Property(NextAired.2.Date)]</label2>
                    <texturenofocus colordiffuse="PosterBorder-NF" border="5">common/border-inner.png</texturenofocus>
                    <visible>!Control.HasFocus(201)</visible>
                </control>
                <control type="button">
                    <height>90</height>
                    <width>494</width>
                    <align>left</align>
                    <font>Font-ListInfo</font>
                    <label>$LOCALIZE[12]</label>
                    <label2>$INFO[Window(home).Property(NextAired.2.Date)]</label2>
                    <texturenofocus border="12">common/border-inner-highlight.png</texturenofocus>
                    <visible>Control.HasFocus(201)</visible>
                </control>
                
                <control type="button">
                    <height>90</height>
                    <width>494</width>
                    <align>left</align>
                    <font>Font-ListInfo</font>
                    <label>$LOCALIZE[13]</label>
                    <label2>$INFO[Window(home).Property(NextAired.3.Date)]</label2>
                    <texturenofocus colordiffuse="PosterBorder-NF" border="5">common/border-inner.png</texturenofocus>
                    <visible>!Control.HasFocus(202)</visible>
                </control>
                <control type="button">
                    <height>90</height>
                    <width>494</width>
                    <align>left</align>
                    <font>Font-ListInfo</font>
                    <label>$LOCALIZE[13]</label>
                    <label2>$INFO[Window(home).Property(NextAired.3.Date)]</label2>
                    <texturenofocus border="12">common/border-inner-highlight.png</texturenofocus>
                    <visible>Control.HasFocus(202)</visible>
                </control>
                
                <control type="button">
                    <height>90</height>
                    <width>494</width>
                    <align>left</align>
                    <font>Font-ListInfo</font>
                    <label>$LOCALIZE[14]</label>
                    <label2>$INFO[Window(home).Property(NextAired.4.Date)]</label2>
                    <texturenofocus colordiffuse="PosterBorder-NF" border="5">common/border-inner.png</texturenofocus>
                    <visible>!Control.HasFocus(203)</visible>
                </control>
                <control type="button">
                    <height>90</height>
                    <width>494</width>
                    <align>left</align>
                    <font>Font-ListInfo</font>
                    <label>$LOCALIZE[14]</label>
                    <label2>$INFO[Window(home).Property(NextAired.4.Date)]</label2>
                    <texturenofocus border="12">common/border-inner-highlight.png</texturenofocus>
                    <visible>Control.HasFocus(203)</visible>
                </control>
                
                <control type="button">
                    <height>90</height>
                    <width>494</width>
                    <align>left</align>
                    <font>Font-ListInfo</font>
                    <label>$LOCALIZE[15]</label>
                    <label2>$INFO[Window(home).Property(NextAired.5.Date)]</label2>
                    <texturenofocus colordiffuse="PosterBorder-NF" border="5">common/border-inner.png</texturenofocus>
                    <visible>!Control.HasFocus(204)</visible>
                </control>
                <control type="button">
                    <height>90</height>
                    <width>494</width>
                    <align>left</align>
                    <font>Font-ListInfo</font>
                    <label>$LOCALIZE[15]</label>
                    <label2>$INFO[Window(home).Property(NextAired.5.Date)]</label2>
                    <texturenofocus border="12">common/border-inner-highlight.png</texturenofocus>
                    <visible>Control.HasFocus(204)</visible>
                </control>
                
                <control type="button">
                    <height>90</height>
                    <width>494</width>
                    <align>left</align>
                    <font>Font-ListInfo</font>
                    <label>$LOCALIZE[16]</label>
                    <label2>$INFO[Window(home).Property(NextAired.6.Date)]</label2>
                    <texturenofocus colordiffuse="PosterBorder-NF" border="5">common/border-inner.png</texturenofocus>
                    <visible>!Control.HasFocus(205)</visible>
                </control>
                <control type="button">
                    <height>90</height>
                    <width>494</width>
                    <align>left</align>
                    <font>Font-ListInfo</font>
                    <label>$LOCALIZE[16]</label>
                    <label2>$INFO[Window(home).Property(NextAired.6.Date)]</label2>
                    <texturenofocus border="12">common/border-inner-highlight.png</texturenofocus>
                    <visible>Control.HasFocus(205)</visible>
                </control>
                
                <control type="button">
                    <height>90</height>
                    <width>494</width>
                    <align>left</align>
                    <font>Font-ListInfo</font>
                    <label>$LOCALIZE[17]</label>
                    <label2>$INFO[Window(home).Property(NextAired.7.Date)]</label2>
                    <texturenofocus colordiffuse="PosterBorder-NF" border="5">common/border-inner.png</texturenofocus>
                    <visible>!Control.HasFocus(206)</visible>
                </control>
                <control type="button">
                    <height>90</height>
                    <width>494</width>
                    <align>left</align>
                    <font>Font-ListInfo</font>
                    <label>$LOCALIZE[17]</label>
                    <label2>$INFO[Window(home).Property(NextAired.7.Date)]</label2>
                    <texturenofocus border="12">common/border-inner-highlight.png</texturenofocus>
                    <visible>Control.HasFocus(206)</visible>
                </control>
                
                
                
            </control>
            <control type="group">
                <posx>512</posx>
                <control type="list" id="8">
                </control>
                <control type="fixedlist" id="200">
                    <onup>206</onup>
                    <ondown>201</ondown>
                    <visible allowhiddenfocus="true">Control.HasFocus(200)</visible>
                    <include>NextAiredList</include>
                </control>
                <control type="fixedlist" id="201">
                    <onup>200</onup>
                    <ondown>202</ondown>
                    <visible allowhiddenfocus="true">Control.HasFocus(201)</visible>
                    <include>NextAiredList</include>
                </control>
                <control type="fixedlist" id="202">
                    <onup>201</onup>
                    <ondown>203</ondown>
                    <include>NextAiredList</include>
                    <visible allowhiddenfocus="true">Control.HasFocus(202)</visible>
                </control>
                <control type="fixedlist" id="203">
                    <onup>202</onup>
                    <ondown>204</ondown>
                    <visible allowhiddenfocus="true">Control.HasFocus(203)</visible>
                    <include>NextAiredList</include>
                </control>
                <control type="fixedlist" id="204">
                    <onup>203</onup>
                    <ondown>205</ondown>
                    <visible allowhiddenfocus="true">Control.HasFocus(204)</visible>
                    <include>NextAiredList</include>
                </control>
                <control type="fixedlist" id="205">
                    <onup>204</onup>
                    <ondown>206</ondown>
                    <visible allowhiddenfocus="true">Control.HasFocus(205)</visible>
                    <include>NextAiredList</include>
                </control>
                <control type="fixedlist" id="206">
                    <onup>205</onup>
                    <ondown>200</ondown>
                    <visible allowhiddenfocus="true">Control.HasFocus(206)</visible>
                    <include>NextAiredList</include>
                </control>
            </control>
        </control>
    </include>
    <include name="NextAiredWindow2">
        <control type="group">
            <posx>233</posx>
            <posy>70</posy>
            
            <control type="grouplist" id="9500">
                <posx>18</posx>
                <posy>210</posy>
                <width>494</width>
                <align>left</align>
                <font>Font-ListInfo</font>
                <height>700</height>
                <itemgap>10</itemgap>
                <orientation>vertical</orientation>
                
                <control type="button">
                    <height>90</height>
                    <width>494</width>
                    <align>left</align>
                    <font>Font-ListInfo</font>
                    <label>$INFO[Window(home).Property(NextAired.Yesterday)]</label>
                    <label2>$INFO[Window(home).Property(NextAired.YesterdayDate)]</label2>
                    <texturenofocus colordiffuse="PosterBorder-NF" border="5">common/border-inner.png</texturenofocus>
                    <visible>!Control.HasFocus(200)</visible>
                    
                </control>
                <control type="button">
                    <height>90</height>
                    <width>494</width>
                    <align>left</align>
                    <font>Font-ListInfo</font>
                    <label>$INFO[Window(home).Property(NextAired.Yesterday)]</label>
                    <label2>$INFO[Window(home).Property(NextAired.1.Date)]</label2>
                    <texturenofocus border="12">common/border-inner-highlight.png</texturenofocus>
                    <visible>Control.HasFocus(200)</visible>
                    
                </control>
                
                <control type="button">
                    <height>90</height>
                    <width>494</width>
                    <align>left</align>
                    <font>Font-ListInfo</font>
                    <label>$INFO[Window(home).Property(NextAired.Today)]</label>
                    <label2>$INFO[Window(home).Property(NextAired.2.Date)]</label2>
                    <texturenofocus colordiffuse="PosterBorder-NF" border="5">common/border-inner.png</texturenofocus>
                    <visible>!Control.HasFocus(201)</visible>
                </control>
                <control type="button">
                    <height>90</height>
                    <width>494</width>
                    <align>left</align>
                    <font>Font-ListInfo</font>
                    <label>$INFO[Window(home).Property(NextAired.Today)]</label>
                    <label2>$INFO[Window(home).Property(NextAired.2.Date)]</label2>
                    <texturenofocus border="12">common/border-inner-highlight.png</texturenofocus>
                    <visible>Control.HasFocus(201)</visible>
                </control>
                
                <control type="button">
                    <height>90</height>
                    <width>494</width>
                    <align>left</align>
                    <font>Font-ListInfo</font>
                    <label>$INFO[Window(home).Property(NextAired.Tomorrow)]</label>
                    <label2>$INFO[Window(home).Property(NextAired.3.Date)]</label2>
                    <texturenofocus colordiffuse="PosterBorder-NF" border="5">common/border-inner.png</texturenofocus>
                    <visible>!Control.HasFocus(202)</visible>
                </control>
                <control type="button">
                    <height>90</height>
                    <width>494</width>
                    <align>left</align>
                    <font>Font-ListInfo</font>
                    <label>$INFO[Window(home).Property(NextAired.Tomorrow)]</label>
                    <label2>$INFO[Window(home).Property(NextAired.3.Date)]</label2>
                    <texturenofocus border="12">common/border-inner-highlight.png</texturenofocus>
                    <visible>Control.HasFocus(202)</visible>
                </control>
                
                <control type="button">
                    <height>90</height>
                    <width>494</width>
                    <align>left</align>
                    <font>Font-ListInfo</font>
                    <label>$LOCALIZE[14]</label>
                    <label2>$INFO[Window(home).Property(NextAired.4.Date)]</label2>
                    <texturenofocus colordiffuse="PosterBorder-NF" border="5">common/border-inner.png</texturenofocus>
                    <visible>!Control.HasFocus(203)</visible>
                </control>
                <control type="button">
                    <height>90</height>
                    <width>494</width>
                    <align>left</align>
                    <font>Font-ListInfo</font>
                    <label>$LOCALIZE[14]</label>
                    <label2>$INFO[Window(home).Property(NextAired.4.Date)]</label2>
                    <texturenofocus border="12">common/border-inner-highlight.png</texturenofocus>
                    <visible>Control.HasFocus(203)</visible>
                </control>
                
                <control type="button">
                    <height>90</height>
                    <width>494</width>
                    <align>left</align>
                    <font>Font-ListInfo</font>
                    <label>$LOCALIZE[15]</label>
                    <label2>$INFO[Window(home).Property(NextAired.5.Date)]</label2>
                    <texturenofocus colordiffuse="PosterBorder-NF" border="5">common/border-inner.png</texturenofocus>
                    <visible>!Control.HasFocus(204)</visible>
                </control>
                <control type="button">
                    <height>90</height>
                    <width>494</width>
                    <align>left</align>
                    <font>Font-ListInfo</font>
                    <label>$LOCALIZE[15]</label>
                    <label2>$INFO[Window(home).Property(NextAired.5.Date)]</label2>
                    <texturenofocus border="12">common/border-inner-highlight.png</texturenofocus>
                    <visible>Control.HasFocus(204)</visible>
                </control>
                
                <control type="button">
                    <height>90</height>
                    <width>494</width>
                    <align>left</align>
                    <font>Font-ListInfo</font>
                    <label>$LOCALIZE[16]</label>
                    <label2>$INFO[Window(home).Property(NextAired.6.Date)]</label2>
                    <texturenofocus colordiffuse="PosterBorder-NF" border="5">common/border-inner.png</texturenofocus>
                    <visible>!Control.HasFocus(205)</visible>
                </control>
                <control type="button">
                    <height>90</height>
                    <width>494</width>
                    <align>left</align>
                    <font>Font-ListInfo</font>
                    <label>$LOCALIZE[16]</label>
                    <label2>$INFO[Window(home).Property(NextAired.6.Date)]</label2>
                    <texturenofocus border="12">common/border-inner-highlight.png</texturenofocus>
                    <visible>Control.HasFocus(205)</visible>
                </control>
                
                <control type="button">
                    <height>90</height>
                    <width>494</width>
                    <align>left</align>
                    <font>Font-ListInfo</font>
                    <label>$LOCALIZE[17]</label>
                    <label2>$INFO[Window(home).Property(NextAired.7.Date)]</label2>
                    <texturenofocus colordiffuse="PosterBorder-NF" border="5">common/border-inner.png</texturenofocus>
                    <visible>!Control.HasFocus(206)</visible>
                </control>
                <control type="button">
                    <height>90</height>
                    <width>494</width>
                    <align>left</align>
                    <font>Font-ListInfo</font>
                    <label>$LOCALIZE[17]</label>
                    <label2>$INFO[Window(home).Property(NextAired.7.Date)]</label2>
                    <texturenofocus border="12">common/border-inner-highlight.png</texturenofocus>
                    <visible>Control.HasFocus(206)</visible>
                </control>
  
            </control>
            <control type="group">
                <posx>512</posx>
                <control type="list" id="8">
                </control>
                <control type="fixedlist" id="200">
                    <onup>215</onup>
                    <ondown>201</ondown>
                    <visible allowhiddenfocus="true">Control.HasFocus(200)</visible>
                    <include>NextAiredList</include>
                </control>
                <control type="fixedlist" id="201">
                    <onup>200</onup>
                    <ondown>202</ondown>
                    <visible allowhiddenfocus="true">Control.HasFocus(201)</visible>
                    <include>NextAiredList</include>
                </control>
                <control type="fixedlist" id="202">
                    <onup>201</onup>
                    <ondown>203</ondown>
                    <include>NextAiredList</include>
                </control>
                <control type="fixedlist" id="203">
                    <onup>202</onup>
                    <ondown>204</ondown>
                    <visible allowhiddenfocus="true">Control.HasFocus(203)</visible>
                    <include>NextAiredList</include>
                </control>
                <control type="fixedlist" id="204">
                    <onup>203</onup>
                    <ondown>205</ondown>
                    <visible allowhiddenfocus="true">Control.HasFocus(204)</visible>
                    <include>NextAiredList</include>
                </control>
                <control type="fixedlist" id="205">
                    <onup>204</onup>
                    <ondown>206</ondown>
                    <visible allowhiddenfocus="true">Control.HasFocus(205)</visible>
                    <include>NextAiredList</include>
                </control>
                <control type="fixedlist" id="206">
                    <onup>205</onup>
                    <ondown>207</ondown>
                    <visible allowhiddenfocus="true">Control.HasFocus(206)</visible>
                    <include>NextAiredList</include>
                </control>
                <control type="fixedlist" id="207">
                    <onup>206</onup>
                    <ondown>208</ondown>
                    <visible allowhiddenfocus="true">Control.HasFocus(207)</visible>
                    <include>NextAiredList</include>
                </control>
                <control type="fixedlist" id="208">
                    <onup>207</onup>
                    <ondown>209</ondown>
                    <visible allowhiddenfocus="true">Control.HasFocus(208)</visible>
                    <include>NextAiredList</include>
                </control>
                <control type="fixedlist" id="209">
                    <onup>208</onup>
                    <ondown>210</ondown>
                    <visible allowhiddenfocus="true">Control.HasFocus(209)</visible>
                    <include>NextAiredList</include>
                </control>
                <control type="fixedlist" id="210">
                    <onup>209</onup>
                    <ondown>211</ondown>
                    <visible allowhiddenfocus="true">Control.HasFocus(210)</visible>
                    <include>NextAiredList</include>
                </control>
                <control type="fixedlist" id="211">
                    <onup>210</onup>
                    <ondown>212</ondown>
                    <visible allowhiddenfocus="true">Control.HasFocus(211)</visible>
                    <include>NextAiredList</include>
                </control>
                <control type="fixedlist" id="212">
                    <onup>211</onup>
                    <ondown>213</ondown>
                    <include>NextAiredList</include>
                </control>
                <control type="fixedlist" id="213">
                    <onup>212</onup>
                    <ondown>214</ondown>
                    <visible allowhiddenfocus="true">Control.HasFocus(213)</visible>
                    <include>NextAiredList</include>
                </control>
                <control type="fixedlist" id="214">
                    <onup>213</onup>
                    <ondown>215</ondown>
                    <visible allowhiddenfocus="true">Control.HasFocus(214)</visible>
                    <include>NextAiredList</include>
                </control>
                <control type="fixedlist" id="215">
                    <onup>214</onup>
                    <ondown>200</ondown>
                    <visible allowhiddenfocus="true">Control.HasFocus(215)</visible>
                    <include>NextAiredList</include>
                </control>
            </control>
        </control>
    </include>
    <include name="NextAiredRSS">
        <control type="grouplist">
            <posx>64</posx>
            <posy>1032</posy>
            <itemgap>16</itemgap>
            <width>1860</width>
            <orientation>horizontal</orientation>
            <visible>Skin.HasSetting(rss.tvnextaired)</visible>
            <visible>Container.Content(tvshows) | Container.Content(seasons) | Container.Content(episodes)</visible>
            <control type="label" description="Next Aired RSS">
                <width>1860</width>
                <font>Font-RSS</font>
                <aligny>top</aligny>
                <scroll>true</scroll>
                <scrollsuffix>  •    </scrollsuffix>
                <textcolor>PanelFG-NF</textcolor>
                <visible>[IsEmpty(Window(Home).Property(NextAired.NextDate)) + IsEmpty(Window(Home).Property(NextAired.LatestTitle))] | Control.HasFocus(9500) | Control.HasFocus(9501) | stringcompare(ListItem.Label,..)</visible>
                <label>[COLOR=PanelFG][B]$INFO[Window(home).Property(NextAired.1.Label),,  ][/B][/COLOR]$INFO[Window(home).Property(NextAired.1.AirTime),,  ]$INFO[Window(home).Property(NextAired.1.Network),$LOCALIZE[31173]  ,  ]$INFO[Window(home).Property(NextAired.1.Status),(,)  ]$INFO[Window(home).Property(NextAired.2.Label),  •    [COLOR=PanelFG][B],[/B][/COLOR]  ]$INFO[Window(home).Property(NextAired.2.AirTime),,  ]$INFO[Window(home).Property(NextAired.2.Network),$LOCALIZE[31173]  ,  ]$INFO[Window(home).Property(NextAired.2.Status),(,)  ]$INFO[Window(home).Property(NextAired.3.Label),  •    [COLOR=PanelFG][B],[/B][/COLOR]  ]$INFO[Window(home).Property(NextAired.3.AirTime),,  ]$INFO[Window(home).Property(NextAired.3.Network),$LOCALIZE[31173]  ,  ]$INFO[Window(home).Property(NextAired.3.Status),(,)  ]$INFO[Window(home).Property(NextAired.4.Label),  •    [COLOR=PanelFG][B],[/B][/COLOR]  ]$INFO[Window(home).Property(NextAired.4.AirTime),,  ]$INFO[Window(home).Property(NextAired.4.Network),$LOCALIZE[31173]  ,  ]$INFO[Window(home).Property(NextAired.4.Status),(,)  ]$INFO[Window(home).Property(NextAired.5.Label),  •    [COLOR=PanelFG][B],[/B][/COLOR]  ]$INFO[Window(home).Property(NextAired.5.AirTime),,  ]$INFO[Window(home).Property(NextAired.5.Network),$LOCALIZE[31173]  ,  ]$INFO[Window(home).Property(NextAired.5.Status),(,)  ]$INFO[Window(home).Property(NextAired.6.Label),  •    [COLOR=PanelFG][B],[/B][/COLOR]  ]$INFO[Window(home).Property(NextAired.6.AirTime),,  ]$INFO[Window(home).Property(NextAired.6.Network),$LOCALIZE[31173]  ,  ]$INFO[Window(home).Property(NextAired.6.Status),(,)  ]$INFO[Window(home).Property(NextAired.7.Label),  •    [COLOR=PanelFG][B],[/B][/COLOR]  ]$INFO[Window(home).Property(NextAired.7.AirTime),,  ]$INFO[Window(home).Property(NextAired.7.Network),$LOCALIZE[31173]  ,  ]$INFO[Window(home).Property(NextAired.7.Status),(,)  ]$INFO[Window(home).Property(NextAired.8.Label),  •    [COLOR=PanelFG][B],[/B][/COLOR]  ]$INFO[Window(home).Property(NextAired.8.AirTime),,  ]$INFO[Window(home).Property(NextAired.8.Network),$LOCALIZE[31173]  ,  ]$INFO[Window(home).Property(NextAired.8.Status),(,)  ]$INFO[Window(home).Property(NextAired.9.Label),  •    [COLOR=PanelFG][B],[/B][/COLOR]  ]$INFO[Window(home).Property(NextAired.9.AirTime),,  ]$INFO[Window(home).Property(NextAired.9.Network),$LOCALIZE[31173]  ,  ]$INFO[Window(home).Property(NextAired.9.Status),(,)  ]$INFO[Window(home).Property(NextAired.10.Label),  •    [COLOR=PanelFG][B],[/B][/COLOR]  ]$INFO[Window(home).Property(NextAired.10.AirTime),,  ]$INFO[Window(home).Property(NextAired.10.Network),$LOCALIZE[31173]  ,  ]$INFO[Window(home).Property(NextAired.10.Status),(,)  ]</label>
            </control>
        </control>
        <control type="group">
            <posx>64</posx>
            <posy>1032</posy>
            <visible>!Control.HasFocus(9500) + !Control.HasFocus(9501)</visible>
            <visible>Skin.HasSetting(rss.tvnextaired)</visible>
            <visible>!stringcompare(ListItem.Label,..)</visible>
            <visible>Container.Content(tvshows) | Container.Content(seasons) | Container.Content(episodes)</visible>
            <control type="label" description="Currently Airing Show">
                <width>1860</width>
                <font>Font-RSS</font>
                <aligny>top</aligny>
                <scroll>true</scroll>
                <scrollsuffix>  •    </scrollsuffix>
                <textcolor>PanelFG-NF</textcolor>
                <visible>!IsEmpty(Window(Home).Property(NextAired.NextDate))</visible>
                <label>[COLOR=PanelFG][B]$INFO[Window(Home).Property(NextAired.NextTitle),,  ][/B][/COLOR]$INFO[Window(Home).Property(NextAired.AirTime),, • ]$INFO[Window(Home).Property(NextAired.NextDate)]</label>
            </control>
            <control type="label" description="Cancelled Show">
                <width>1860</width>
                <font>Font-RSS</font>
                <aligny>top</aligny>
                <scroll>true</scroll>
                <scrollsuffix>  •    </scrollsuffix>
                <textcolor>PanelFG-NF</textcolor>
                <visible>IsEmpty(Window(Home).Property(NextAired.NextDate)) + !IsEmpty(Window(Home).Property(NextAired.LatestTitle))</visible>
                <label>[COLOR=PanelFG][B]$INFO[Window(Home).Property(NextAired.LatestTitle),,  ][/B][/COLOR]$INFO[Window(Home).Property(NextAired.Status),, • ]$INFO[Window(Home).Property(NextAired.LatestDate)]</label>
            </control>
            <control type="group">
                <visible>IntegerGreaterThan(ListItem.Property(UnWatchedEpisodes),0)</visible>
                <control type="image">
                    <posx>48r</posx>
                    <posy>48r</posy>
                    <width>32</width>
                    <height>32</height>
                    <texture colordiffuse="PanelFG-NF">buttons/starplus.png</texture>
                </control>
                <control type="label" description="Unwatched Episodes">
                    <posx>64r</posx>
                    <width>300</width>
                    <font>Font-RSS</font>
                    <aligny>top</aligny>
                    <align>right</align>
                    <scroll>true</scroll>
                    <scrollsuffix>  •    </scrollsuffix>
                    <textcolor>PanelFG-NF</textcolor>
                    <label>$INFO[ListItem.Property(UnWatchedEpisodes),, $LOCALIZE[16101]]</label>
                </control>
            </control>
            <control type="group">
                <visible>!IntegerGreaterThan(ListItem.Property(UnWatchedEpisodes),0)</visible>
                <control type="image">
                    <posx>48r</posx>
                    <posy>48r</posy>
                    <width>32</width>
                    <height>32</height>
                    <texture colordiffuse="PanelFG-NF">buttons/checkmark.png</texture>
                </control>
                <control type="label" description="Unwatched Episodes">
                    <posx>64r</posx>
                    <width>300</width>
                    <font>Font-RSS</font>
                    <aligny>top</aligny>
                    <align>right</align>
                    <scroll>true</scroll>
                    <scrollsuffix>  •    </scrollsuffix>
                    <textcolor>PanelFG-NF</textcolor>
                    <label>$INFO[ListItem.Property(UnWatchedEpisodes),, $LOCALIZE[16101]]</label>
                </control>
            </control>
        </control>
    </include>
</includes>
