<?xml version="1.0" encoding="UTF-8"?>
<includes>
    <include name="MixedWidget">
        <item id="1">
	        <onclick>PlayMedia($ESCINFO[Window(home).Property(RandomMovie.1.File)])</onclick>
            <icon>$INFO[Window(home).Property(RandomMovie.1.Art(fanart))]</icon>
	        <thumb>$INFO[Window(home).Property(RandomMovie.1.Art(fanart))]</thumb>
            <label>$INFO[Window(home).Property(RandomMovie.1.Title)]</label>
            <label2>$INFO[Window(home).Property(RandomMovie.1.Year)]$INFO[Window(home).Property(RandomMovie.1.Rating),  •  ,]</label2>
            <property name="Plot">$INFO[Window(home).Property(RandomMovie.1.Plot)]</property>
            <visible>!IsEmpty(Window(home).Property(RandomMovie.1.File))</visible>
	    </item>
	    <item id="31">
	        <onclick>PlayMedia($ESCINFO[Window(home).Property(RecommendedEpisode.1.File)])</onclick>
            <icon>$INFO[Window(home).Property(RecommendedEpisode.1.Art(tvshow.fanart))]</icon>
	        <thumb>$INFO[Window(home).Property(RecommendedEpisode.1.Art(tvshow.fanart))]</thumb>
            <label>$INFO[Window(home).Property(RecommendedEpisode.1.TvShowTitle)]</label>
            <label2>$INFO[Window(home).Property(RecommendedEpisode.1.Title)]$INFO[Window(home).Property(RecommendedEpisode.1.EpisodeNo), • [UPPERCASE],[/UPPERCASE]]</label2>
            <property name="Plot">$INFO[Window(home).Property(RecommendedEpisode.1.Plot)]</property>
            <visible>!IsEmpty(Window(home).Property(RecommendedEpisode.1.File))</visible>
	    </item>
	    <item id="2">
	        <onclick>PlayMedia($ESCINFO[Window(home).Property(RandomMovie.2.File)])</onclick>
            <icon>$INFO[Window(home).Property(RandomMovie.2.Art(fanart))]</icon>
	        <thumb>$INFO[Window(home).Property(RandomMovie.2.Art(fanart))]</thumb>
            <label>$INFO[Window(home).Property(RandomMovie.2.Title)]</label>
            <label2>$INFO[Window(home).Property(RandomMovie.2.Year)]$INFO[Window(home).Property(RandomMovie.2.Rating),  •  ,]</label2>
            <property name="Plot">$INFO[Window(home).Property(RandomMovie.2.Plot)]</property>
            <visible>!IsEmpty(Window(home).Property(RandomMovie.2.File))</visible>
	    </item>
	    <item id="32">
	        <onclick>PlayMedia($ESCINFO[Window(home).Property(RecommendedEpisode.2.File)])</onclick>
            <icon>$INFO[Window(home).Property(RecommendedEpisode.2.Art(tvshow.fanart))]</icon>
	        <thumb>$INFO[Window(home).Property(RecommendedEpisode.2.Art(tvshow.fanart))]</thumb>
            <label>$INFO[Window(home).Property(RecommendedEpisode.2.TvShowTitle)]</label>
            <label2>$INFO[Window(home).Property(RecommendedEpisode.2.Title)]$INFO[Window(home).Property(RecommendedEpisode.2.EpisodeNo), • [UPPERCASE],[/UPPERCASE]]</label2>
            <property name="Plot">$INFO[Window(home).Property(RecommendedEpisode.2.Plot)]</property>
            <visible>!IsEmpty(Window(home).Property(RecommendedEpisode.2.File))</visible>
	    </item>
	    <item id="3">
	        <onclick>PlayMedia($ESCINFO[Window(home).Property(RandomMovie.3.File)])</onclick>
            <icon>$INFO[Window(home).Property(RandomMovie.3.Art(fanart))]</icon>
	        <thumb>$INFO[Window(home).Property(RandomMovie.3.Art(fanart))]</thumb>
            <label>$INFO[Window(home).Property(RandomMovie.3.Title)]</label>
            <label2>$INFO[Window(home).Property(RandomMovie.3.Year)]$INFO[Window(home).Property(RandomMovie.3.Rating),  •  ,]</label2>
            <property name="Plot">$INFO[Window(home).Property(RandomMovie.3.Plot)]</property>
            <visible>!IsEmpty(Window(home).Property(RandomMovie.3.File))</visible>
	    </item>
	    <item id="33">
	        <onclick>PlayMedia($ESCINFO[Window(home).Property(RecommendedEpisode.3.File)])</onclick>
            <icon>$INFO[Window(home).Property(RecommendedEpisode.3.Art(tvshow.fanart))]</icon>
	        <thumb>$INFO[Window(home).Property(RecommendedEpisode.3.Art(tvshow.fanart))]</thumb>
            <label>$INFO[Window(home).Property(RecommendedEpisode.3.TvShowTitle)]</label>
            <label2>$INFO[Window(home).Property(RecommendedEpisode.3.Title)]$INFO[Window(home).Property(RecommendedEpisode.3.EpisodeNo), • [UPPERCASE],[/UPPERCASE]]</label2>
            <property name="Plot">$INFO[Window(home).Property(RecommendedEpisode.3.Plot)]</property>
            <visible>!IsEmpty(Window(home).Property(RecommendedEpisode.3.File))</visible>
	    </item>
	    <item id="4">
	        <onclick>PlayMedia($ESCINFO[Window(home).Property(RandomMovie.4.File)])</onclick>
            <icon>$INFO[Window(home).Property(RandomMovie.4.Art(fanart))]</icon>
	        <thumb>$INFO[Window(home).Property(RandomMovie.4.Art(fanart))]</thumb>
            <label>$INFO[Window(home).Property(RandomMovie.4.Title)]</label>
            <label2>$INFO[Window(home).Property(RandomMovie.4.Year)]$INFO[Window(home).Property(RandomMovie.4.Rating),  •  ,]</label2>
            <property name="Plot">$INFO[Window(home).Property(RandomMovie.4.Plot)]</property>
            <visible>!IsEmpty(Window(home).Property(RandomMovie.4.File))</visible>
	    </item>
	    <item id="34">
	        <onclick>PlayMedia($ESCINFO[Window(home).Property(RecommendedEpisode.4.File)])</onclick>
            <icon>$INFO[Window(home).Property(RecommendedEpisode.4.Art(tvshow.fanart))]</icon>
	        <thumb>$INFO[Window(home).Property(RecommendedEpisode.4.Art(tvshow.fanart))]</thumb>
            <label>$INFO[Window(home).Property(RecommendedEpisode.4.TvShowTitle)]</label>
            <label2>$INFO[Window(home).Property(RecommendedEpisode.4.Title)]$INFO[Window(home).Property(RecommendedEpisode.4.EpisodeNo), • [UPPERCASE],[/UPPERCASE]]</label2>
            <property name="Plot">$INFO[Window(home).Property(RecommendedEpisode.4.Plot)]</property>
            <visible>!IsEmpty(Window(home).Property(RecommendedEpisode.4.File))</visible>
	    </item>
	    <item id="5">
	        <onclick>PlayMedia($ESCINFO[Window(home).Property(RandomMovie.5.File)])</onclick>
            <icon>$INFO[Window(home).Property(RandomMovie.5.Art(fanart))]</icon>
	        <thumb>$INFO[Window(home).Property(RandomMovie.5.Art(fanart))]</thumb>
            <label>$INFO[Window(home).Property(RandomMovie.5.Title)]</label>
            <label2>$INFO[Window(home).Property(RandomMovie.5.Year)]$INFO[Window(home).Property(RandomMovie.5.Rating),  •  ,]</label2>
            <property name="Plot">$INFO[Window(home).Property(RandomMovie.5.Plot)]</property>
            <visible>!IsEmpty(Window(home).Property(RandomMovie.5.File))</visible>
	    </item>
	    <item id="35">
	        <onclick>PlayMedia($ESCINFO[Window(home).Property(RecommendedEpisode.5.File)])</onclick>
            <icon>$INFO[Window(home).Property(RecommendedEpisode.5.Art(tvshow.fanart))]</icon>
	        <thumb>$INFO[Window(home).Property(RecommendedEpisode.5.Art(tvshow.fanart))]</thumb>
            <label>$INFO[Window(home).Property(RecommendedEpisode.5.TvShowTitle)]</label>
            <label2>$INFO[Window(home).Property(RecommendedEpisode.5.Title)]$INFO[Window(home).Property(RecommendedEpisode.5.EpisodeNo), • [UPPERCASE],[/UPPERCASE]]</label2>
            <property name="Plot">$INFO[Window(home).Property(RecommendedEpisode.5.Plot)]</property>
            <visible>!IsEmpty(Window(home).Property(RecommendedEpisode.5.File))</visible>
	    </item>
	    <item id="6">
	        <onclick>PlayMedia($ESCINFO[Window(home).Property(RandomMovie.6.File)])</onclick>
            <icon>$INFO[Window(home).Property(RandomMovie.6.Art(fanart))]</icon>
	        <thumb>$INFO[Window(home).Property(RandomMovie.6.Art(fanart))]</thumb>
            <label>$INFO[Window(home).Property(RandomMovie.6.Title)]</label>
            <label2>$INFO[Window(home).Property(RandomMovie.6.Year)]$INFO[Window(home).Property(RandomMovie.6.Rating),  •  ,]</label2>
            <property name="Plot">$INFO[Window(home).Property(RandomMovie.6.Plot)]</property>
            <visible>!IsEmpty(Window(home).Property(RandomMovie.6.File))</visible>
	    </item>
	    <item id="36">
	        <onclick>PlayMedia($ESCINFO[Window(home).Property(RecommendedEpisode.6.File)])</onclick>
            <icon>$INFO[Window(home).Property(RecommendedEpisode.6.Art(tvshow.fanart))]</icon>
	        <thumb>$INFO[Window(home).Property(RecommendedEpisode.6.Art(tvshow.fanart))]</thumb>
            <label>$INFO[Window(home).Property(RecommendedEpisode.6.TvShowTitle)]</label>
            <label2>$INFO[Window(home).Property(RecommendedEpisode.6.Title)]$INFO[Window(home).Property(RecommendedEpisode.6.EpisodeNo), • [UPPERCASE],[/UPPERCASE]]</label2>
            <property name="Plot">$INFO[Window(home).Property(RecommendedEpisode.6.Plot)]</property>
            <visible>!IsEmpty(Window(home).Property(RecommendedEpisode.6.File))</visible>
	    </item>
	    <item id="7">
	        <onclick>PlayMedia($ESCINFO[Window(home).Property(RandomMovie.7.File)])</onclick>
            <icon>$INFO[Window(home).Property(RandomMovie.7.Art(fanart))]</icon>
	        <thumb>$INFO[Window(home).Property(RandomMovie.7.Art(fanart))]</thumb>
            <label>$INFO[Window(home).Property(RandomMovie.7.Title)]</label>
            <label2>$INFO[Window(home).Property(RandomMovie.7.Year)]$INFO[Window(home).Property(RandomMovie.7.Rating),  •  ,]</label2>
            <property name="Plot">$INFO[Window(home).Property(RandomMovie.7.Plot)]</property>
            <visible>!IsEmpty(Window(home).Property(RandomMovie.7.File))</visible>
	    </item>
	    <item id="37">
	        <onclick>PlayMedia($ESCINFO[Window(home).Property(RecommendedEpisode.7.File)])</onclick>
            <icon>$INFO[Window(home).Property(RecommendedEpisode.7.Art(tvshow.fanart))]</icon>
	        <thumb>$INFO[Window(home).Property(RecommendedEpisode.7.Art(tvshow.fanart))]</thumb>
            <label>$INFO[Window(home).Property(RecommendedEpisode.7.TvShowTitle)]</label>
            <label2>$INFO[Window(home).Property(RecommendedEpisode.7.Title)]$INFO[Window(home).Property(RecommendedEpisode.7.EpisodeNo), • [UPPERCASE],[/UPPERCASE]]</label2>
            <property name="Plot">$INFO[Window(home).Property(RecommendedEpisode.7.Plot)]</property>
            <visible>!IsEmpty(Window(home).Property(RecommendedEpisode.7.File))</visible>
	    </item>
	    <item id="8">
	        <onclick>PlayMedia($ESCINFO[Window(home).Property(RandomMovie.8.File)])</onclick>
            <icon>$INFO[Window(home).Property(RandomMovie.8.Art(fanart))]</icon>
	        <thumb>$INFO[Window(home).Property(RandomMovie.8.Art(fanart))]</thumb>
            <label>$INFO[Window(home).Property(RandomMovie.8.Title)]</label>
            <label2>$INFO[Window(home).Property(RandomMovie.8.Year)]$INFO[Window(home).Property(RandomMovie.8.Rating),  •  ,]</label2>
            <property name="Plot">$INFO[Window(home).Property(RandomMovie.8.Plot)]</property>
            <visible>!IsEmpty(Window(home).Property(RandomMovie.8.File))</visible>
	    </item>
	    <item id="38">
	        <onclick>PlayMedia($ESCINFO[Window(home).Property(RecommendedEpisode.8.File)])</onclick>
            <icon>$INFO[Window(home).Property(RecommendedEpisode.8.Art(tvshow.fanart))]</icon>
	        <thumb>$INFO[Window(home).Property(RecommendedEpisode.8.Art(tvshow.fanart))]</thumb>
            <label>$INFO[Window(home).Property(RecommendedEpisode.8.TvShowTitle)]</label>
            <label2>$INFO[Window(home).Property(RecommendedEpisode.8.Title)]$INFO[Window(home).Property(RecommendedEpisode.8.EpisodeNo), • [UPPERCASE],[/UPPERCASE]]</label2>
            <property name="Plot">$INFO[Window(home).Property(RecommendedEpisode.8.Plot)]</property>
            <visible>!IsEmpty(Window(home).Property(RecommendedEpisode.8.File))</visible>
	    </item>
	    <item id="9">
	        <onclick>PlayMedia($ESCINFO[Window(home).Property(RandomMovie.9.File)])</onclick>
            <icon>$INFO[Window(home).Property(RandomMovie.9.Art(fanart))]</icon>
	        <thumb>$INFO[Window(home).Property(RandomMovie.9.Art(fanart))]</thumb>
            <label>$INFO[Window(home).Property(RandomMovie.9.Title)]</label>
            <label2>$INFO[Window(home).Property(RandomMovie.9.Year)]$INFO[Window(home).Property(RandomMovie.9.Rating),  •  ,]</label2>
            <property name="Plot">$INFO[Window(home).Property(RandomMovie.9.Plot)]</property>
            <visible>!IsEmpty(Window(home).Property(RandomMovie.9.File))</visible>
	    </item>
	    <item id="39">
	        <onclick>PlayMedia($ESCINFO[Window(home).Property(RecommendedEpisode.9.File)])</onclick>
            <icon>$INFO[Window(home).Property(RecommendedEpisode.9.Art(tvshow.fanart))]</icon>
	        <thumb>$INFO[Window(home).Property(RecommendedEpisode.9.Art(tvshow.fanart))]</thumb>
            <label>$INFO[Window(home).Property(RecommendedEpisode.9.TvShowTitle)]</label>
            <label2>$INFO[Window(home).Property(RecommendedEpisode.9.Title)]$INFO[Window(home).Property(RecommendedEpisode.9.EpisodeNo), • [UPPERCASE],[/UPPERCASE]]</label2>
            <property name="Plot">$INFO[Window(home).Property(RecommendedEpisode.9.Plot)]</property>
            <visible>!IsEmpty(Window(home).Property(RecommendedEpisode.9.File))</visible>
	    </item>
	    <item id="10">
	        <onclick>PlayMedia($ESCINFO[Window(home).Property(RandomMovie.10.File)])</onclick>
            <icon>$INFO[Window(home).Property(RandomMovie.10.Art(fanart))]</icon>
	        <thumb>$INFO[Window(home).Property(RandomMovie.10.Art(fanart))]</thumb>
            <label>$INFO[Window(home).Property(RandomMovie.10.Title)]</label>
            <label2>$INFO[Window(home).Property(RandomMovie.10.Year)]$INFO[Window(home).Property(RandomMovie.10.Rating),  •  ,]</label2>
            <property name="Plot">$INFO[Window(home).Property(RandomMovie.10.Plot)]</property>
            <visible>!IsEmpty(Window(home).Property(RandomMovie.10.File))</visible>
	    </item>
	    <item id="40">
	        <onclick>PlayMedia($ESCINFO[Window(home).Property(RecommendedEpisode.10.File)])</onclick>
            <icon>$INFO[Window(home).Property(RecommendedEpisode.10.Art(tvshow.fanart))]</icon>
	        <thumb>$INFO[Window(home).Property(RecommendedEpisode.10.Art(tvshow.fanart))]</thumb>
            <label>$INFO[Window(home).Property(RecommendedEpisode.10.TvShowTitle)]</label>
            <label2>$INFO[Window(home).Property(RecommendedEpisode.10.Title)]$INFO[Window(home).Property(RecommendedEpisode.10.EpisodeNo), • [UPPERCASE],[/UPPERCASE]]</label2>
            <property name="Plot">$INFO[Window(home).Property(RecommendedEpisode.10.Plot)]</property>
            <visible>!IsEmpty(Window(home).Property(RecommendedEpisode.10.File))</visible>
	    </item>
    </include>
	<include name="RecommendedMoviesWidget">
	    <item id="11">
	        <onclick>PlayMedia($ESCINFO[Window(home).Property(RecommendedMovie.1.File)])</onclick>
            <icon>$INFO[Window(home).Property(RecommendedMovie.1.Art(fanart))]</icon>
	        <thumb>$INFO[Window(home).Property(RecommendedMovie.1.Art(fanart))]</thumb>
            <label>$INFO[Window(home).Property(RecommendedMovie.1.Title)]</label>
            <label2>$INFO[Window(home).Property(RecommendedMovie.1.Year)]</label2>
            <property name="Plot">$INFO[Window(home).Property(RecommendedMovie.1.Plot)]</property>
            <visible>!IsEmpty(Window(home).Property(RecommendedMovie.1.File))</visible>
	    </item>
	    <item id="12">
	        <onclick>PlayMedia($ESCINFO[Window(home).Property(RecommendedMovie.2.File)])</onclick>
            <icon>$INFO[Window(home).Property(RecommendedMovie.2.Art(fanart))]</icon>
	        <thumb>$INFO[Window(home).Property(RecommendedMovie.2.Art(fanart))]</thumb>
            <label>$INFO[Window(home).Property(RecommendedMovie.2.Title)]</label>
            <label2>$INFO[Window(home).Property(RecommendedMovie.2.Year)]</label2>
            <property name="Plot">$INFO[Window(home).Property(RecommendedMovie.2.Plot)]</property>
            <visible>!IsEmpty(Window(home).Property(RecommendedMovie.2.File))</visible>
	    </item>
	    <item id="13">
	        <onclick>PlayMedia($ESCINFO[Window(home).Property(RecommendedMovie.3.File)])</onclick>
            <icon>$INFO[Window(home).Property(RecommendedMovie.3.Art(fanart))]</icon>
	        <thumb>$INFO[Window(home).Property(RecommendedMovie.3.Art(fanart))]</thumb>
            <label>$INFO[Window(home).Property(RecommendedMovie.3.Title)]</label>
            <label2>$INFO[Window(home).Property(RecommendedMovie.3.Year)]</label2>
            <property name="Plot">$INFO[Window(home).Property(RecommendedMovie.3.Plot)]</property>
            <visible>!IsEmpty(Window(home).Property(RecommendedMovie.3.File))</visible>
	    </item>
	    <item id="14">
	        <onclick>PlayMedia($ESCINFO[Window(home).Property(RecommendedMovie.4.File)])</onclick>
            <icon>$INFO[Window(home).Property(RecommendedMovie.4.Art(fanart))]</icon>
	        <thumb>$INFO[Window(home).Property(RecommendedMovie.4.Art(fanart))]</thumb>
            <label>$INFO[Window(home).Property(RecommendedMovie.4.Title)]</label>
            <label2>$INFO[Window(home).Property(RecommendedMovie.4.Year)]</label2>
            <property name="Plot">$INFO[Window(home).Property(RecommendedMovie.4.Plot)]</property>
            <visible>!IsEmpty(Window(home).Property(RecommendedMovie.4.File))</visible>
	    </item>
	    <item id="15">
	        <onclick>PlayMedia($ESCINFO[Window(home).Property(RecommendedMovie.5.File)])</onclick>
            <icon>$INFO[Window(home).Property(RecommendedMovie.5.Art(fanart))]</icon>
	        <thumb>$INFO[Window(home).Property(RecommendedMovie.5.Art(fanart))]</thumb>
            <label>$INFO[Window(home).Property(RecommendedMovie.5.Title)]</label>
            <label2>$INFO[Window(home).Property(RecommendedMovie.5.Year)]</label2>
            <property name="Plot">$INFO[Window(home).Property(RecommendedMovie.5.Plot)]</property>
            <visible>!IsEmpty(Window(home).Property(RecommendedMovie.5.File))</visible>
	    </item>
	    <item id="16">
	        <onclick>PlayMedia($ESCINFO[Window(home).Property(RecommendedMovie.6.File)])</onclick>
            <icon>$INFO[Window(home).Property(RecommendedMovie.6.Art(fanart))]</icon>
	        <thumb>$INFO[Window(home).Property(RecommendedMovie.6.Art(fanart))]</thumb>
            <label>$INFO[Window(home).Property(RecommendedMovie.6.Title)]</label>
            <label2>$INFO[Window(home).Property(RecommendedMovie.6.Year)]</label2>
            <property name="Plot">$INFO[Window(home).Property(RecommendedMovie.6.Plot)]</property>
            <visible>!IsEmpty(Window(home).Property(RecommendedMovie.6.File))</visible>
	    </item>
	    <item id="17">
	        <onclick>PlayMedia($ESCINFO[Window(home).Property(RecommendedMovie.7.File)])</onclick>
            <icon>$INFO[Window(home).Property(RecommendedMovie.7.Art(fanart))]</icon>
	        <thumb>$INFO[Window(home).Property(RecommendedMovie.7.Art(fanart))]</thumb>
            <label>$INFO[Window(home).Property(RecommendedMovie.7.Title)]</label>
            <label2>$INFO[Window(home).Property(RecommendedMovie.7.Year)]</label2>
            <property name="Plot">$INFO[Window(home).Property(RecommendedMovie.7.Plot)]</property>
            <visible>!IsEmpty(Window(home).Property(RecommendedMovie.7.File))</visible>
	    </item>
	    <item id="18">
	        <onclick>PlayMedia($ESCINFO[Window(home).Property(RecommendedMovie.8.File)])</onclick>
            <icon>$INFO[Window(home).Property(RecommendedMovie.8.Art(fanart))]</icon>
	        <thumb>$INFO[Window(home).Property(RecommendedMovie.8.Art(fanart))]</thumb>
            <label>$INFO[Window(home).Property(RecommendedMovie.8.Title)]</label>
            <label2>$INFO[Window(home).Property(RecommendedMovie.8.Year)]</label2>
            <property name="Plot">$INFO[Window(home).Property(RecommendedMovie.8.Plot)]</property>
            <visible>!IsEmpty(Window(home).Property(RecommendedMovie.8.File))</visible>
	    </item>
	    <item id="19">
	        <onclick>PlayMedia($ESCINFO[Window(home).Property(RecommendedMovie.9.File)])</onclick>
            <icon>$INFO[Window(home).Property(RecommendedMovie.9.Art(fanart))]</icon>
	        <thumb>$INFO[Window(home).Property(RecommendedMovie.9.Art(fanart))]</thumb>
            <label>$INFO[Window(home).Property(RecommendedMovie.9.Title)]</label>
            <label2>$INFO[Window(home).Property(RecommendedMovie.9.Year)]</label2>
            <property name="Plot">$INFO[Window(home).Property(RecommendedMovie.9.Plot)]</property>
            <visible>!IsEmpty(Window(home).Property(RecommendedMovie.9.File))</visible>
	    </item>
	    <item id="20">
	        <onclick>PlayMedia($ESCINFO[Window(home).Property(RecommendedMovie.10.File)])</onclick>
            <icon>$INFO[Window(home).Property(RecommendedMovie.10.Art(fanart))]</icon>
	        <thumb>$INFO[Window(home).Property(RecommendedMovie.10.Art(fanart))]</thumb>
            <label>$INFO[Window(home).Property(RecommendedMovie.10.Title)]</label>
            <label2>$INFO[Window(home).Property(RecommendedMovie.10.Year)]</label2>
            <property name="Plot">$INFO[Window(home).Property(RecommendedMovie.10.Plot)]</property>
            <visible>!IsEmpty(Window(home).Property(RecommendedMovie.10.File))</visible>
	    </item>
	</include>
	<include name="RecommendedEpisodesWidget">
	    <item id="31">
	        <onclick>PlayMedia($ESCINFO[Window(home).Property(RecommendedEpisode.1.File)])</onclick>
            <icon>$INFO[Window(home).Property(RecommendedEpisode.1.Art(tvshow.fanart))]</icon>
	        <thumb>$INFO[Window(home).Property(RecommendedEpisode.1.Art(tvshow.fanart))]</thumb>
            <label>$INFO[Window(home).Property(RecommendedEpisode.1.Title)]</label>
            <label2>$INFO[Window(home).Property(RecommendedEpisode.1.TvShowTitle)]$INFO[Window(home).Property(RecommendedEpisode.1.EpisodeNo), • [UPPERCASE],[/UPPERCASE]]</label2>
            <property name="Plot">$INFO[Window(home).Property(RecommendedEpisode.1.Plot)]</property>
            <visible>!IsEmpty(Window(home).Property(RecommendedEpisode.1.File))</visible>
	    </item>
	    <item id="32">
	        <onclick>PlayMedia($ESCINFO[Window(home).Property(RecommendedEpisode.2.File)])</onclick>
            <icon>$INFO[Window(home).Property(RecommendedEpisode.2.Art(tvshow.fanart))]</icon>
	        <thumb>$INFO[Window(home).Property(RecommendedEpisode.2.Art(tvshow.fanart))]</thumb>
            <label>$INFO[Window(home).Property(RecommendedEpisode.2.Title)]</label>
            <label2>$INFO[Window(home).Property(RecommendedEpisode.2.TvShowTitle)]$INFO[Window(home).Property(RecommendedEpisode.2.EpisodeNo), • [UPPERCASE],[/UPPERCASE]]</label2>
            <property name="Plot">$INFO[Window(home).Property(RecommendedEpisode.2.Plot)]</property>
            <visible>!IsEmpty(Window(home).Property(RecommendedEpisode.2.File))</visible>
	    </item>
	    <item id="33">
	        <onclick>PlayMedia($ESCINFO[Window(home).Property(RecommendedEpisode.3.File)])</onclick>
            <icon>$INFO[Window(home).Property(RecommendedEpisode.3.Art(tvshow.fanart))]</icon>
	        <thumb>$INFO[Window(home).Property(RecommendedEpisode.3.Art(tvshow.fanart))]</thumb>
            <label>$INFO[Window(home).Property(RecommendedEpisode.3.Title)]</label>
            <label2>$INFO[Window(home).Property(RecommendedEpisode.3.TvShowTitle)]$INFO[Window(home).Property(RecommendedEpisode.3.EpisodeNo), • [UPPERCASE],[/UPPERCASE]]</label2>
            <property name="Plot">$INFO[Window(home).Property(RecommendedEpisode.3.Plot)]</property>
            <visible>!IsEmpty(Window(home).Property(RecommendedEpisode.3.File))</visible>
	    </item>
	    <item id="34">
	        <onclick>PlayMedia($ESCINFO[Window(home).Property(RecommendedEpisode.4.File)])</onclick>
            <icon>$INFO[Window(home).Property(RecommendedEpisode.4.Art(tvshow.fanart))]</icon>
	        <thumb>$INFO[Window(home).Property(RecommendedEpisode.4.Art(tvshow.fanart))]</thumb>
            <label>$INFO[Window(home).Property(RecommendedEpisode.4.Title)]</label>
            <label2>$INFO[Window(home).Property(RecommendedEpisode.4.TvShowTitle)]$INFO[Window(home).Property(RecommendedEpisode.4.EpisodeNo), • [UPPERCASE],[/UPPERCASE]]</label2>
            <property name="Plot">$INFO[Window(home).Property(RecommendedEpisode.4.Plot)]</property>
            <visible>!IsEmpty(Window(home).Property(RecommendedEpisode.4.File))</visible>
	    </item>
	    <item id="35">
	        <onclick>PlayMedia($ESCINFO[Window(home).Property(RecommendedEpisode.5.File)])</onclick>
            <icon>$INFO[Window(home).Property(RecommendedEpisode.5.Art(tvshow.fanart))]</icon>
	        <thumb>$INFO[Window(home).Property(RecommendedEpisode.5.Art(tvshow.fanart))]</thumb>
            <label>$INFO[Window(home).Property(RecommendedEpisode.5.Title)]</label>
            <label2>$INFO[Window(home).Property(RecommendedEpisode.5.TvShowTitle)]$INFO[Window(home).Property(RecommendedEpisode.5.EpisodeNo), • [UPPERCASE],[/UPPERCASE]]</label2>
            <property name="Plot">$INFO[Window(home).Property(RecommendedEpisode.5.Plot)]</property>
            <visible>!IsEmpty(Window(home).Property(RecommendedEpisode.5.File))</visible>
	    </item>
	    <item id="36">
	        <onclick>PlayMedia($ESCINFO[Window(home).Property(RecommendedEpisode.6.File)])</onclick>
            <icon>$INFO[Window(home).Property(RecommendedEpisode.6.Art(tvshow.fanart))]</icon>
	        <thumb>$INFO[Window(home).Property(RecommendedEpisode.6.Art(tvshow.fanart))]</thumb>
            <label>$INFO[Window(home).Property(RecommendedEpisode.6.Title)]</label>
            <label2>$INFO[Window(home).Property(RecommendedEpisode.6.TvShowTitle)]$INFO[Window(home).Property(RecommendedEpisode.6.EpisodeNo), • [UPPERCASE],[/UPPERCASE]]</label2>
            <property name="Plot">$INFO[Window(home).Property(RecommendedEpisode.6.Plot)]</property>
            <visible>!IsEmpty(Window(home).Property(RecommendedEpisode.6.File))</visible>
	    </item>
	    <item id="37">
	        <onclick>PlayMedia($ESCINFO[Window(home).Property(RecommendedEpisode.7.File)])</onclick>
            <icon>$INFO[Window(home).Property(RecommendedEpisode.7.Art(tvshow.fanart))]</icon>
	        <thumb>$INFO[Window(home).Property(RecommendedEpisode.7.Art(tvshow.fanart))]</thumb>
            <label>$INFO[Window(home).Property(RecommendedEpisode.7.Title)]</label>
            <label2>$INFO[Window(home).Property(RecommendedEpisode.7.TvShowTitle)]$INFO[Window(home).Property(RecommendedEpisode.7.EpisodeNo), • [UPPERCASE],[/UPPERCASE]]</label2>
            <property name="Plot">$INFO[Window(home).Property(RecommendedEpisode.7.Plot)]</property>
            <visible>!IsEmpty(Window(home).Property(RecommendedEpisode.7.File))</visible>
	    </item>
	    <item id="38">
	        <onclick>PlayMedia($ESCINFO[Window(home).Property(RecommendedEpisode.8.File)])</onclick>
            <icon>$INFO[Window(home).Property(RecommendedEpisode.8.Art(tvshow.fanart))]</icon>
	        <thumb>$INFO[Window(home).Property(RecommendedEpisode.8.Art(tvshow.fanart))]</thumb>
            <label>$INFO[Window(home).Property(RecommendedEpisode.8.Title)]</label>
            <label2>$INFO[Window(home).Property(RecommendedEpisode.8.TvShowTitle)]$INFO[Window(home).Property(RecommendedEpisode.8.EpisodeNo), • [UPPERCASE],[/UPPERCASE]]</label2>
            <property name="Plot">$INFO[Window(home).Property(RecommendedEpisode.8.Plot)]</property>
            <visible>!IsEmpty(Window(home).Property(RecommendedEpisode.8.File))</visible>
	    </item>
	    <item id="39">
	        <onclick>PlayMedia($ESCINFO[Window(home).Property(RecommendedEpisode.9.File)])</onclick>
            <icon>$INFO[Window(home).Property(RecommendedEpisode.9.Art(tvshow.fanart))]</icon>
	        <thumb>$INFO[Window(home).Property(RecommendedEpisode.9.Art(tvshow.fanart))]</thumb>
            <label>$INFO[Window(home).Property(RecommendedEpisode.9.Title)]</label>
            <label2>$INFO[Window(home).Property(RecommendedEpisode.9.TvShowTitle)]$INFO[Window(home).Property(RecommendedEpisode.9.EpisodeNo), • [UPPERCASE],[/UPPERCASE]]</label2>
            <property name="Plot">$INFO[Window(home).Property(RecommendedEpisode.9.Plot)]</property>
            <visible>!IsEmpty(Window(home).Property(RecommendedEpisode.9.File))</visible>
	    </item>
	    <item id="40">
	        <onclick>PlayMedia($ESCINFO[Window(home).Property(RecommendedEpisode.10.File)])</onclick>
            <icon>$INFO[Window(home).Property(RecommendedEpisode.10.Art(tvshow.fanart))]</icon>
	        <thumb>$INFO[Window(home).Property(RecommendedEpisode.10.Art(tvshow.fanart))]</thumb>
            <label>$INFO[Window(home).Property(RecommendedEpisode.10.Title)]</label>
            <label2>$INFO[Window(home).Property(RecommendedEpisode.10.TvShowTitle)]$INFO[Window(home).Property(RecommendedEpisode.10.EpisodeNo), • [UPPERCASE],[/UPPERCASE]]</label2>
            <property name="Plot">$INFO[Window(home).Property(RecommendedEpisode.10.Plot)]</property>
            <visible>!IsEmpty(Window(home).Property(RecommendedEpisode.10.File))</visible>
	    </item>
	</include>
	
	<include name="ContentPlaylistMoviesWidget"><content target="video">$INFO[Skin.String(movie.widget.playlist)]</content></include>
	<include name="ContentPlaylistEpisodesWidget"><content target="video">$INFO[Skin.String(tvshow.widget.playlist)]</content></include>

	<include name="ContentRecommendedMoviesWidget"><content target="video"><include>RecommendedMoviesWidget</include></content></include>
	<include name="ContentRecommendedEpisodesWidget"><content target="video"><include>RecommendedEpisodesWidget</include></content></include>
	
	<include name="ContentRecentMoviesWidget"><content target="video">videodb://recentlyaddedmovies/</content></include>	
	<include name="ContentRecentEpisodesWidget"><content target="video">videodb://recentlyaddedepisodes/</content></include>
	
	<include name="ContentRandomMoviesWidget"><content target="video">special://skin/extras/playlists/RandomMovies.xsp</content></include>	
	<include name="ContentRandomEpisodesWidget"><content target="video">special://skin/extras/playlists/RandomEpisodes.xsp</content></include>
	
	<include name="ContentMixedWidget"><content target="video"><include>MixedWidget</include></content></include>
	
	<include name="ContentYoutubeTrailers"><content target="video">plugin://plugin.video.youtube/?contact=trailers&amp;external=true&amp;feed=uploads&amp;login=false&amp;path=%2froot%2fexplore%2ftrailers</content></include>
	
    <include name="ContentLibraryRecentMoviesWidget"><content target="video">videodb://recentlyaddedmovies/</content></include>
    <include name="ContentLibraryRecentEpisodesWidget"><content target="video">videodb://recentlyaddedepisodes/</content></include>
    <include name="ContentLibraryRecentAlbumsWidget"><content target="music">musicdb://recentlyplayedalbums/</content></include>

    <variable name="9600WidgetVar">    
        <value condition="stringcompare(Skin.String(home.widget),ContentRandomEpisodesWidget)">special://skin/extras/playlists/RandomEpisodes.xsp</value>
        <value condition="stringcompare(Skin.String(home.widget),ContentRecentEpisodesWidget)">videodb://recentlyaddedepisodes/</value>
        <value condition="stringcompare(Skin.String(home.widget),ContentRecentMoviesWidget)">special://skin/extras/playlists/RandomMovies.xsp</value>
        <value condition="stringcompare(Skin.String(home.widget),ContentRandomMoviesWidget)">videodb://recentlyaddedmovies/</value>
    </variable>
    
    <variable name="WidgetHubLabel">
        <value condition="stringcompare(Window(3101).Property(widget),episodes) + IsEmpty(Skin.String(home.502.bgwidget.type)">$LOCALIZE[31109] $LOCALIZE[20343]</value>
        <value condition="stringcompare(Window(3101).Property(widget),episodes) + !IsEmpty(Skin.String(home.502.bgwidget.type)">$INFO[Skin.String(home.502.bgwidget.type)]</value>
        <value condition="stringcompare(Window(3101).Property(widget),nextaired) + IsEmpty(Skin.String(home.503.bgwidget.type)">$LOCALIZE[31110] $LOCALIZE[20343]</value>
        <value condition="stringcompare(Window(3101).Property(widget),nextaired) + !IsEmpty(Skin.String(home.503.bgwidget.type)">$INFO[Skin.String(home.503.bgwidget.type)]</value>
        <value condition="stringcompare(Window(3101).Property(widget),movies) + IsEmpty(Skin.String(home.501.bgwidget.type)">$LOCALIZE[31109] $LOCALIZE[20342]</value>
        <value condition="stringcompare(Window(3101).Property(widget),movies) + !IsEmpty(Skin.String(home.501.bgwidget.type)">$INFO[Skin.String(home.501.bgwidget.type)]</value>
        <value condition="stringcompare(Window(3101).Property(widget),trailers) + IsEmpty(Skin.String(home.504.bgwidget.type)">$LOCALIZE[31193]</value>
        <value condition="stringcompare(Window(3101).Property(widget),trailers) + !IsEmpty(Skin.String(home.504.bgwidget.type)">$INFO[Skin.String(home.504.bgwidget.type)]</value>
    </variable>
    
    <variable name="WidgetHubMoviesContent">
        <value condition="!IsEmpty(Skin.String(home.501.bgwidget))">$INFO[Skin.String(home.501.bgwidget)]</value>
        <value>videodb://recentlyaddedmovies/</value>
    </variable>
    <variable name="WidgetHubEpisodesContent">
        <value condition="!IsEmpty(Skin.String(home.502.bgwidget))">$INFO[Skin.String(home.502.bgwidget)]</value>
        <value>videodb://recentlyaddedepisodes/</value>
    </variable>
    <variable name="WidgetHubNextAiredContent">
        <value condition="!IsEmpty(Skin.String(home.503.bgwidget))">$INFO[Skin.String(home.503.bgwidget)]</value>
        <value>library://video/inprogressshows.xml/</value>
    </variable>
    <variable name="WidgetHubTrailersContent">
        <value condition="!IsEmpty(Skin.String(home.504.bgwidget))">$INFO[Skin.String(home.504.bgwidget)]</value>
        <value>plugin://plugin.video.youtube/?contact=trailers&amp;external=true&amp;feed=uploads&amp;login=false&amp;path=%2froot%2fexplore%2ftrailers</value>
    </variable>
    <include name="WidgetHubListContent">
        <include>Animation.FadeIn</include>
        <posx>-115</posx>
        <posy>20</posy>
        <width>2120</width>
        <height>340</height>
        <onup>Back</onup>
        <ondown condition="stringcompare(Window(3101).Property(widget),trailers)">SetProperty(widget,movies,3101)</ondown>
        <ondown condition="stringcompare(Window(3101).Property(widget),nextaired)">SetProperty(widget,trailers,3101)</ondown>
        <ondown condition="stringcompare(Window(3101).Property(widget),episodes)">SetProperty(widget,nextaired,3101)</ondown>
        <ondown condition="stringcompare(Window(3101).Property(widget),movies)">SetProperty(widget,episodes,3101)</ondown>
        <focusposition>2</focusposition>
        <scrolltime tween="quadratic">400</scrolltime>
        <orientation>horizontal</orientation>
        <itemlayout width="190" height="340">
            <control type="image">

                <width>220</width>
                <height>340</height>
                <texture diffuse="home/half-tile.png">$VAR[WidgetFanart]</texture>
                <aspectratio scalediffuse="false">scale</aspectratio>
            </control>
        </itemlayout>
        <focusedlayout width="1330" height="340">
            <control type="image">
                <width>600</width>
                <height>340</height>
                <texture diffuse="home/tile-600x340.png">$VAR[WidgetFanart]</texture>
                <aspectratio scalediffuse="false">scale</aspectratio>
            </control>
        </focusedlayout>
    </include>
</includes>
