<?xml version="1.0" encoding="UTF-8"?>
<!-- Foundation -->
<includes>

    <include name="GlobalOverlay">
        <control type="image">
	        <include>Dimensions_Fullscreen</include>
	        <texture>common/white.png</texture>
	        <colordiffuse>PanelBG</colordiffuse>
	        <animation effect="fade" end="75" condition="true">Conditional</animation>
	        <include>Animation.FadeIn</include>
	    </control>
	</include>
	
	<include name="GlobalVignette">
		<control type="image">
			<width>1920</width>
			<height>448</height>
			<texture colordiffuse="7F000000">common/gradient.png</texture>
		</control>
		
	</include>
	
	<variable name="GlobalWidget">
	    <value condition="!IsEmpty(Window(home).Property(bgwidget))">$INFO[Window(home).Property(bgwidget)]</value>
        <value condition="!IsEmpty(Skin.String(home.fanart))">$INFO[Skin.String(home.fanart)]</value>
        <value>special://skin/extras/backgrounds/</value>
    </variable>
    
    <include name="HomeBGWidgetContent">
        <visible>Window.IsVisible(home)</visible>
        <visible>!Skin.HasSetting(home.usemixedglobalwidget)</visible>
        <visible>!Player.HasVideo | [Skin.HasSetting(disable.bgvideo) + !Window.IsVisible(home)]</visible>
        <posy>1080</posy>
        <include>Dimensions_Fullscreen</include>
        <include>Animation.FadeIn</include>
        <include>Animation.FadeOut</include>
        <autoscroll time="10000">!Control.HasFocus(9600)</autoscroll>
        <ondown>300</ondown>
        <onback>300</onback>
        <orientation>horizontal</orientation>
        <preloaditems>1</preloaditems>
        <scrolltime tween="quadratic">500</scrolltime>
        <itemlayout width="1920" height="1080">
        </itemlayout>
        <focusedlayout width="1920" height="1080">
        </focusedlayout>
    </include>

    <variable name="GlobalFanart">
        <value condition="Skin.HasSetting(disable.fanart) + !Window.IsVisible(home)">noop</value>
        <value condition="Window.IsVisible(weather)">$INFO[Skin.String(weather.fanart)]$INFO[Window(Weather).Property(Current.FanartCode)]/</value>
        <value condition="![Control.HasFocus(9500) | Control.HasFocus(9502) | Control.HasFocus(9501)] + !IsEmpty(ListItem.Art(fanart))">$INFO[ListItem.Art(fanart)]</value>
        <value condition="![Control.HasFocus(9500) | Control.HasFocus(9502) | Control.HasFocus(9501)] + !IsEmpty(ListItem.Property(Fanart_Image))">$INFO[ListItem.Property(Fanart_Image)]</value>
        <value condition="Window.IsVisible(home) + Control.IsVisible(9600) + Skin.HasSetting(home.usemixedglobalwidget)">$INFO[Container(9600).ListItem.Icon]</value>
        <value condition="Window.IsVisible(home) + Control.IsVisible(9600) + !IsEmpty(Container(9600).ListItem.Art(fanart))">$INFO[Container(9600).ListItem.Art(fanart)]</value>
        <value condition="Window.IsVisible(home) + Control.IsVisible(9600) + [stringcompare(Window(home).Property(bgwidget.type),$LOCALIZE[108]) | IsEmpty(Window(home).Property(bgwidget))] + !Control.HasFocus(9600)">$INFO[Container(9600).ListItem.Path]</value>
        <value condition="Window.IsVisible(home) + Control.IsVisible(9600) + [stringcompare(Window(home).Property(bgwidget.type),$LOCALIZE[108]) | IsEmpty(Window(home).Property(bgwidget))] + Control.HasFocus(9600)">$INFO[Container(9600).ListItem.FileNameAndPath]</value>
        <value condition="Window.IsVisible(home) + Control.IsVisible(9600) + IsEmpty(Container(9600).ListItem.Art(fanart))">$INFO[Container(9600).ListItem.Icon]</value>
        <value>noop</value>
    </variable>
    
	<include name="GlobalBackground">
		<control type="group">
		    <control type="image">
		        <include>Dimensions_Fullscreen</include>
		        <texture colordiffuse="Background">common/white.png</texture>
		    </control>
			<control type="multiimage">
				<include>Dimensions_Fullscreen</include>
				<include>Animation.FadeIn</include>
				<include>Animation.FadeOut</include>
				<fadetime>600</fadetime>
				<timeperimage>12000</timeperimage>
				<randomize>true</randomize>
				<imagepath background="true">$VAR[GlobalFanart]</imagepath>
				<visible>!Player.HasVideo | [Skin.HasSetting(disable.bgvideo) + !Window.IsVisible(home)]</visible>
                <animation effect="zoom" start="110" end="130" center="auto" time="10000" tween="sine" easing="inout" pulse="true" condition="Skin.HasSetting(Fanart.Animate)">Conditional</animation>
                <animation effect="slide" start="-30,-30" end="30,30" time="6000" tween="sine" easing="inout" pulse="true" condition="Skin.HasSetting(Fanart.Animate)">Conditional</animation>
                <visible>Window.IsVisible(home)</visible>
			</control>
			<control type="multiimage" id="9238">
				<include>Dimensions_Fullscreen</include>
				<include>Animation.FadeIn</include>
				<include>Animation.FadeOut</include>
				<fadetime>600</fadetime>
				<timeperimage>12000</timeperimage>
				<randomize>true</randomize>
				<imagepath background="true">$VAR[GlobalFanart]</imagepath>
                <animation effect="zoom" start="110" end="130" center="auto" time="10000" tween="sine" easing="inout" pulse="true" condition="Skin.HasSetting(Fanart.Animate)">Conditional</animation>
                <animation effect="slide" start="-30,-30" end="30,30" time="6000" tween="sine" easing="inout" pulse="true" condition="Skin.HasSetting(Fanart.Animate)">Conditional</animation>
                <colordiffuse>ff444444</colordiffuse>
                <visible>!Player.HasVideo | Skin.HasSetting(disable.bgvideo)</visible>
                <visible>!Window.IsVisible(home)</visible>
			</control>

            <control type="wraplist" id="9600">
			    <include>HomeBGWidgetContent</include>
			    <content target="video">$VAR[GlobalWidget]</content>
            </control>
            
            <control type="wraplist" id="9600">
			    <visible>Window.IsVisible(home)</visible>
			    <visible>Skin.HasSetting(home.usemixedglobalwidget)</visible>
                <visible>!Player.HasVideo | [Skin.HasSetting(disable.bgvideo) + !Window.IsVisible(home)]</visible>
                <posy>1080</posy>
                <include>Dimensions_Fullscreen</include>
                <include>Animation.FadeIn</include>
                <include>Animation.FadeOut</include>
                <autoscroll time="10000">!Control.HasFocus(9600)</autoscroll>
                <ondown>300</ondown>
                <onback>300</onback>
                <orientation>horizontal</orientation>
                <preloaditems>1</preloaditems>
                <scrolltime tween="quadratic">500</scrolltime>
                <itemlayout width="1920" height="1080">
                </itemlayout>
                <focusedlayout width="1920" height="1080">
                </focusedlayout>
			    <include>ContentMixedWidget</include>
            </control>

            
			
			<control type="videowindow">
				<include>Dimensions_Fullscreen</include>
				<visible>Player.HasVideo + [!Skin.HasSetting(disable.bgvideo) | Window.IsVisible(home)]</visible>
				<include condition="!Window.Previous(VideoFullScreen.xml)">Animation.FadeIn</include>
				<include>Animation.FadeOut</include>
			</control>
			<control type="image">
		        <include>Dimensions_Fullscreen</include>
		        <texture colordiffuse="Background">common/white.png</texture>
                <animation effect="fade" start="100" end="75" condition="![Player.HasVideo + [!Skin.HasSetting(disable.bgvideo) | Window.IsVisible(home)]] + !Skin.HasSetting(fanart.showmore)">Conditional</animation>
                <animation effect="fade" start="100" end="50" condition="![Player.HasVideo + [!Skin.HasSetting(disable.bgvideo) | Window.IsVisible(home)]] + Skin.HasSetting(fanart.showmore)">Conditional</animation>
                <animation effect="fade" start="100" end="92" condition="[Player.HasVideo + [!Skin.HasSetting(disable.bgvideo) | Window.IsVisible(home)]]">Conditional</animation>
                <visible>!Window.IsVisible(home)</visible>
		    </control>
		    <control type="image">
		        <include>Dimensions_Fullscreen</include>
		        <fadetime>1000</fadetime>
		        <texture colordiffuse="4f777777" fallback="special://skin/extras/border/sunset.png">$VAR[SunsetTimerImage]</texture>
		        <visible>Skin.HasSetting(purplefade)</visible>
		        <include condition="Window.Previous(home) | Window.Previous(visualisation) | Window.Previous(fullscreenvideo)">Animation.FadeIn</include>
		        <visible>!Window.IsVisible(home) + !Window.IsVisible(visualisation) + !Window.IsVisible(fullscreenvideo)</visible>
		    </control>
		    <control type="image">
		        <posx>0</posx>
		        <posy>0</posy>
		        <width>1920</width>
		        <height>1080</height>
		        <texture>special://skin/extras/border/silhouette.png</texture>
                <visible>!Player.HasVideo | Skin.HasSetting(disable.bgvideo)</visible>
		        <colordiffuse>Silhouette</colordiffuse>
		        <include>Animation.FadeIn</include>
		        <include>Animation.FadeOut</include>
		        <visible>!Window.IsVisible(home)</visible>
		        <visible>IsEmpty(Control.GetLabel(9238))</visible>
		        <visible>Window.IsVisible(SettingsCategory.xml) | Window.IsVisible(SkinSettings.xml) | Window.IsVisible(ProfileSettings.xml) | Window.IsVisible(SettingsProfile.xml) | Skin.HasSetting(show.silhouette)</visible>
		    </control>
			<control type="group">		
			    <visible>Window.IsVisible(home)</visible>
			    <visible>!Control.HasFocus(9600)</visible>
                <include>GlobalVignette</include>
                <include>Animation.FadeIn</include>
				<include>Animation.FadeOut</include>
            </control>
            
            <control type="group">
                <posy>400</posy>
                <visible>Skin.HasSetting(home.showinfoonwidget)</visible>
                <visible>!Skin.HasSetting(home.usemixedglobalwidget)</visible>
                <visible>!IsEmpty(Window(home).Property(bgwidget))</visible>
                <visible>!stringcompare(Window(home).Property(bgwidget.type),$LOCALIZE[108])</visible>
                <visible>Window.IsVisible(home)</visible>
                <visible>!Player.HasVideo</visible>
                <visible>!Skin.HasSetting(home.talltiles)</visible>
                <visible>!IsEmpty(Container(9600).ListItem.Label)</visible>
                <animation effect="slide" start="0" end="0,320" time="500" tween="back" reversible="false" easing="out" condition="Control.HasFocus(9600)">Conditional</animation>
                <animation effect="slide" end="0" start="0,320" time="150" reversible="false" condition="!Control.HasFocus(9600)">Conditional</animation>
                
                <include>Animation.SlideOpen.Right</include>
                <include>Animation.FadeOut</include>
                <control type="image">
                    <posx>-100</posx>
                    <width>900</width>
                    <height>340</height>	
                    <texture align="left" border="150">home/half-tile.png</texture>
                    <colordiffuse>TopBarDark</colordiffuse>
                    <animation effect="fade" start="100" end="95" condition="true">Conditional</animation>
                </control>
                <control type="grouplist">
                    
                    <posx>64</posx>
                    <posy>20</posy>
                    <width>650</width>
                    <orientation>vertical</orientation>
                    
                    <control type="label">
                        <label>$INFO[Window(Home).Property(bgwidget.type)]</label>
                        <aligny>top</aligny>
                        <height>35</height>
                        <animation effect="fade" start="100" end="70" condition="true">Conditional</animation>
                        <textcolor>TopBarDarkIcon</textcolor>
                        <visible>!IsEmpty(Window(Home).Property(bgwidget.type))</visible>
                    </control>
                    <control type="label">
                        <label>31112</label>
                        <aligny>top</aligny>
                        <height>35</height>
                        <animation effect="fade" start="100" end="70" condition="true">Conditional</animation>
                        <textcolor>TopBarDarkIcon</textcolor>
                        <visible>IsEmpty(Window(Home).Property(bgwidget.type))</visible>
                    </control>
                    <control type="label">
                        <label>$INFO[Container(9600).ListItem.Label]</label>
                        <aligny>top</aligny>
                        <font>Font-WidgetInfoTitle</font>
                        <height>70</height>
                        <textcolor>Highlight</textcolor>
                    </control>
                    <control type="textbox">
                        <label>$INFO[Container(9600).ListItem.Plot]$INFO[Container(9600).ListItem.Property(Album_Description)]</label>
                        <aligny>top</aligny>
                        <height>120</height>
                        <animation effect="fade" start="100" end="70" condition="true">Conditional</animation>
                        <textcolor>TopBarDarkIcon</textcolor>
                        <font>Font-ListInfo</font>
                    </control>
                    <control type="label">
                        <label>$INFO[Container(9600).ListItem.Artist,,  •  ]$INFO[Container(9600).ListItem.TvShowTitle,,  •  ]$INFO[Container(9600).ListItem.Year]$INFO[Container(9600).ListItem.RatingAndVotes,  •  ,]</label>
                        <aligny>center</aligny>
                        <animation effect="fade" start="100" end="70" condition="true">Conditional</animation>
                        <font>Font-ListInfo-Small</font>
                        <height>65</height>
                        <textcolor>TopBarDarkIcon</textcolor>
                        <visible>!IsEmpty(Container(9600).ListItem.Year)</visible>
                    </control>
                    <control type="label">
                        <label>$INFO[Container(9600).ListItem.Artist,,  •  ]$INFO[Container(9600).ListItem.TvShowTitle]$INFO[Container(9600).ListItem.RatingAndVotes,  •  ,]</label>
                        <aligny>center</aligny>
                        <animation effect="fade" start="100" end="70" condition="true">Conditional</animation>
                        <font>Font-ListInfo-Small</font>
                        <height>65</height>
                        <textcolor>TopBarDarkIcon</textcolor>
                        <visible>IsEmpty(Container(9600).ListItem.Year)</visible>
                    </control>
                </control>
            </control>
            <control type="group">
                <posy>400</posy>
                <visible>Skin.HasSetting(home.showinfoonwidget)</visible>
                <visible>Skin.HasSetting(home.usemixedglobalwidget)</visible>
                <visible>Window.IsVisible(home)</visible>
                <visible>!Player.HasVideo</visible>
                <visible>!Skin.HasSetting(home.talltiles)</visible>
                <visible>!IsEmpty(Container(9600).ListItem.Label)</visible>
                <animation effect="slide" start="0" end="0,320" time="500" tween="back" reversible="false" easing="out" condition="Control.HasFocus(9600)">Conditional</animation>
                <animation effect="slide" end="0" start="0,320" time="150" reversible="false" condition="!Control.HasFocus(9600)">Conditional</animation>
                
                <include>Animation.SlideOpen.Right</include>
                <include>Animation.FadeOut</include>
                <control type="image">
                    <posx>-100</posx>
                    <width>900</width>
                    <height>340</height>	
                    <texture align="left" border="150">home/half-tile.png</texture>
                    <colordiffuse>TopBarDark</colordiffuse>
                    <animation effect="fade" start="100" end="95" condition="true">Conditional</animation>
                </control>
                <control type="grouplist">
                    
                    <posx>64</posx>
                    <posy>20</posy>
                    <width>650</width>
                    <orientation>vertical</orientation>
                    <control type="label">
                        <label>$LOCALIZE[31112] / $LOCALIZE[31110]</label>
                        <aligny>top</aligny>
                        <animation effect="fade" start="100" end="70" condition="true">Conditional</animation>
                        <textcolor>TopBarDarkIcon</textcolor>
                        <height>35</height>
                    </control>
                    <control type="label">
                        <label>$INFO[Container(9600).ListItem.Label]</label>
                        <aligny>top</aligny>
                        <font>Font-WidgetInfoTitle</font>
                        <height>70</height>
                        <textcolor>Highlight</textcolor>
                    </control>
                    <control type="textbox">
                        <label>$INFO[Container(9600).ListItem.Property(Plot)]</label>
                        <aligny>top</aligny>
                        <height>120</height>
                        <animation effect="fade" start="100" end="70" condition="true">Conditional</animation>
                        <textcolor>TopBarDarkIcon</textcolor>
                        <font>Font-ListInfo</font>
                    </control>
                    <control type="label">
                        <label>$INFO[Container(9600).ListItem.Label2]</label>
                        <aligny>center</aligny>
                        <animation effect="fade" start="100" end="70" condition="true">Conditional</animation>
                        <textcolor>TopBarDarkIcon</textcolor>
                        <font>Font-ListInfo-Small</font>
                        <height>65</height>
                    </control>
                </control>
            </control>
            <control type="image">
                <posy>384r</posy>
                <width>1920</width>
                <height>384</height>
                <texture colordiffuse="7F000000" flipy="true">common/gradient.png</texture>
                <visible>Control.HasFocus(9600)</visible>
                <include>Animation.FadeOut</include>
                <visible>!Skin.HasSetting(home.showinfoonwidget) | Skin.HasSetting(home.talltiles)</visible>
            </control>

            <control type="group">
                <left>30</left>
                <posy>172r</posy>
                <visible>Control.HasFocus(9600)</visible>
                <include>Animation.FadeIn</include>
                <include>Animation.FadeOut</include>
                <visible>!Skin.HasSetting(home.showinfoonwidget) | Skin.HasSetting(home.talltiles)</visible>
                
                <control type="label">
                    <top>25</top>
                    <width>1860</width>
                    <height>100</height>
                    <font>Font-Header</font>
                    <label>$INFO[Container(9600).ListItem.Label]</label>
                    <aligny>top</aligny>
                    <textcolor>$VAR[TopBarMainLabel]</textcolor>
                </control>
                <control type="grouplist">
                    <posy>115</posy>
                    <orientation>horizontal</orientation>
                    <itemgap>16</itemgap>
                    <width>1860</width>
                    <visible>!Skin.HasSetting(home.usemixedglobalwidget)</visible>
                    <control type="label">
                        <width>auto</width>
                        <font>Font-Sublabel</font>
                        <aligny>top</aligny>
                        <textcolor>Highlight</textcolor>
                        <scroll>true</scroll>
                        <label>$INFO[Container(9600).ListItem.Artist,,  •  ]$INFO[Container(9600).ListItem.TvShowTitle,,  •  ]$INFO[Container(9600).ListItem.Year,,  •  ]$INFO[Container(9600).ListItem.Rating]</label>
                    </control>
                    <control type="label">
                        <width>1800</width>
                        <font>Font-Sublabel</font>
                        <aligny>top</aligny>
                        <textcolor>$VAR[TopBarSubLabel]</textcolor>
                        <scroll>true</scroll>
                        <label>$INFO[Container(9600).ListItem.Plot]</label>
                    </control>
                </control>
                <control type="grouplist">
                    <posy>115</posy>
                    <orientation>horizontal</orientation>
                    <itemgap>16</itemgap>
                    <width>1860</width>
                    <visible>Skin.HasSetting(home.usemixedglobalwidget)</visible>
                    <control type="label">
                        <width>auto</width>
                        <font>Font-Sublabel</font>
                        <aligny>top</aligny>
                        <textcolor>Highlight</textcolor>
                        <scroll>true</scroll>
                        <label>$INFO[Container(9600).ListItem.Label2]</label>
                    </control>
                    <control type="label">
                        <width>1800</width>
                        <font>Font-Sublabel</font>
                        <aligny>top</aligny>
                        <textcolor>$VAR[TopBarSubLabel]</textcolor>
                        <scroll>true</scroll>
                        <label>$INFO[Container(9600).ListItem.Property(Plot)]</label>
                    </control>
                </control>
            </control>
		</control>	
		
	</include>
	
</includes>
