<window>
    <defaultcontrol always="true">52</defaultcontrol>
    <allowoverlay>no</allowoverlay>
    <backgroundcolor>0</backgroundcolor>
    <controls>
        
        <include>GlobalBackground</include>
        
        <control type="list" id="52">
            <visible>!Window.IsVisible(ProfileSettings.xml)</visible>
            <posx>635</posx>
            <posy>360</posy>
            <width>650</width>
            <height>360</height>
            <onleft>61</onleft>
            <onright>noop</onright>
            <onup>52</onup>
            <ondown>52</ondown>
            <pagecontrol>61</pagecontrol>
            <scrolltime tween="cubic" easing="out">500</scrolltime>
            <movement>1</movement>
            <itemlayout height="120">
                <control type="label">
                    <posx>140</posx>
                    <posy>22</posy>
                    <width>490</width>
                    <height>40</height>
                    <label>[B]$INFO[ListItem.Label][/B]</label>
                </control>
                <control type="label">
                    <posx>140</posx>
                    <posy>61</posy>
                    <width>490</width>
                    <height>40</height>
                    <label>$INFO[ListItem.Label2]</label>
                    <font>Font-ListInfo</font>
                </control>
            </itemlayout>
            <focusedlayout height="120">
                <control type="image">
                    <posx>0</posx>
                    <posy>0</posy>
                    <width>120</width>
                    <height>120</height>
                    <texture background="true" fallback="DefaultActor.png">$INFO[Listitem.Icon]</texture>
                    <animation effect="slide" start="0,120" end="0,0" time="300" reversible="false" tween="back" easing="out" condition="Container(52).OnPrevious">Focus</animation>
                    <animation effect="slide" start="0,-120" end="0,0" time="300" reversible="false" tween="back" easing="out" condition="Container(52).OnNext">Focus</animation>
                </control>
                <control type="group">
                    <animation type="Focus" condition="Container(52).OnNext | Container(52).OnPrevious" reversible="false">
                        <effect type="fade" start="50" end="100" time="300" tween="sine" easing="inout" />
                    </animation>
                    <animation effect="fade" start="100" end="50" time="300" tween="sine" easing="inout" condition="!Control.HasFocus(52)">Conditional</animation>
                    <control type="label">
                        <posx>140</posx>
                        <posy>22</posy>
                        <width>490</width>
                        <height>40</height>
                        <label>[B]$INFO[ListItem.Label][/B]</label>
                    </control>
                    <control type="label">
                        <posx>140</posx>
                        <posy>61</posy>
                        <width>490</width>
                        <height>40</height>
                        <label>$INFO[ListItem.Label2]</label>
                        <font>Font-ListInfo</font>
                    </control>
                </control>
            </focusedlayout>
        </control>
        
        <include>GlobalLeftHeader</include>
        <include>HeaderMainInfo</include>
        <control type="group">
            <posx>400r</posx>
            <visible>!Window.IsActive(DialogExtendedProgressBar.xml)</visible>
            <include>Animation.HeaderDialog</include>
            <control type="label">
                <posx>272</posx>
                <posy>27</posy>
                <width>100</width>
                <height>100</height>
                <font>Font-Weather</font>
                <textcolor>$VAR[TopBarMainLabel]</textcolor>
                <align>center</align>
                <aligny>center</aligny>
                <label> [B]$VAR[WeatherLabel][/B]</label>
            </control>
            <control type="label">
                <posx>268</posx>
                <posy>115</posy>
                <width>128</width>
                <height>100</height>
                <aligny>top</aligny>
                <font>Font-Sublabel</font>
                <textcolor>$VAR[TopBarSubLabel]</textcolor>
                <align>center</align>
                <aligny>top</aligny>
                <label>$INFO[Weather.Temperature]</label>
            </control>
            <control type="label">
                <posx>220</posx>
                <posy>25</posy>
                <width>300</width>
                <height>100</height>
                <font>Font-Header</font>
                <align>right</align>
                <aligny>top</aligny>
                <label>$INFO[System.Time(hh:mm)]</label>
                <textcolor>$VAR[TopBarMainLabel]</textcolor>
                <animation effect="slide" start="0" end="50" condition="IsEmpty(Control.GetLabel(9999))">Conditional</animation>
            </control>
            <control type="label" id="9999">
                <posx>270</posx>
                <posy>71</posy>
                <width>100</width>
                <height>100</height>
                <aligny>top</aligny>
                <font>Font-Sublabel</font>
                <textcolor>$VAR[TopBarSubLabel]</textcolor>
                <align>right</align>
                <label>$INFO[System.Time(xx)]</label>
            </control>
            <control type="label">
                <posx>270</posx>
                <posy>115</posy>
                <width>500</width>
                <height>100</height>
                <aligny>top</aligny>
                <font>Font-Sublabel</font>
                <textcolor>$VAR[TopBarSubLabel]</textcolor>
                <align>right</align>
                <label>$INFO[System.Date(DDD)]$COMMA $INFO[System.Date(dd MMM yyyy)]</label>
            </control>
        </control>   
            
    </controls>
</window>