<?xml version="1.0" encoding="UTF-8"?>
<!-- Foundation -->
<window id="2006">
	<defaultcontrol always="true">-</defaultcontrol>
	<allowoverlay>no</allowoverlay>
    <onload>RunScript(script.artistslideshow)</onload>
	<controls>

		<control type="visualisation" id="2">
			<description>visualisation</description>
			<include>Dimensions_Fullscreen</include>
		</control>
		<control type="multiimage">
            <aspectratio>scale</aspectratio>
            <include>Dimensions_Fullscreen</include>
            <timeperimage>10000</timeperimage>
            <randomize>true</randomize>
            <fadetime>600</fadetime>
            <loop>yes</loop>
            <imagepath background="true">$INFO[Window(Visualisation).Property(ArtistSlideshow)]</imagepath>
            <visible>System.HasAddon(script.artistslideshow) + Skin.HasSetting(ArtistSlideShow.Enabled)</visible>
            <animation effect="fade" start="100" end="65" time="0" condition="Skin.HasSetting(OSDVisualisation.ShowFanart)">Conditional</animation>
            <animation effect="zoom" start="110" end="130" center="auto" time="10000" tween="sine" easing="inout" pulse="true" condition="Skin.HasSetting(ArtistSlideshow.Animate)">Conditional</animation>
            <animation effect="slide" start="-30,-30" end="30,30" time="6000" tween="sine" easing="inout" pulse="true" condition="Skin.HasSetting(ArtistSlideshow.Animate)">Conditional</animation>
        </control>
        
	</controls>

</window>