<?xml version="1.0" encoding="UTF-8"?>
<!-- Foundation -->
<window id="503">
	<defaultcontrol allways="true">6</defaultcontrol>
	<allowoverlay>yes</allowoverlay>
	<views>50</views>
    <onload>ClearProperty(focushub,home)</onload>
	<controls>

		<include>GlobalBackground</include>

		<control type="group">
			<description>Left panel</description>
			<posx>45</posx>
			<posy>78</posy>

			<control type="image">
				<posx>-30</posx>
				<posy>-30</posy>
				<width>720</width>
				<height>1020</height>
				<texture border="22">other_textures/ContentPanel.png</texture>
			</control>

			<control type="label">
				<posx>15</posx>
				<posy>15</posy>
				<width>615</width>
				<height>45</height>
				<font>Medium</font>
				<label>31022</label>
			</control>

			<control type="list" id="50">
				<posx>15</posx>
				<posy>93</posy>
				<width>630</width>
				<height>828</height>
				<onleft>-</onleft>
				<onright>9000</onright>
				<onup>50</onup>
				<ondown>50</ondown>
				<viewtype label="">list</viewtype>
				<scrolltime>200</scrolltime>

				<itemlayout height="69" width="630">

					<control type="image">
						<posx>0</posx>
						<posy>0</posy>
						<width>630</width>
						<height>66</height>
						<texture border="5">other_textures/ButtonNF.png</texture>
					</control>

					<control type="label">
						<posx>30</posx>
						<posy>0</posy>
						<width>570</width>
						<info>ListItem.Label</info>
					</control>

					<control type="label">
						<posx>600</posx>
						<posy>0</posy>
						<width>570</width>
						<align>right</align>
						<info>ListItem.Label2</info>
					</control>

				</itemlayout>

				<focusedlayout height="69" width="630">

					<control type="image">
						<posx>0</posx>
						<posy>0</posy>
						<width>630</width>
						<height>66</height>
						<texture border="5">other_textures/ButtonFO.png</texture>
						<animation effect="fade" start="100" end="50" condition="!Control.HasFocus(50)">Conditional</animation>
					</control>

					<control type="label">
						<posx>30</posx>
						<posy>0</posy>
						<width>570</width>
						<info>ListItem.Label</info>
					</control>

					<control type="label">
						<posx>600</posx>
						<posy>0</posy>
						<width>570</width>
						<align>right</align>
						<info>ListItem.Label2</info>
					</control>

				</focusedlayout>

			</control>

		</control>

		<control type="group">
			<description>Middle Panel</description>
			<posx>735</posx>
			<posy>68</posy>

			<control type="label">
				<posx>0</posx>
				<posy>0</posy>
				<width>420</width>
				<height>45</height>
				<font>Medium</font>
				<textcolor>Highlight-NF</textcolor>
				<align>center</align>
				<label>31018</label>
			</control>

			<control type="group">
				<visible>Control.HasFocus(50)</visible>

				<control type="image">
					<posx>15</posx>
					<posy>75</posy>
					<width>420</width>
					<height>300</height>
					<aspectratio>keep</aspectratio>
					<texture>$INFO[Container(50).ListItem.Icon]</texture>

					<bordertexture border="5">other_textures/ButtonFo.png</bordertexture>
					<bordersize>12</bordersize>
				</control>

				<control type="textbox">
					<posx>15</posx>
					<posy>390</posy>
					<width>420</width>
					<height>330</height>
					<label>$INFO[Container(50).ListItem.Title,[COLOR=Highlight-NF]$LOCALIZE[556]:[/COLOR] ,[CR]]$INFO[Container(50).ListItem.Artist,[COLOR=Highlight-NF]$LOCALIZE[557]:[/COLOR] ,[CR]]$INFO[Container(50).ListItem.Album,[COLOR=Highlight-NF]$LOCALIZE[558]:[/COLOR] ,[CR]]$INFO[Container(50).ListItem.Duration,[COLOR=Highlight-NF]$LOCALIZE[555]:[/COLOR] ,[CR]]$INFO[Container(50).ListItem.TrackNumber,[COLOR=Highlight-NF]$LOCALIZE[554]:[/COLOR] ,[CR]]$INFO[Container(50).ListItem.Genre,[COLOR=Highlight-NF]$LOCALIZE[515]:[/COLOR] ,[CR]]</label>
				</control>

			</control>

			<control type="group">
				<visible>Control.HasFocus(100)</visible>

				<control type="image">
					<posx>15</posx>
					<posy>75</posy>
					<width>420</width>
					<height>300</height>
					<aspectratio>keep</aspectratio>
					<texture>$INFO[Container(100).ListItem.Icon]</texture>
					<bordertexture border="5">other_textures/ButtonFo.png</bordertexture>
					<bordersize>8</bordersize>
				</control>

				<control type="textbox">
					<posx>15</posx>
					<posy>390</posy>
					<width>420</width>
					<height>330</height>
					<label>$INFO[Container(100).ListItem.Title,[COLOR=Highlight-NF]$LOCALIZE[556]:[/COLOR] ,[CR]]$INFO[Container(100).ListItem.Artist,[COLOR=Highlight-NF]$LOCALIZE[557]:[/COLOR] ,[CR]]$INFO[Container(100).ListItem.Album,[COLOR=Highlight-NF]$LOCALIZE[558]:[/COLOR] ,[CR]]$INFO[Container(100).ListItem.Duration,[COLOR=Highlight-NF]$LOCALIZE[555]:[/COLOR] ,[CR]]$INFO[Container(100).ListItem.TrackNumber,[COLOR=Highlight-NF]$LOCALIZE[554]:[/COLOR] ,[CR]]$INFO[Container(100).ListItem.Genre,[COLOR=Highlight-NF]$LOCALIZE[515]:[/COLOR] ,[CR]]</label>
				</control>

			</control>

			<control type="group" id="9000">
				<posx>15</posx>
				<posy>753</posy>

				<control type="button" id="6">
					<description>Open Button</description>
					<posx>0</posx>
					<posy>0</posy>
					<width>420</width>
					<label>31019</label>
					<onleft>50</onleft>
					<onright>100</onright>
					<onup>8</onup>
					<ondown>7</ondown>
				</control>

				<control type="button" id="7">
					<description>Save Button</description>
					<posx>0</posx>
					<posy>69</posy>
					<width>420</width>
					<label>31020</label>
					<onleft>50</onleft>
					<onright>100</onright>
					<onup>6</onup>
					<ondown>8</ondown>
				</control>

				<control type="button" id="8">
					<description>Clear button</description>
					<posx>0</posx>
					<posy>138</posy>
					<width>420</width>
					<label>31021</label>
					<onleft>50</onleft>
					<onright>100</onright>
					<onup>7</onup>
					<ondown>6</ondown>
				</control>

			</control>

		</control>

		<control type="group">
			<description>Right Panel</description>
			<posx>1215</posx>
			<posy>78</posy>

			<control type="image">
				<posx>-30</posx>
				<posy>-30</posy>
				<width>720</width>
				<height>1020</height>
				<texture border="22">other_textures/ContentPanel.png</texture>
			</control>

			<control type="label">
				<posx>15</posx>
				<posy>15</posy>
				<width>615</width>
				<height>45</height>
				<font>Medium</font>
				<label>31029</label>
			</control>

			<control type="list" id="100">
				<posx>15</posx>
				<posy>96</posy>
				<width>630</width>
				<height>828</height>
				<onleft>9000</onleft>
				<onright>-</onright>
				<onup>100</onup>
				<ondown>100</ondown>
				<viewtype label="">list</viewtype>
				<scrolltime>200</scrolltime>

				<itemlayout height="69" width="630">

					<control type="image">
						<posx>0</posx>
						<posy>0</posy>
						<width>630</width>
						<height>66</height>
						<texture border="5">other_textures/ButtonNF.png</texture>
					</control>

					<control type="label">
						<posx>30</posx>
						<posy>0</posy>
						<width>570</width>
						<info>ListItem.Label</info>
					</control>

					<control type="label">
						<posx>600</posx>
						<posy>0</posy>
						<width>570</width>
						<align>right</align>
						<info>ListItem.Label2</info>
					</control>

				</itemlayout>

				<focusedlayout height="69" width="630">

					<control type="image">
						<posx>0</posx>
						<posy>0</posy>
						<width>630</width>
						<height>66</height>
						<texture border="5">other_textures/ButtonFO.png</texture>
						<animation effect="fade" start="100" end="50" condition="!Control.HasFocus(100)">Conditional</animation>
					</control>

					<control type="label">
						<posx>30</posx>
						<posy>0</posy>
						<width>570</width>
						<info>ListItem.Label</info>
					</control>

					<control type="label">
						<posx>600</posx>
						<posy>0</posy>
						<width>570</width>
						<align>right</align>
						<info>ListItem.Label2</info>
					</control>

				</focusedlayout>

			</control>

		</control>

	</controls>

</window>
