<?xml version="1.0" encoding="UTF-8"?>
<!-- Foundation -->
<window id="501">
	<defaultcontrol always="true">50</defaultcontrol>
	<allowoverlay>yes</allowoverlay>
	<views>50,51,52,53,54,55,56</views>
    <background>0</background>
    <onload>ClearProperty(focushub,home)</onload>
    <include condition="Skin.HasSetting(home.autopop)">GoBackToHome</include>    
	<controls>

		<control type="radiobutton" id="19">
			<description>Filter (hidden)</description>
			<include>HiddenButton</include>
		</control>

		<include>GlobalBackground</include>

		<include>DefMyNavViews</include>
		
		<control type="group">
            <posx>0</posx>
            <posy>70</posy>
            <include>DialogVisibility</include>
            <include>Animation.FadeIn</include>
            <include>Animation.FadeOut</include>
            <visible allowhiddenfocus="true">Control.HasFocus(9001)</visible>
            <control type="group">
                <posx>18</posx>
                <posy>210</posy>
                <control type="image">
                    
                    <width>1416</width>
                    <height>690</height>
                    <texture colordiffuse="PosterBorder" border="5">common/border-inner.png</texture>
                </control> 
                <control type="image">
                    <posx>11</posx>
                    <posy>11</posy>
                    <width>1394</width>
                    <height>668</height>
                    <texture colordiffuse="Black">common/white.png</texture>
                </control>
                <control type="videowindow">
                    <posx>11</posx>
                    <posy>11</posy>
                    <width>1394</width>
                    <height>668</height>
                    <visible>Player.HasVideo</visible>
                </control>
                <control type="visualisation">
                    <posx>11</posx>
                    <posy>11</posy>
                    <width>1394</width>
                    <height>668</height>
                    <visible>Player.HasAudio</visible>
                </control>
                <control type="image">
                    <posx>11</posx>
                    <posy>11</posy>
                    <width>1394</width>
                    <height>668</height>
                    <texture border="2" colordiffuse="BorderColor">common/border.png</texture>
                </control>
            </control>
        </control>

        <include>GlobalTopBar</include>
        
        
        
        <control type="group">   
            <include>DefMyNavBar</include>  
            <control type="grouplist" id="9000">
                <include>DefMyNavBarGroupList</include>

                <control type="button" id="2">
                    <description>View</description>
                    <include>DefNavMenuButton</include>
                </control>

                <control type="button" id="3">
                    <description>Sort</description>
                    <include>DefNavMenuButton</include>
                </control>

                <control type="togglebutton" id="4">
                    <description>Ascending</description>
                    <include>DefNavMenuButton</include>
                    <label>584</label>
                    <altlabel>585</altlabel>
                </control>

                <control type="button" id="99">
                    <description>Library</description>
                    <include>DefNavMenuButton</include>
                    <label>29800</label>
                    <onclick>ReplaceWindow(MusicLibrary)</onclick>
                    <onclick>SetFocus(50)</onclick>
                    <enable>Library.HasContent(Music)</enable>
                </control>

                <control type="button" id="7">
                    <description>Playlists</description>
                    <include>DefNavMenuButton</include>
                    <label>136</label>
                </control>

                <control type="button" id="11">
                    <description>Search</description>
                    <include>DefNavMenuButton</include>
                    <label>600</label>
                </control>
                
                <control type="button" id="9091">
                    <description>Music Playlist</description>
                    <include>DefNavMenuButton</include>
                    <label>559</label>
                    <onclick>ActivateWindow(MusicPlaylist)</onclick>
                    <visible>IntegerGreaterThan(Playlist.Length(music),1)</visible>
                </control>

                <control type="button" id="9001">
                    <description>Fullscreen</description>
                    <include>DefNavMenuButton</include>
                    <label>31158</label>
                    <onclick>Action(fullscreen)</onclick>
                    <visible>Player.HasMedia</visible>
                </control>


            </control>
		</control>

	</controls>

</window>
