<?xml version="1.0" encoding="UTF-8"?>
<!-- Foundation -->
<window id="502">
    <include>50Focus</include>
	<allowoverlay>yes</allowoverlay>
	<background>0</background>
    <include condition="Skin.HasSetting(home.autopop)">GoBackToHome</include>    
	<views>50,51,52,53,54,55,56</views>
	<onunload>ClearProperty(focushub,home)</onunload>

	<controls>

		<control type="radiobutton" id="19">
			<description>Filter (hidden)</description>
			<include>HiddenButton</include>
		</control>

		<include>GlobalBackground</include>


		<include>DefMyNavViews</include>
		
		<include>DefFullScreenNav</include>
		
		
		
        <include>GlobalTopBar</include>
        
        
        
        <control type="group">   
            <include>DefMyNavBar</include>  
            <control type="grouplist" id="9000">
                <include>DefMyNavBarGroupList</include>

                <control type="button" id="2">
                    <description>View</description>
                    <include>DefNavMenuButton</include>
                </control>

                <control type="button" id="3">
                    <description>Sort</description>
                    <include>DefNavMenuButton</include>
                </control>
                
                <control type="togglebutton" id="4">
                    <include>DefNavMenuButton</include>
                    <alttexturefocus>-</alttexturefocus>
                    <alttexturenofocus>-</alttexturenofocus>
                    <label>584</label>
					<altlabel>585</altlabel>
					<usealttexture>Container.SortDirection(Ascending)</usealttexture>
                </control>
                
                <control type="togglebutton" id="9007">
                    <include>DefNavMenuButton</include>
                    <onclick>Skin.ToggleSetting(wallviewmusic.info)</onclick>
                    <onclick>ReloadSkin()</onclick>
                    <visible>Control.IsVisible(52)</visible>
                    <label>31150</label>
                    <altlabel>31151</altlabel>
                    <usealttexture>Skin.HasSetting(wallviewmusic.info)</usealttexture>
                    <alttexturefocus>-</alttexturefocus>
                    <alttexturenofocus>-</alttexturenofocus>
                </control>
                
                <control type="button" id="5">
                    <label>1214</label>
                    <description>Files</description>
                    <include>DefNavMenuButton</include>
                </control>

                <control type="button" id="21">
                    <description>Activate Filter</description>
                    <include>DefNavMenuButton</include>
                    <label>$LOCALIZE[587]$INFO[Window.Property(filter),: ,]</label>
                    <onclick>SendClick(videolibrary,19)</onclick>
                    <onclick>SetFocus(21)</onclick>
                </control>
                
                <control type="button" id="9002">
                    <description>Search</description>
                    <include>DefNavMenuButton</include>
                    <onclick>SetFocus(50)</onclick>
                    <onclick>RunScript(script.globalsearch)</onclick>
                    <label>137</label>
                </control>
                
                <control type="button" id="98">
                    <description>Open Home Jumplist</description>
                    <include>DefNavMenuButton</include>
                    <label>31108</label>
                    <onclick>ActivateWindow(playercontrols)</onclick>
                </control>

                <control type="togglebutton" id="16">
                    <description>PartyMode</description>
                    <include>DefNavMenuButton</include>
                    <label>589</label>
                    <altlabel>✓  $LOCALIZE[589]</altlabel>
                    <usealttexture>MusicPartyMode.Enabled</usealttexture>
                    <alttexturefocus>-</alttexturefocus>
                    <alttexturenofocus>-</alttexturenofocus>
                    <visible>!Container.Content(musicvideos)</visible>
                </control>
                
                <control type="togglebutton" id="9023">
                    <description>PartyMode</description>
                    <include>DefNavMenuButton</include>
                    <onclick>PlayerControl(Partymode(video))</onclick>
                    <label>589</label>
                    <altlabel>✓  $LOCALIZE[589]</altlabel>
                    <usealttexture>MusicPartyMode.Enabled</usealttexture>
                    <alttexturefocus>-</alttexturefocus>
                    <alttexturenofocus>-</alttexturenofocus>
                    <visible>Container.Content(musicvideos)</visible>
                </control>
                
                
                <control type="button" id="9091">
                    <description>Music Playlist</description>
                    <include>DefNavMenuButton</include>
                    <label>559</label>
                    <onclick>ActivateWindow(MusicPlaylist)</onclick>
                    <visible>IntegerGreaterThan(Playlist.Length(music),1)</visible>
                </control>
                
                <control type="button" id="9001">
                    <description>Fullscreen</description>
                    <include>DefNavMenuButton</include>
                    <label>31158</label>
                    <onclick>Action(fullscreen)</onclick>
                    <visible>Player.HasMedia</visible>
                </control>

            </control>
        </control>
        <control type="list" id="9360">
            <posy>1080</posy>
            <itemlayout width="972" height="69">
            </itemlayout>

            <focusedlayout width="972" height="69">
            </focusedlayout>
            <content target="music">$VAR[9360Content]</content>

        </control>
	</controls>

</window>
