<?xml version="1.0" encoding="UTF-8"?>
<window>
    <allowoverlay>no</allowoverlay>
    <background>0</background>
    <defaultcontrol always="true">50</defaultcontrol>
    <include condition="Skin.HasSetting(home.autopop)">GoBackToHome</include>    
    <onunload>ClearProperty(focushub,home)</onunload>
    <onload>ClearProperty(focushub,home)</onload>
    <controls>
    
        <include>GlobalBackground</include>

        <control type="button">
            <posy>600</posy>
            <posx>1770</posx>
            <width>48</width>
            <height>48</height>
            <onclick>ClearProperty(focushub,home)</onclick>
            <onclick>SetFocus(50)</onclick>
            <texturenofocus flipx="false">common/right-arrow.png</texturenofocus>
            <texturefocus flipx="false">common/right-arrow.png</texturefocus>
            <aspectratio>keep</aspectratio>
            <animation effect="fade" end="75" condition="true">Conditional</animation>
            <animation effect="fade" start="0" end="100" delay="200" time="650" reversible="false">WindowOpen</animation>
            <animation effect="fade" start="0" end="100" delay="200" time="650" reversible="false">Visible</animation>
            <animation effect="fade" start="100" end="0" delay="0" time="0" reversible="false">WindowClose</animation>
            <animation effect="fade" start="100" end="0" delay="0" time="0" reversible="false">Hidden</animation>
            <include>DialogVisibility</include>
            <visible>![Window.IsActive(DialogContextMenu.xml)]</visible>
            <visible>!IsEmpty(Window(home).Property(focushub))</visible>
            <visible>!Control.HasFocus(10)</visible>
            <visible>!Control.IsVisible(9001)</visible>
            <animation effect="slide" end="horznegpad" start="0" time="200" condition="ControlGroup(9000).HasFocus() | Window.IsActive(DialogContextMenu.xml)">Conditional</animation>
            <visible>!Window.IsVisible(DialogPVRGuideInfo.xml)</visible>
        </control>
     
        <control type="button">
            <posy>600</posy>
            <posx>102</posx>
            <width>48</width>
            <height>48</height>
            <onclick>SetProperty(focushub,1,home)</onclick>
            <onclick>SetFocus(9500)</onclick>
            <texturenofocus flipx="true">common/right-arrow.png</texturenofocus>
            <texturefocus flipx="true">common/right-arrow.png</texturefocus>
            <aspectratio>keep</aspectratio>
            <animation effect="fade" end="75" condition="true">Conditional</animation>
            <animation effect="fade" start="0" end="100" delay="200" time="650" reversible="false">WindowOpen</animation>
            <animation effect="fade" start="0" end="100" delay="200" time="650" reversible="false">Visible</animation>
            <animation effect="fade" start="100" end="0" delay="0" time="0" reversible="false">WindowClose</animation>
            <animation effect="fade" start="100" end="0" delay="0" time="0" reversible="false">Hidden</animation>
            <include>DialogVisibility</include>
            <visible>![ControlGroup(9000).HasFocus() | Window.IsActive(DialogContextMenu.xml)]</visible>
            <visible>IsEmpty(Window(home).Property(focushub))</visible>
            <visible>!Control.IsVisible(10)</visible>
            <visible>!Control.IsVisible(9001)</visible>
            <animation effect="slide" end="horznegpad" start="0" time="200" condition="ControlGroup(9000).HasFocus() | Window.IsActive(DialogContextMenu.xml)">Conditional</animation>
            <visible>!Window.IsVisible(DialogPVRGuideInfo.xml)</visible>
        </control>
        <control type="button" id="9009">
            <posx>244</posx>
            <posy>220</posy>
            <width>690</width>
            <onclick>SendClick(32)</onclick>
            <ondown>50</ondown>
            <onleft>50</onleft>
            <onright>50</onright>
            <onback>50</onback>
            <align>left</align>
            <focusedcolor>Highlight</focusedcolor>
            <textoffsetx>0</textoffsetx>
            <texturefocus>noop</texturefocus>
            <texturenofocus>noop</texturenofocus>
            <font>Font-WidgetCategory</font>
            <animation effect="fade" start="100" end="25" condition="!Control.HasFocus(9009)" time="100">Conditional</animation>
            <label>$VAR[PVRTopLabel]</label>
            <animation effect="fade" start="0" end="100" delay="200" time="650" reversible="false">WindowOpen</animation>
            <animation effect="fade" start="100" end="0" delay="0" time="0" reversible="false">WindowClose</animation>
            <animation effect="fade" start="100" end="0" condition="Control.IsVisible(10)">Conditional</animation>
            <include>DialogVisibility</include>
            <textcolor>$VAR[PVRTopLabelColor]</textcolor>
            <visible>ControlGroup(50).HasFocus() | IsEmpty(Window(home).Property(focushub))</visible>
            <include>Animation.FadeIn</include>
            <include>Animation.FadeOut</include>
            <animation effect="slide" start="0" end="1920" time="200" condition="!IsEmpty(Window(home).Property(focushub))">Conditional</animation>
            <animation effect="slide" end="horznegpad" start="0" time="200" condition="ControlGroup(9000).HasFocus() | Window.IsActive(DialogContextMenu.xml)">Conditional</animation>
            <visible>!Window.IsVisible(DialogPVRGuideInfo.xml)</visible>
        </control>
        <control type="group">
            <posx>horzpad</posx>
            <posy>70</posy>
            <include>DialogVisibility</include>
            <include>Animation.SlideOpen.Right</include>
            <animation effect="slide" end="horznegpad" start="0" time="200" condition="ControlGroup(9000).HasFocus() | Window.IsActive(DialogContextMenu.xml)">Conditional</animation>
            <visible allowhiddenfocus="true">!IsEmpty(Window(home).Property(focushub))</visible>
            
            <control type="label">
                <posx>984</posx>
                <posy>145</posy>
                <width>690</width>
                <font>Font-WidgetCategory</font>
                <label>15100</label>
                <animation effect="fade" end="25" condition="true">Conditional</animation>
            </control>
            
            <control type="list" id="9500">
                <posx>984</posx>
                <posy>listy</posy>
                <width>widgethubrightw</width>
                <height>700</height>
                <onright>ClearProperty(focushub,home)</onright>
                <onright>50</onright>
                <onleft>9501</onleft>                
                <onup>9500</onup>
                <ondown>9500</ondown>
                <orientation>vertical</orientation>
                <itemlayout  width="widgethubrightw" height="fivelinelist">
                    <control type="image">
                        <width>widgethubrightw</width>
                        <height>fivelineborder</height>
                        <texture colordiffuse="PosterBorder" border="5">common/border-inner.png</texture>
                    </control>
                    <control type="image">
                        <posx>globalpad</posx>
                        <posy>globalpad</posy>  
                        <width>fiveline</width>
                        <height>fiveline</height>
                        <texture>$INFO[ListItem.Icon]</texture>
                        <aspectratio>scale</aspectratio>
                        <visible>IsEmpty(ListItem.Property(Color))</visible>
                    </control>
                    <control type="image">
                        <posx>globalpad</posx>
                        <posy>globalpad</posy>  
                        <width>fiveline</width>
                        <height>fiveline</height>
                        <texture>$INFO[ListItem.Icon]</texture>
                        <aspectratio>scale</aspectratio>
                        <visible>!IsEmpty(ListItem.Property(Color))</visible>
                        <colordiffuse>PanelFG</colordiffuse>
                    </control>
                    <control type="label">
                        <posx>30r</posx>
                        <posy>15</posy>
                        <width>270</width>
                        <align>right</align>
                        <aligny>center</aligny>
                        <textcolor>PanelFG</textcolor>
                        <label>$INFO[ListItem.Label]</label>
                        <animation effect="slide" end="0,16" condition="IsEmpty(ListItem.Label2)">Conditional</animation>
                    </control>
                    <control type="label">
                        <posx>30r</posx>
                        <posy>48</posy>
                        <width>270</width>
                        <align>right</align>
                        <aligny>center</aligny>
                        <textcolor>PanelFG</textcolor>
                        <font>Font-ListInfo</font>
                        <label>$INFO[ListItem.Label2]</label>
                    </control>
                </itemlayout>
                <focusedlayout width="widgethubrightw" height="fivelinelist">
                    <control type="image">
                        <width>widgethubrightw</width>
                        <height>fivelineborder</height>
                        <texture border="12" colordiffuse="PosterHighlight">common/border-inner.png</texture>
                        <visible>Control.HasFocus(9500)</visible>
                        <animation condition="Container(9500).OnNext" reversible="false" effect="slide" start="0,-33" end="0,0" time="300" tween="back" easing="out">Focus</animation>
                        <animation condition="Container(9500).OnPrevious" reversible="false" effect="slide" start="0,33" end="0,0" time="300" tween="back" easing="out">Focus</animation>
                        
                    </control>
                    <control type="image">
                        <width>widgethubrightw</width>
                        <height>fivelineborder</height>
                        <texture colordiffuse="PosterBorder" border="5">common/border-inner.png</texture>
                        <visible>!Control.HasFocus(9500)</visible>
                    </control>
                    <control type="image">
                        <posx>globalpad</posx>
                        <posy>globalpad</posy>  
                        <width>fiveline</width>
                        <height>fiveline</height>
                        <texture>$INFO[ListItem.Icon]</texture>
                        <aspectratio>scale</aspectratio>
                        <visible>IsEmpty(ListItem.Property(Color))</visible>
                    </control>
                    <control type="image">
                        <posx>globalpad</posx>
                        <posy>globalpad</posy>  
                        <width>fiveline</width>
                        <height>fiveline</height>
                        <texture>$INFO[ListItem.Icon]</texture>
                        <aspectratio>scale</aspectratio>
                        <visible>!IsEmpty(ListItem.Property(Color))</visible>
                        <colordiffuse>PanelFG</colordiffuse>
                    </control>
                    <control type="label">
                        <posx>30r</posx>
                        <posy>15</posy>
                        <width>270</width>
                        <align>right</align>
                        <aligny>center</aligny>
                        <textcolor>Selected</textcolor>
                        <label>$INFO[ListItem.Label]</label>
                        <animation effect="slide" end="0,16" condition="IsEmpty(ListItem.Label2)">Conditional</animation>
                    </control>
                    <control type="label">
                        <posx>30r</posx>
                        <posy>48</posy>
                        <width>270</width>
                        <align>right</align>
                        <aligny>center</aligny>
                        <textcolor>Selected</textcolor>
                        <font>Font-ListInfo</font>
                        <label>$INFO[ListItem.Label2]</label>
                    </control>
                </focusedlayout>
                <content>
                    <include>QuickNavPVRHub</include>
                    
                </content>
            </control>
            <control type="label">
                <posx>18</posx>
                <posy>145</posy>
                <width>690</width>
                <font>Font-WidgetCategory</font>
                <label>19163</label>
                <animation effect="fade" end="25" condition="true">Conditional</animation>
                <visible>!Player.HasVideo</visible>
            </control>
            <control type="label">
                <posx>18</posx>
                <posy>145</posy>
                <width>690</width>
                <font>Font-WidgetCategory</font>
                <label>31170</label>
                <animation effect="fade" end="25" condition="true">Conditional</animation>
                <visible>Player.HasVideo</visible>
            </control>
            <control type="group">
                <posx>18</posx>
                <posy>210</posy>
                <visible>!Player.HasVideo</visible>
                <control type="group">
                    <visible>!Control.HasFocus(9501)</visible>
                    <control type="image">
                        <width>955</width>
                        <height>690</height>
                        <texture colordiffuse="PosterBorder" border="5">common/border-inner.png</texture>
                    </control>
                    <control type="label">
                        <posx>20</posx>
                        <posy>555</posy>
                        <width>825</width>
                        <align>left</align>
                        <label>$INFO[Container(9501).ListItem.Label]$INFO[Container(9501).ListItem.Label2, (,)]</label>
                    </control>
                    <control type="label">
                        <posx>935</posx>
                        <posy>555</posy>
                        <width>915</width>
                        <align>right</align>
                        <font>Font-ListInfo-Small</font>
                        <label>$INFO[Container(9501).CurrentPage] $LOCALIZE[20163] $INFO[Container(9501).NumPages]</label>
                    </control>
                    <control type="textbox">
                        <posx>20</posx>
                        <posy>606</posy>
                        <width>915</width>
                        <height>70</height>
                        <align>left</align>
                        <font>Font-ListInfo-Small</font>
                        <label>$VAR[WidgetPlot]</label>
                    </control>
                </control>
                <control type="group">
                    <visible>Control.HasFocus(9501)</visible>
                    <control type="image">
                        <width>955</width>
                        <height>690</height>
                        <texture colordiffuse="PosterHighlight" border="5">common/border-inner.png</texture>
                    </control>
                    <control type="label">
                        <posx>20</posx>
                        <posy>555</posy>
                        <width>825</width>
                        <align>left</align>
                        <textcolor>Selected</textcolor>
                        <scroll>true</scroll>
                        <label>$INFO[Container(9501).ListItem.Label]$INFO[Container(9501).ListItem.Label2, (,)]</label>
                    </control>
                    <control type="label">
                        <posx>935</posx>
                        <posy>555</posy>
                        <width>915</width>
                        <align>right</align>
                        <font>Font-ListInfo-Small</font>
                        <textcolor>Selected</textcolor>
                        <label>$INFO[Container(9501).CurrentPage] $LOCALIZE[20163] $INFO[Container(9501).NumPages]</label>
                    </control>
                    <control type="textbox">
                        <posx>20</posx>
                        <posy>606</posy>
                        <width>915</width>
                        <height>70</height>
                        <align>left</align>
                        <font>Font-ListInfo-Small</font>
                        <textcolor>Selected</textcolor>
                        <label>$VAR[WidgetPlot]</label>
                    </control>
                </control>
                <control type="wraplist" id="9501">
                    <visible>!Player.HasVideo</visible>
                    <posx>11</posx>
                    <posy>11</posy>
                    <onright>9500</onright>
                    <width>933</width>
                    <height>537</height>
                    <orientation>vertical</orientation>
                    <preloaditems>1</preloaditems>
                    <scrolltime tween="cubic">500</scrolltime>
                    <itemlayout width="933" height="537">
                        
                    </itemlayout>
                    <focusedlayout width="933" height="537">
                    </focusedlayout>
                    <content target="video">pvr://recordings/-1/</content>
                </control>
                <control type="image">
                    <posx>11</posx>
                    <posy>11</posy>
                    <width>933</width>
                    <height>537</height>
                    <texture fallback="special://skin/extras/pvrhub/background.jpg">$INFO[Container(9501).ListItem.Thumb]</texture>
                    <aspectratio>scale</aspectratio>
                    <visible>!Player.HasVideo</visible>
                </control>
                <control type="image">
                    <posx>11</posx>
                    <posy>11</posy>
                    <width>933</width>
                    <height>537</height>
                    <texture border="2" colordiffuse="BorderColor">common/border.png</texture>
                </control>
            </control>
            <control type="group">
                <posx>18</posx>
                <posy>210</posy>
                <visible>Player.HasVideo</visible>
                <control type="button" id="9501">
                    <width>955</width>
                    <height>690</height>
                    <onright>9500</onright>
                    <onclick>Action(fullscreen)</onclick>
                    <texturefocus colordiffuse="PosterHighlight" border="5">common/border-inner.png</texturefocus>
                    <texturenofocus colordiffuse="PosterBorder" border="5">common/border-inner.png</texturenofocus>
                </control>
                <control type="group">
                    <control type="label">
                        <posx>20</posx>
                        <posy>555</posy>
                        <width>625</width>
                        <align>left</align>
                        <textcolor>Selected</textcolor>
                        <label>$INFO[VideoPlayer.Title]$INFO[VideoPlayer.ChannelName,  (,)]</label>
                    </control>
                    <control type="label">
                        <posx>935</posx>
                        <posy>555</posy>
                        <width>280</width>
                        <align>right</align>
                        <textcolor>Selected</textcolor>
                        <font>Font-ListInfo-Small</font>
                        <label>$INFO[Player.Time]$INFO[Player.Duration,  /  ,]</label>
                    </control>
                    <control type="textbox">
                        <posx>20</posx>
                        <posy>606</posy>
                        <width>915</width>
                        <height>70</height>
                        <align>left</align>
                        <textcolor>Selected</textcolor>
                        <font>Font-ListInfo-Small</font>
                        <label>$INFO[VideoPlayer.Plot,,  ]$INFO[Player.FinishTime,$LOCALIZE[31115] ,]</label>
                    </control>
                </control>
                
                <control type="videowindow">
                    <posx>11</posx>
                    <posy>11</posy>
                    <width>933</width>
                    <height>537</height>
                    <aspectratio>scale</aspectratio>
                    <visible>Player.HasVideo</visible>
                </control>
                <control type="image">
                    <posx>11</posx>
                    <posy>11</posy>
                    <width>933</width>
                    <height>537</height>
                    <texture border="2" colordiffuse="BorderColor">common/border.png</texture>
                </control>
            </control>
        </control>
        
        <control type="group">
            <posy>70</posy>
            <posx>horzpad</posx>
            <visible allowhiddenfocus="true">IsEmpty(Window(home).Property(focushub)) + !ControlGroup(300).HasFocus()</visible>
            <animation effect="slide" end="horznegpad" start="0" time="200" condition="[ControlGroup(9000).HasFocus() | Window.IsActive(DialogContextMenu.xml)]">Conditional</animation>
            <animation effect="slide" end="horznegpad" start="0" time="0" condition="Control.IsVisible(10) + !Control.HasFocus(9001) + [ControlGroup(9000).HasFocus() | Window.IsActive(DialogContextMenu.xml)]">Conditional</animation>
            <control type="scrollbar" id="60">
                <visible>!Control.IsVisible(10)</visible>
                <visible>!Control.HasFocus(9001)</visible>
                <visible>!ControlGroup(9000).HasFocus()</visible>
                <posx>-8</posx>
                <posy>210</posy>
                <height>690</height>
                <onleft>SetProperty(focushub,1,home)</onleft>
                <onleft>9500</onleft>
                <onright>50</onright>
                <animation effect="fade" start="100" end="0" time="400" condition="!Control.HasFocus(60) + !Container.Scrolling">Conditional</animation>
                <animation effect="fade" start="100" end="0" condition="!IntegerGreaterThan(Container.NumPages,1) + !Control.HasFocus(60)">Conditional</animation>
            </control>
            <include>DialogVisibility</include>
            <include>Animation.SlideOpen.Left</include>
            <include>Animation.FadeOut</include>
            <animation effect="slide" end="-1950" time="200" condition="Window.IsVisible(DialogPVRGuideInfo.xml) + Control.IsVisible(10)">Conditional</animation>
            <animation effect="slide" end="-1930" time="200" condition="Window.IsVisible(DialogPVRGuideInfo.xml) + !Control.IsVisible(10)">Conditional</animation>
            <control type="group" id="50">
                <visible>!Control.HasFocus(9001)</visible>
                
                <include description="id31-10">EPGTimelineView</include>
                <include description="id32-11">LiveTVChannelView</include>
                <include description="id33-12">LiveRadioChannelView</include>
                <include description="id34-13">LiveTVRecordingsView</include>
                <include description="id35-14">LiveTVTimersView</include>
                <include description="id31-15">LiveTVGuideChannelView</include>
                <include description="id31-16">LiveTVGuideNowNextView</include>
                <include description="id36-17">LiveTVSearchView</include>
            </control>
            <control type="label">
                <include>DefSideLabelCoords</include>
                <label>$VAR[PVRSideLabel]</label>
                <visible>!Control.IsVisible(10)</visible>
                <visible>!ControlGroup(9000).HasFocus()</visible>
                <visible>!Window.IsActive(DialogContextMenu.xml)</visible>
            </control>
            <include>DefFullScreenNav</include>
            
            
        
            
        </control>
        
        <include>GlobalTopBar</include>
        
        <control type="group">
            <posy>-1000</posy>
            <control type="button" id="31" description="TV Guide">
                <label>$LOCALIZE[19222]: $LOCALIZE[19030]</label>
                <onfocus>SetFocus(9310)</onfocus>
                <include>DefNavMenuButton</include>
                <visible allowhiddenfocus="true">false</visible>
            </control>

            <control type="button" id="32" description="TV Channels">
                <label>$LOCALIZE[19023]</label>
                <onfocus>SetFocus(50)</onfocus>
                <include>DefNavMenuButton</include>
                <visible allowhiddenfocus="true">false</visible>
            </control>
            <control type="button" id="33" description="Radio Channels">
                <label>$LOCALIZE[19024]</label>
                <onfocus>SetFocus(50)</onfocus>
                <include>DefNavMenuButton</include>
                <visible allowhiddenfocus="true">false</visible>
            </control>
            
            <control type="button" id="34" description="Recordings">
                <label>$LOCALIZE[19163]</label>
                <onfocus>SetFocus(50)</onfocus>
                <include>DefNavMenuButton</include>
                <visible allowhiddenfocus="true">false</visible>
            </control>
            <control type="button" id="35" description="Timers">
                <label>$LOCALIZE[19040]</label>
                <onfocus>SetFocus(50)</onfocus>
                <include>DefNavMenuButton</include>
                <visible allowhiddenfocus="true">false</visible>
            </control>
            <control type="button" id="36" description="Timers">
                <label>$LOCALIZE[136]</label>
                <onfocus>SetFocus(50)</onfocus>
                <include>DefNavMenuButton</include>
                <visible allowhiddenfocus="true">false</visible>
            </control>
            
            <control type="button" id="9310">
                <visible allowhiddenfocus="true">false</visible>
                <onfocus condition="!Control.IsVisible(10)">SendClick(31)</onfocus>
                <onfocus condition="!Control.IsVisible(10)">SetFocus(9311)</onfocus>
                <onfocus condition="Control.IsVisible(10)">SetFocus(50)</onfocus>
            </control>
            <control type="button" id="9311">
                <visible allowhiddenfocus="true">false</visible>
                <onfocus condition="!Control.IsVisible(10)">SendClick(31)</onfocus>
                <onfocus condition="!Control.IsVisible(10)">SetFocus(9310)</onfocus>
                <onfocus condition="Control.IsVisible(10)">SetFocus(50)</onfocus>
            </control>
            
            <control type="label" id="29">
                <description>Empty so we can pass the values up one level</description>
                <visible>False</visible>
            </control>
            <control type="label" id="30">
                <description>Empty so we can pass the values up one level</description>
                <visible>False</visible>
            </control>
            
            <control type="button" id="9131" description="Go Back">
                <include>DefNavMenuButton</include>
                <visible allowhiddenfocus="true">false</visible>
                <onfocus>ActivateWindowAndFocus(MyPVR, 32,0, 11,0)</onfocus>
            </control>
        </control>
    </controls>
</window>
