<?xml version="1.0" encoding="UTF-8"?>
<!-- Foundation -->
<window id="6">
	<defaultcontrol always="true">50</defaultcontrol>
	<allowoverlay>yes</allowoverlay>
	<background>0</background>
    <onload>ClearProperty(focushub,home)</onload>
	<views>50,51,52,53,54,55,56</views>

	<controls>


		<include>GlobalBackground</include>

		<include>DefMyNavViews</include>

        <include>GlobalTopBar</include>
        
        
        
        <control type="group">   
            <include>DefMyNavBar</include>  
            <control type="grouplist" id="9000">
                <include>DefMyNavBarGroupList</include>

                <control type="button" id="2">
                    <description>View</description>
                    <include>DefNavMenuButton</include>
                </control>

                <control type="button" id="3">
                    <description>Sort</description>
                    <include>DefNavMenuButton</include>
                </control>

                <control type="togglebutton" id="4">
                    <description>Ascending</description>
                    <include>DefNavMenuButton</include>
                    <label>584</label>
                    <altlabel>585</altlabel>
                </control>

                <control type="radiobutton" id="20">
                    <description>Shuffle</description>
                    <include>DefNavMenuButton</include>
                    <label>191</label>
                </control>

                <control type="button" id="21">
                    <description>Save</description>
                    <include>DefNavMenuButton</include>
                    <label>190</label>
                </control>

                <control type="button" id="22">
                    <description>Clear</description>
                    <include>DefNavMenuButton</include>
                    <label>192</label>
                </control>

                <control type="button" id="23">
                    <description>Play</description>
                    <include>DefNavMenuButton</include>
                    <label>208</label>
                </control>
                
                <control type="button" id="9001">
                    <description>Fullscreen</description>
                    <include>DefNavMenuButton</include>
                    <label>31158</label>
                    <onclick>Action(fullscreen)</onclick>
                    <visible>Player.HasMedia</visible>
                </control>

            </control>
		</control>

	</controls>

</window>
