<?xml version="1.0" encoding="UTF-8"?>
<!-- Foundation -->
<window id="6">
    <allowoverlay>yes</allowoverlay>
    <background>0</background>
    <defaultcontrol always="true">50</defaultcontrol>
    <views>50,51,52,53,54,55,56,57,58</views>
    <include condition="Skin.HasSetting(home.autopop)">GoBackToHome</include>
    <onload condition="Skin.HasSetting(rss.tvnextaired)">RunScript(script.tv.show.next.aired,backend=True)</onload>
    <onload condition="Skin.HasSetting(ActivateTvTunes) + System.HasAddon(script.tvtunes)">XBMC.RunScript(script.tvtunes,backend=True)</onload>
    <controls>
        
        <control type="radiobutton" id="19">
            <description>Filter (hidden)</description>
            <include>HiddenButton</include>
        </control>

        <include>GlobalBackground</include>
        
        
        <control type="button">
            <posy>600</posy>
            <posx>92</posx>
            <width>48</width>
            <height>48</height>
            <onclick>SetProperty(librarynode,$INFO[Container.FolderPath],home)z</onclick>
            <onclick>Back</onclick>
            <texturenofocus flipx="true">common/right-arrow.png</texturenofocus>
            <texturefocus flipx="true">common/right-arrow.png</texturefocus>
            <aspectratio>keep</aspectratio>
            <animation effect="fade" end="75" condition="true">Conditional</animation>
            <animation effect="fade" start="0" end="100" delay="200" time="650" reversible="false">WindowOpen</animation>
            <animation effect="fade" start="0" end="100" delay="200" time="650" reversible="false">Visible</animation>
            <animation effect="fade" start="100" end="0" delay="0" time="0" reversible="false">WindowClose</animation>
            <animation effect="fade" start="100" end="0" delay="0" time="0" reversible="false">Hidden</animation>
            <include>DialogVisibility</include>
            <visible>Control.IsVisible(50) | Control.IsVisible(52) | Control.IsVisible(53) | Control.IsVisible(55) | Control.IsVisible(56) | Control.IsVisible(57) | Control.IsVisible(58)</visible>
            <visible>!Window.IsActive(movieinformation)</visible>
            <animation effect="slide" end="horznegpad" start="0" time="200" condition="ControlGroup(9000).HasFocus() | Window.IsActive(DialogContextMenu.xml)">Conditional</animation>
        </control>
        
        
        <include>DefMyNavViews</include>
        
        <include>DefFullScreenNav</include>
        
        
        <include>GlobalTopBar</include>
        
        
        
        
        <control type="group">   
            <include>DefMyNavBar</include>  
            <control type="grouplist" id="9000">
                <include>DefMyNavBarGroupList</include>
                
                <control type="button" id="2">
                    <description>View</description>
                    <include>DefNavMenuButton</include>
                </control>

                <control type="button" id="3">
                    <description>Sort</description>
                    <include>DefNavMenuButton</include>
                </control>
                
                <control type="togglebutton" id="4">
                    <include>DefNavMenuButton</include>
                    <alttexturefocus>-</alttexturefocus>
                    <alttexturenofocus>-</alttexturenofocus>
                    <label>584</label>
                    <altlabel>585</altlabel>
                    <usealttexture>Container.SortDirection(Ascending)</usealttexture>
                </control>
                
                <control type="togglebutton" id="14">
                    <include>DefNavMenuButton</include>
                    <label>20367</label>
                    <altlabel>✓  $LOCALIZE[20367]</altlabel>
                    <usealttexture>System.Setting(hidewatched)</usealttexture>
                    <alttexturefocus>-</alttexturefocus>
                    <alttexturenofocus>-</alttexturenofocus>
                </control>
                
                <!-- EXTRA INFO OPTIONS -->
                <control type="togglebutton" id="9003">
                    <include>DefNavMenuButton</include>
                    <onclick>Skin.ToggleSetting(posterview.tvinfo)</onclick>
                    <visible>Container.Content(tvshows) + Control.IsVisible(51)</visible>
                    <label>31150</label>
                    <altlabel>31151</altlabel>
                    <usealttexture>Skin.HasSetting(posterview.tvinfo)</usealttexture>
                    <alttexturefocus>-</alttexturefocus>
                    <alttexturenofocus>-</alttexturenofocus>
                </control>
                <control type="togglebutton" id="9004">
                    <include>DefNavMenuButton</include>
                    <onclick>Skin.ToggleSetting(posterview.info)</onclick>
                    <visible>Container.Content(movies) + Control.IsVisible(51)</visible>
                    <label>31150</label>
                    <altlabel>31151</altlabel>
                    <usealttexture>Skin.HasSetting(posterview.info)</usealttexture>
                    <alttexturefocus>-</alttexturefocus>
                    <alttexturenofocus>-</alttexturenofocus>
                </control>
                <control type="togglebutton" id="9005">
                    <include>DefNavMenuButton</include>
                    <onclick>Skin.ToggleSetting(listview.tvinfo)</onclick>
                    <visible>Container.Content(tvshows) + Control.IsVisible(50)</visible>
                    <label>31150</label>
                    <altlabel>31151</altlabel>
                    <usealttexture>Skin.HasSetting(listview.tvinfo)</usealttexture>
                    <alttexturefocus>-</alttexturefocus>
                    <alttexturenofocus>-</alttexturenofocus>
                </control>
                <control type="togglebutton" id="9006">
                    <include>DefNavMenuButton</include>
                    <onclick>Skin.ToggleSetting(listview.info)</onclick>
                    <visible>Container.Content(movies) + Control.IsVisible(50)</visible>
                    <label>31150</label>
                    <altlabel>31151</altlabel>
                    <usealttexture>Skin.HasSetting(listview.info)</usealttexture>
                    <alttexturefocus>-</alttexturefocus>
                    <alttexturenofocus>-</alttexturenofocus>
                </control>
                <control type="togglebutton" id="9007">
                    <include>DefNavMenuButton</include>
                    <onclick>Skin.ToggleSetting(wallview.info)</onclick>
                    <onclick>ReloadSkin()</onclick>
                    <visible>Control.IsVisible(52)</visible>
                    <label>31150</label>
                    <altlabel>31151</altlabel>
                    <usealttexture>Skin.HasSetting(wallview.info)</usealttexture>
                    <alttexturefocus>-</alttexturefocus>
                    <alttexturenofocus>-</alttexturenofocus>
                </control>
                
                <control type="togglebutton" id="9008">
                    <include>DefNavMenuButton</include>
                    <onclick>Skin.ToggleSetting(lovefilm.info)</onclick>
                    <visible>Control.IsVisible(54)</visible>
                    <label>31150</label>
                    <altlabel>31151</altlabel>
                    <usealttexture>Skin.HasSetting(lovefilm.info)</usealttexture>
                    <alttexturefocus>-</alttexturefocus>
                    <alttexturenofocus>-</alttexturenofocus>
                </control>
                
                <control type="togglebutton" id="9009">
                    <include>DefNavMenuButton</include>
                    <onclick>Skin.ToggleSetting(posterview.labels)</onclick>
                    <visible>Control.IsVisible(51)</visible>
                    <visible>![[Container.Content(artists) | Container.Content(episodes) | [Skin.HasSetting(posterview.tvinfo) + Container.Content(tvshows)] | [Skin.HasSetting(posterview.info) + Container.Content(movies)]] + !stringcompare(ListItem.Label,..)]</visible>
                    <label>31226</label>
                    <altlabel>31227</altlabel>
                    <usealttexture>Skin.HasSetting(posterview.labels)</usealttexture>
                    <alttexturefocus>-</alttexturefocus>
                    <alttexturenofocus>-</alttexturenofocus>
                </control>
                
                <control type="button" id="21">
                    <description>Activate Filter</description>
                    <include>DefNavMenuButton</include>
                    <label>$LOCALIZE[587]$INFO[Window.Property(filter),: ,]</label>
                    <onclick>SendClick(videolibrary,19)</onclick>
                    <onclick>SetFocus(50)</onclick>
                    <visible>Container.CanFilter + !Container.CanFilterAdvanced</visible>
                </control>

                <control type="togglebutton" id="98">
                    <visible>Container.CanFilterAdvanced</visible>
                    <description>Filter</description>
                    <include>DefNavMenuButton</include>
                    <label>587</label>
                    <onclick>SetFocus(50)</onclick>
                    <onclick>Filter</onclick>
                    <altlabel>✓  $LOCALIZE[587]</altlabel>
                    <usealttexture>Container.Filtered</usealttexture>
                    <alttexturefocus>-</alttexturefocus>
                    <alttexturenofocus>-</alttexturenofocus>
                </control>
                
                <control type="button" id="9002">
                    <description>Search</description>
                    <include>DefNavMenuButton</include>
                    <onclick>SetFocus(50)</onclick>
                    <onclick>RunScript(script.globalsearch)</onclick>
                    <label>137</label>
                </control>
                
                <control type="button" id="99">
                    <description>Open Home Jumplist</description>
                    <include>DefNavMenuButton</include>
                    <label>31108</label>
                    <onclick>ActivateWindow(playercontrols)</onclick>
                </control>


                <control type="radiobutton" id="11">
                    <description>Unlock Shares</description>
                    <onclick>xbmc.mastermode</onclick>
                    <visible>system.haslocks</visible>
                    <include>DefNavMenuButton</include>
                    <label>20336</label>
                    <altlabel>✓  $LOCALIZE[20336]</altlabel>
                    <usealttexture>system.ismaster</usealttexture>
                    <alttexturefocus>-</alttexturefocus>
                    <alttexturenofocus>-</alttexturenofocus>
                </control>
                
                <control type="button" id="9091">
                    <description>Video Playlist</description>
                    <include>DefNavMenuButton</include>
                    <label>559</label>
                    <onclick>ActivateWindow(VideoPlaylist)</onclick>
                    <visible>IntegerGreaterThan(Playlist.Length(video),1)</visible>
                </control>
                
                
                <control type="button" id="9001">
                    <description>Fullscreen</description>
                    <include>DefNavMenuButton</include>
                    <label>31158</label>
                    <onclick>Action(fullscreen)</onclick>
                    <visible>Player.HasMedia</visible>
                </control>

            </control>
        </control>

    </controls>

</window>
