<?xml version="1.0" encoding="UTF-8"?>
<!-- Foundation -->
<window id="2600">
	<defaultcontrol always="true">60</defaultcontrol>
	<allowoverlay>yes</allowoverlay>
	<background>0</background>
    <include condition="Skin.HasSetting(home.autopop)">GoBackToHome</include>    
	<controls>

		<include>GlobalBackground</include>
		<control type="button">
            <posy>600</posy>
            <posx>102</posx>
            <width>48</width>
            <height>48</height>
            <texturenofocus flipx="true">common/right-arrow.png</texturenofocus>
            <texturefocus flipx="true">common/right-arrow.png</texturefocus>
            <aspectratio>keep</aspectratio>
            <animation effect="fade" end="75" condition="true">Conditional</animation>
            <animation effect="fade" start="0" end="100" delay="200" time="650" reversible="false">WindowOpen</animation>
            <animation effect="fade" start="0" end="100" delay="200" time="650" reversible="false">Visible</animation>
            <animation effect="fade" start="100" end="0" delay="0" time="0" reversible="false">WindowClose</animation>
            <animation effect="fade" start="100" end="0" delay="0" time="0" reversible="false">Hidden</animation>
            <include>DialogVisibility</include>
            <visible>Control.HasFocus(9200)</visible>
        </control>
        <control type="button">
            <posy>600</posy>
            <posx>1770</posx>
            <width>48</width>
            <height>48</height>
            <texturenofocus flipx="false">common/right-arrow.png</texturenofocus>
            <texturefocus flipx="false">common/right-arrow.png</texturefocus>
            <aspectratio>keep</aspectratio>
            <animation effect="fade" end="75" condition="true">Conditional</animation>
            <animation effect="fade" start="0" end="100" delay="200" time="650" reversible="false">WindowOpen</animation>
            <animation effect="fade" start="0" end="100" delay="200" time="650" reversible="false">Visible</animation>
            <animation effect="fade" start="100" end="0" delay="0" time="0" reversible="false">WindowClose</animation>
            <animation effect="fade" start="100" end="0" delay="0" time="0" reversible="false">Hidden</animation>
            <include>DialogVisibility</include>
            <visible>!Control.HasFocus(9200)</visible>
        </control>

        <control type="group">
            <posy>70</posy>
            <posx>horzpad</posx>
            <control type="group">
                <posx>0</posx>
                <control type="label" description="Info Label">
                    <include>DefSideLabelCoords</include>
                    <label>33006</label>
                </control>
            </control>
            <control type="scrollbar" id="60">
                <posx>1454</posx>
                <posy>listy</posy>
                <height>globalh</height>
                <onleft>9000</onleft>
                <onright>9200</onright>
                <!--<texturesliderbarfocus colordiffuse="PanelFG-NF">common/white.png</texturesliderbarfocus>-->
                <animation effect="fade" start="100" end="25" time="200"condition="!Control.HasFocus(60)">Conditional</animation>
            </control>
            <include>Animation.FadeIn</include>
            <include>Animation.FadeOut</include>
            <animation effect="slide" condition="Control.HasFocus(9200)" start="0" end="-1920" time="200">Conditional</animation>
            <control type="image">
                <posx>listx</posx>
                <posy>listy</posy>
                <width>globalh</width>
                <height>globalh</height>
                <texture colordiffuse="PosterBorder" border="5">common/border-inner.png</texture>
            </control>   
            <control type="multiimage">
                <posx>29</posx>
                <posy>221</posy>
                <width>668</width>
                <height>378</height>
                <timeperimage>5000</timeperimage>
                <fadetime>400</fadetime>
                <randomize>true</randomize>
                <imagepath>$INFO[Skin.String(weather.fanart)]$INFO[Window(Weather).Property(Current.FanartCode)]/</imagepath>
                <aspectratio>scale</aspectratio>
            </control>
             <control type="label">
                <posx>29</posx>
                <posy>230</posy>
                <width>668</width>
                <height>378</height>
                <font>Font-HugeWeather</font>
                <align>center</align>
                <textcolor>PanelFG</textcolor>
                <aligny>center</aligny>
                <label> [B]$VAR[WeatherLabel][/B] </label>
                <visible>IsEmpty(Skin.String(weather.fanart))</visible>
            </control>
            <control type="group">
                <posy>610</posy>
                <control type="label">
                    <posx>10</posx>
                    <posy>0</posy>
                    <width>400</width>
                    <height>400</height>
                    <font>Font-BigWeather</font>
                    <textcolor>PanelFG</textcolor>
                    <align>left</align>
                    <aligny>top</aligny>
                    <label>k</label>
                </control>
                <control type="label">
                    <posx>130</posx>
                    <posy>34</posy>
                    <width>300</width>
                    <align>left</align>
                    <font>Font-WeatherTemp</font>
                    <textcolor>PanelFG</textcolor>
                    <label>$INFO[Window(Weather).Property(Current.Temperature)]$INFO[System.TemperatureUnits]</label>
                </control>
                <control type="label">
                    <posx>130</posx>
                    <posy>94</posy>
                    <width>560</width>
                    <align>left</align>
                    <scroll>true</scroll>
                    <scrollsuffix>  •  </scrollsuffix>
                    <textcolor>PanelFG</textcolor>
                    <label>$INFO[Window(Weather).Property(Current.Condition),,$COMMA  ]$INFO[Window(Weather).Property(Current.FeelsLike),$LOCALIZE[402] ,]$INFO[System.TemperatureUnits]</label>
                </control>
            </control>
            <control type="group">
                <posy>770</posy>
                <control type="label">
                    <posx>15</posx>
                    <posy>0</posy>
                    <width>400</width>
                    <height>400</height>
                    <font>Font-Weather</font>
                    <textcolor>PanelFG</textcolor>
                    <align>left</align>
                    <aligny>top</aligny>
                    <label> [B]j[/B]</label>
                </control>
                <control type="label">
                    <posx>130</posx>
                    <width>500</width>
                    <align>left</align>
                    <textcolor>PanelFG</textcolor>
                    <label>$INFO[Window(Weather).Property(Current.Humidity)]</label>
                </control>
                <control type="label">
                    <posx>15</posx>
                    <posy>50</posy>
                    <width>400</width>
                    <height>400</height>
                    <font>Font-Weather</font>
                    <textcolor>PanelFG</textcolor>
                    <align>left</align>
                    <aligny>top</aligny>
                    <label> [B]n[/B]</label>
                </control>
                <control type="label">
                    <posx>130</posx>
                    <posy>50</posy>
                    <width>500</width>
                    <align>left</align>
                    <textcolor>PanelFG</textcolor>
                    <label>$INFO[Window(Weather).Property(Current.WindSpeed)]$INFO[Window(Weather).Property(Current.WindDirection),$COMMA  ,]</label>
                </control>
            </control>
            <control type="group">
                <posy>770</posy>
                <posx>390</posx>
                <control type="label">
                    <posx>15</posx>
                    <posy>0</posy>
                    <width>400</width>
                    <height>400</height>
                    <font>Font-Weather</font>
                    <textcolor>PanelFG</textcolor>
                    <align>left</align>
                    <aligny>top</aligny>
                    <label> [B]f[/B]</label>
                </control>
                <control type="label">
                    <posx>130</posx>
                    <width>500</width>
                    <align>left</align>
                    <textcolor>PanelFG</textcolor>
                    <label>$INFO[Window(Weather).Property(Today.Sunrise)]</label>
                </control>
                <control type="label">
                    <posx>15</posx>
                    <posy>50</posy>
                    <width>400</width>
                    <height>400</height>
                    <font>Font-Weather</font>
                    <textcolor>PanelFG</textcolor>
                    <align>left</align>
                    <aligny>top</aligny>
                    <label> [B]g[/B]</label>
                </control>
                <control type="label">
                    <posx>130</posx>
                    <posy>50</posy>
                    <width>500</width>
                    <align>left</align>
                    <textcolor>PanelFG</textcolor>
                    <label>$INFO[Window(Weather).Property(Today.Sunset)]</label>
                </control>
                
            </control>

            
            <control type="list" id="9100">
                <posx>720</posx>
                <posy>listy</posy>
                <width>724</width>
                <height>700</height>
                <onleft>9000</onleft>
                <onright>60</onright>
                <pagecontrol>60</pagecontrol>
                <orientation>vertical</orientation>
                <itemlayout width="724" height="fivelinelist">
                    <control type="image">
                        <width>724</width>
                        <height>fivelineborder</height>
                        <texture colordiffuse="PosterBorder" border="5">common/border-inner.png</texture>
                    </control>
                    <control type="label">
                        <posx>150</posx>
                        <width>300</width>
                        <height>fivelineborder</height>
                        <font>Font-Weather</font>
                        <align>left</align>
                        <aligny>center</aligny>
                        <label> [B]$VAR[WeatherLabelHourly][/B]</label>
                        <textcolor>PanelFG-NF</textcolor>
                    </control>
                    <control type="label">
                        <posx>15r</posx>
                        <width>300</width>
                        <height>fivelinelist</height>
                        <font>Font-Weather</font>
                        <align>right</align>
                        <aligny>center</aligny>
                        <label>k</label>
                        <textcolor>PanelFG-NF</textcolor>
                    </control>
                    <control type="label">
                        <posx>280</posx>
                        <width>500</width>
                        <height>fivelineborder</height>
                        <align>left</align>
                        <aligny>center</aligny>
                        <textcolor>PanelFG-NF</textcolor>
                        <font>Font-ListInfo</font>
                        <label>$INFO[ListItem.Property(outlook)]</label>
                    </control>
                    <control type="label">
                        <posx>85r</posx>
                        <width>500</width>
                        <height>fivelineborder</height>
                        <align>right</align>
                        <aligny>center</aligny>
                        <textcolor>PanelFG-NF</textcolor>
                        <font>Font-WeatherTempHourly</font>
                        <label>$INFO[ListItem.Property(temp)]</label>
                    </control>
                    <control type="label">
                        <posx>24</posx>
                        <posy>9</posy>
                        <width>300</width>
                        <align>left</align>
                        <aligny>center</aligny>
                        <textcolor>PanelFG-NF</textcolor>
                        <label>$INFO[ListItem.Label]</label>
                    </control>
                    <control type="label">
                        <posx>24</posx>
                        <posy>49</posy>
                        <width>300</width>
                        <align>left</align>
                        <aligny>center</aligny>
                        <textcolor>PanelFG-NF</textcolor>
                        <font>Font-ListInfo</font>
                        <label>$INFO[ListItem.Label2]</label>
                    </control>
                </itemlayout>
                <focusedlayout width="724" height="fivelinelist">
                    <control type="image">
                        <width>724</width>
                        <height>fivelineborder</height>
                        <texture colordiffuse="PosterBorder" border="5">common/border-inner.png</texture>
                    </control>
                    <control type="label">
                        <posx>150</posx>
                        <width>300</width>
                        <height>fivelineborder</height>
                        <font>Font-Weather</font>
                        <align>left</align>
                        <aligny>center</aligny>
                        <label> [B]$VAR[WeatherLabelHourly][/B]</label>
                        <textcolor>PanelFG-NF</textcolor>
                    </control>
                    <control type="label">
                        <posx>15r</posx>
                        <width>300</width>
                        <height>fivelinelist</height>
                        <font>Font-Weather</font>
                        <align>right</align>
                        <aligny>center</aligny>
                        <label>k</label>
                        <textcolor>PanelFG-NF</textcolor>
                    </control>
                    <control type="label">
                        <posx>280</posx>
                        <width>500</width>
                        <height>fivelineborder</height>
                        <align>left</align>
                        <aligny>center</aligny>
                        <textcolor>PanelFG-NF</textcolor>
                        <font>Font-ListInfo</font>
                        <label>$INFO[ListItem.Property(outlook)]</label>
                    </control>
                    <control type="label">
                        <posx>85r</posx>
                        <width>500</width>
                        <height>fivelineborder</height>
                        <align>right</align>
                        <aligny>center</aligny>
                        <textcolor>PanelFG-NF</textcolor>
                        <font>Font-WeatherTempHourly</font>
                        <label>$INFO[ListItem.Property(temp)]</label>
                    </control>
                    <control type="label">
                        <posx>24</posx>
                        <posy>9</posy>
                        <width>300</width>
                        <align>left</align>
                        <aligny>center</aligny>
                        <textcolor>PanelFG-NF</textcolor>
                        <label>$INFO[ListItem.Label]</label>
                    </control>
                    <control type="label">
                        <posx>24</posx>
                        <posy>49</posy>
                        <width>300</width>
                        <align>left</align>
                        <aligny>center</aligny>
                        <textcolor>PanelFG-NF</textcolor>
                        <font>Font-ListInfo</font>
                        <label>$INFO[ListItem.Label2]</label>
                    </control>
                </focusedlayout>
                <content>
                    <item>
                        <label>$LOCALIZE[31909]</label>
                        <onclick>noop</onclick>
                        <visible>IsEmpty(Window.Property(Hourly.IsFetched))</visible>
                    </item>
                    <item>
                        <label>$INFO[Window.Property(Hourly.1.Time)]</label>
                        <label2>$INFO[Window.Property(Hourly.1.ShortDate)]</label2>
                        <property name="fanartcode">$INFO[Window.Property(Hourly.1.FanartCode)]</property>
                        <property name="temp">$INFO[Window.Property(Hourly.1.Temperature)]</property>
                        <property name="outlook">$INFO[Window.Property(Hourly.1.Outlook)]</property>
                        <onclick>noop</onclick>
                        <visible>!IsEmpty(Window.Property(Hourly.IsFetched))</visible>
                    </item>
                    <item>
                        <label>$INFO[Window.Property(Hourly.2.Time)]</label>
                        <label2>$INFO[Window.Property(Hourly.2.ShortDate)]</label2>
                        <property name="fanartcode">$INFO[Window.Property(Hourly.2.FanartCode)]</property>
                        <property name="temp">$INFO[Window.Property(Hourly.2.Temperature)]</property>
                        <property name="outlook">$INFO[Window.Property(Hourly.2.Outlook)]</property>
                        <onclick>noop</onclick>
                        <visible>!IsEmpty(Window.Property(Hourly.IsFetched))</visible>
                    </item>
                    <item>
                        <label>$INFO[Window.Property(Hourly.3.Time)]</label>
                        <label2>$INFO[Window.Property(Hourly.3.ShortDate)]</label2>
                        <property name="fanartcode">$INFO[Window.Property(Hourly.3.FanartCode)]</property>
                        <property name="temp">$INFO[Window.Property(Hourly.3.Temperature)]</property>
                        <property name="outlook">$INFO[Window.Property(Hourly.3.Outlook)]</property>
                        <onclick>noop</onclick>
                        <visible>!IsEmpty(Window.Property(Hourly.IsFetched))</visible>
                    </item>
                    <item>
                        <label>$INFO[Window.Property(Hourly.4.Time)]</label>
                        <label2>$INFO[Window.Property(Hourly.4.ShortDate)]</label2>
                        <property name="fanartcode">$INFO[Window.Property(Hourly.4.FanartCode)]</property>
                        <property name="temp">$INFO[Window.Property(Hourly.4.Temperature)]</property>
                        <property name="outlook">$INFO[Window.Property(Hourly.4.Outlook)]</property>
                        <onclick>noop</onclick>
                        <visible>!IsEmpty(Window.Property(Hourly.IsFetched))</visible>
                    </item>
                    <item>
                        <label>$INFO[Window.Property(Hourly.5.Time)]</label>
                        <label2>$INFO[Window.Property(Hourly.5.ShortDate)]</label2>
                        <property name="fanartcode">$INFO[Window.Property(Hourly.5.FanartCode)]</property>
                        <property name="temp">$INFO[Window.Property(Hourly.5.Temperature)]</property>
                        <property name="outlook">$INFO[Window.Property(Hourly.5.Outlook)]</property>
                        <onclick>noop</onclick>
                        <visible>!IsEmpty(Window.Property(Hourly.IsFetched))</visible>
                    </item>
                    <item>
                        <label>$INFO[Window.Property(Hourly.6.Time)]</label>
                        <label2>$INFO[Window.Property(Hourly.6.ShortDate)]</label2>
                        <property name="fanartcode">$INFO[Window.Property(Hourly.6.FanartCode)]</property>
                        <property name="temp">$INFO[Window.Property(Hourly.6.Temperature)]</property>
                        <property name="outlook">$INFO[Window.Property(Hourly.6.Outlook)]</property>
                        <onclick>noop</onclick>
                        <visible>!IsEmpty(Window.Property(Hourly.IsFetched))</visible>
                    </item>
                    <item>
                        <label>$INFO[Window.Property(Hourly.7.Time)]</label>
                        <label2>$INFO[Window.Property(Hourly.7.ShortDate)]</label2>
                        <property name="fanartcode">$INFO[Window.Property(Hourly.7.FanartCode)]</property>
                        <property name="temp">$INFO[Window.Property(Hourly.7.Temperature)]</property>
                        <property name="outlook">$INFO[Window.Property(Hourly.7.Outlook)]</property>
                        <onclick>noop</onclick>
                        <visible>!IsEmpty(Window.Property(Hourly.IsFetched))</visible>
                    </item>
                    <item>
                        <label>$INFO[Window.Property(Hourly.8.Time)]</label>
                        <label2>$INFO[Window.Property(Hourly.8.ShortDate)]</label2>
                        <property name="fanartcode">$INFO[Window.Property(Hourly.8.FanartCode)]</property>
                        <property name="temp">$INFO[Window.Property(Hourly.8.Temperature)]</property>
                        <property name="outlook">$INFO[Window.Property(Hourly.8.Outlook)]</property>
                        <onclick>noop</onclick>
                        <visible>!IsEmpty(Window.Property(Hourly.IsFetched))</visible>
                    </item>
                    <item>
                        <label>$INFO[Window.Property(Hourly.9.Time)]</label>
                        <label2>$INFO[Window.Property(Hourly.9.ShortDate)]</label2>
                        <property name="fanartcode">$INFO[Window.Property(Hourly.9.FanartCode)]</property>
                        <property name="temp">$INFO[Window.Property(Hourly.9.Temperature)]</property>
                        <property name="outlook">$INFO[Window.Property(Hourly.9.Outlook)]</property>
                        <onclick>noop</onclick>
                        <visible>!IsEmpty(Window.Property(Hourly.IsFetched))</visible>
                    </item>
                    <item>
                        <label>$INFO[Window.Property(Hourly.10.Time)]</label>
                        <label2>$INFO[Window.Property(Hourly.10.ShortDate)]</label2>
                        <property name="fanartcode">$INFO[Window.Property(Hourly.10.FanartCode)]</property>
                        <property name="temp">$INFO[Window.Property(Hourly.10.Temperature)]</property>
                        <property name="outlook">$INFO[Window.Property(Hourly.10.Outlook)]</property>
                        <onclick>noop</onclick>
                        <visible>!IsEmpty(Window.Property(Hourly.IsFetched))</visible>
                    </item>
                </content>
            </control>
            <control type="button" id="9200">
                <posx>1920</posx>
                <width>1920</width>
                <height>1080</height>
                <visible allowhiddenfocus="true">false</visible>
                <onleft>60</onleft>
            </control>
            <control type="group">
                <posx>1920</posx>
                <control type="label" description="Info Label">
                    <include>DefSideLabelCoords</include>
                    <label>31224</label>
                </control>
            </control>
            <control type="panel">
                <posx>1938</posx>
                <posy>210</posy>
                <width>1458</width>
                <height>702</height>
                <orientation>vertical</orientation>
                <itemlayout width="291" height="351">
                    <control type="group">
                        <control type="image">
                            <width>281</width>
                            <height>341</height>
                            <texture colordiffuse="PosterBorder" border="5">common/border-inner.png</texture>
                        </control>
                        <control type="label">
                            <posx>140</posx>
                            <posy>50</posy>
                            <width>281</width>
                            <align>center</align>
                            <font>Font-MediumWeather</font>
                            <aligny>center</aligny>
                            <label> [B]$VAR[WeatherLabelHourly][/B] </label>
                        </control>
                        <control type="label">
                            <posy>160</posy>
                            <posx>140</posx>
                            <width>250</width>
                            <font>Font-ListInfo</font>
                            <wrapmultiline>true</wrapmultiline>
                            <aligny>top</aligny>
                            <align>center</align>
                            <label>$INFO[Listitem.Property(Outlook)]</label>
                        </control>
                        <control type="label">
                            <posx>140</posx>
                            <posy>230</posy>
                            <width>250</width>
                            <align>center</align>
                            <label>$INFO[ListItem.Property(LowTemperature)] • $INFO[ListItem.Property(HighTemperature)]</label>
                        </control>
                        <control type="label">
                            <posx>140</posx>
                            <posy>270</posy>
                            <width>250</width>
                            <align>center</align>
                            <font>Font-ListInfo</font>
                            <label>$INFO[ListItem.Property(LongDay)]</label>
                        </control>
                    </control>
                </itemlayout>
                <focusedlayout width="291" height="351">
                    <control type="group">
                        <control type="image">
                            <width>281</width>
                            <height>341</height>
                            <texture colordiffuse="PosterBorder" border="5">common/border-inner.png</texture>
                        </control>
                        <control type="label">
                            <posx>140</posx>
                            <posy>50</posy>
                            <width>281</width>
                            <align>center</align>
                            <font>Font-MediumWeather</font>
                            <aligny>center</aligny>
                            <label> [B]$VAR[WeatherLabelHourly][/B] </label>
                        </control>
                        <control type="label">
                            <posy>160</posy>
                            <posx>140</posx>
                            <width>250</width>
                            <font>Font-ListInfo</font>
                            <wrapmultiline>true</wrapmultiline>
                            <aligny>top</aligny>
                            <align>center</align>
                            <label>$INFO[Listitem.Property(Outlook)]</label>
                        </control>
                        <control type="label">
                            <posx>140</posx>
                            <posy>230</posy>
                            <width>250</width>
                            <align>center</align>
                            <label>$INFO[ListItem.Property(LowTemperature)] • $INFO[ListItem.Property(HighTemperature)]</label>
                        </control>
                        <control type="label">
                            <posx>140</posx>
                            <posy>270</posy>
                            <width>250</width>
                            <align>center</align>
                            <font>Font-ListInfo</font>
                            <label>$INFO[ListItem.Property(LongDay)]</label>
                        </control>
                    </control>
                </focusedlayout>
                <content>
                    <item id="1">
                        <onclick>noop</onclick>
                        <property name="Fanartcode">$INFO[Window(Weather).Property(Daily.1.FanartCode)]</property>
                        <property name="Outlook">$INFO[Window(Weather).Property(Daily.1.Outlook)]</property>
                        <property name="LowTemperature">$INFO[Window(Weather).Property(Daily.1.LowTemperature)]</property>
                        <property name="HighTemperature">$INFO[Window(Weather).Property(Daily.1.HighTemperature)]</property>
                        <property name="LongDay">$INFO[Window(Weather).Property(Daily.1.LongDay)]</property>
                    </item>
                    <item id="2">
                        <onclick>noop</onclick>
                        <property name="Fanartcode">$INFO[Window(Weather).Property(Daily.2.FanartCode)]</property>
                        <property name="Outlook">$INFO[Window(Weather).Property(Daily.2.Outlook)]</property>
                        <property name="LowTemperature">$INFO[Window(Weather).Property(Daily.2.LowTemperature)]</property>
                        <property name="HighTemperature">$INFO[Window(Weather).Property(Daily.2.HighTemperature)]</property>
                        <property name="LongDay">$INFO[Window(Weather).Property(Daily.2.LongDay)]</property>
                    </item>
                    <item id="3">
                        <onclick>noop</onclick>
                        <property name="Fanartcode">$INFO[Window(Weather).Property(Daily.3.FanartCode)]</property>
                        <property name="Outlook">$INFO[Window(Weather).Property(Daily.3.Outlook)]</property>
                        <property name="LowTemperature">$INFO[Window(Weather).Property(Daily.3.LowTemperature)]</property>
                        <property name="HighTemperature">$INFO[Window(Weather).Property(Daily.3.HighTemperature)]</property>
                        <property name="LongDay">$INFO[Window(Weather).Property(Daily.3.LongDay)]</property>
                    </item>
                    <item id="4">
                        <onclick>noop</onclick>
                        <property name="Fanartcode">$INFO[Window(Weather).Property(Daily.4.FanartCode)]</property>
                        <property name="Outlook">$INFO[Window(Weather).Property(Daily.4.Outlook)]</property>
                        <property name="LowTemperature">$INFO[Window(Weather).Property(Daily.4.LowTemperature)]</property>
                        <property name="HighTemperature">$INFO[Window(Weather).Property(Daily.4.HighTemperature)]</property>
                        <property name="LongDay">$INFO[Window(Weather).Property(Daily.4.LongDay)]</property>
                    </item>
                    <item id="5">
                        <onclick>noop</onclick>
                        <property name="Fanartcode">$INFO[Window(Weather).Property(Daily.5.FanartCode)]</property>
                        <property name="Outlook">$INFO[Window(Weather).Property(Daily.5.Outlook)]</property>
                        <property name="LowTemperature">$INFO[Window(Weather).Property(Daily.5.LowTemperature)]</property>
                        <property name="HighTemperature">$INFO[Window(Weather).Property(Daily.5.HighTemperature)]</property>
                        <property name="LongDay">$INFO[Window(Weather).Property(Daily.5.LongDay)]</property>
                    </item>
                    <item id="6">
                        <onclick>noop</onclick>
                        <property name="Fanartcode">$INFO[Window(Weather).Property(Daily.6.FanartCode)]</property>
                        <property name="Outlook">$INFO[Window(Weather).Property(Daily.6.Outlook)]</property>
                        <property name="LowTemperature">$INFO[Window(Weather).Property(Daily.6.LowTemperature)]</property>
                        <property name="HighTemperature">$INFO[Window(Weather).Property(Daily.6.HighTemperature)]</property>
                        <property name="LongDay">$INFO[Window(Weather).Property(Daily.6.LongDay)]</property>
                    </item>
                    <item id="7">
                        <onclick>noop</onclick>
                        <property name="Fanartcode">$INFO[Window(Weather).Property(Daily.7.FanartCode)]</property>
                        <property name="Outlook">$INFO[Window(Weather).Property(Daily.7.Outlook)]</property>
                        <property name="LowTemperature">$INFO[Window(Weather).Property(Daily.7.LowTemperature)]</property>
                        <property name="HighTemperature">$INFO[Window(Weather).Property(Daily.7.HighTemperature)]</property>
                        <property name="LongDay">$INFO[Window(Weather).Property(Daily.7.LongDay)]</property>
                    </item>
                    
                    <item id="8">
                        <onclick>noop</onclick>
                        <property name="Fanartcode">$INFO[Window(Weather).Property(Daily.8.FanartCode)]</property>
                        <property name="Outlook">$INFO[Window(Weather).Property(Daily.8.Outlook)]</property>
                        <property name="LowTemperature">$INFO[Window(Weather).Property(Daily.8.LowTemperature)]</property>
                        <property name="HighTemperature">$INFO[Window(Weather).Property(Daily.8.HighTemperature)]</property>
                        <property name="LongDay">$INFO[Window(Weather).Property(Daily.8.LongDay)]</property>
                    </item>
                    <item id="9">
                        <onclick>noop</onclick>
                        <property name="Fanartcode">$INFO[Window(Weather).Property(Daily.9.FanartCode)]</property>
                        <property name="Outlook">$INFO[Window(Weather).Property(Daily.9.Outlook)]</property>
                        <property name="LowTemperature">$INFO[Window(Weather).Property(Daily.9.LowTemperature)]</property>
                        <property name="HighTemperature">$INFO[Window(Weather).Property(Daily.9.HighTemperature)]</property>
                        <property name="LongDay">$INFO[Window(Weather).Property(Daily.9.LongDay)]</property>
                    </item>
                    <item id="10">
                        <onclick>noop</onclick>
                        <property name="Fanartcode">$INFO[Window(Weather).Property(Daily.10.FanartCode)]</property>
                        <property name="Outlook">$INFO[Window(Weather).Property(Daily.10.Outlook)]</property>
                        <property name="LowTemperature">$INFO[Window(Weather).Property(Daily.10.LowTemperature)]</property>
                        <property name="HighTemperature">$INFO[Window(Weather).Property(Daily.10.HighTemperature)]</property>
                        <property name="LongDay">$INFO[Window(Weather).Property(Daily.10.LongDay)]</property>
                    </item>
                </content>
            </control>
		</control>
        <include>GlobalTopBar</include>
        
        
        
        <control type="group">   
            <include>Animation.FadeIn</include>
            <include>Animation.FadeOut</include>
            <animation effect="slide" start="0" end="-1920" time="200" condition="Control.HasFocus(9200)">Conditional</animation>
            <control type="grouplist" id="9000">
                <posx>240</posx>
                <posy>174</posy>
                <ondown>60</ondown>
                <orientation>horizontal</orientation>
                            
                <control type="button" id="2">
                    <description>Refresh</description>
                    <label>184</label>
                    <width>200</width>
                    <align>left</align>
                    <include>DefContextMenuButton</include>
                    <animation effect="fade" start="100" end="25" condition="!Control.HasFocus(2)">Conditional</animation>
                </control>

                <control type="button" id="4">
                    <description>Settings</description>
                    <label>5</label>
                    <width>910</width>
                    <align>left</align>
                    <onclick>ActivateWindow(weathersettings)</onclick>
                    <include>DefContextMenuButton</include>
                    <animation effect="fade" start="100" end="25" condition="!Control.HasFocus(4)">Conditional</animation>
                </control>

                <control type="spincontrolex" id="3">
                    <width>300</width>
                    <align>left</align>
                    <description>Location Select</description>
                    <textureup colordiffuse="40ffffff" flipy="true">buttons/spin-down.png</textureup>
                    <texturedown colordiffuse="40ffffff">buttons/spin-down.png</texturedown>
                    <textcolor>40ffffff</textcolor>
                    <include>DefContextMenuButton</include>
                    <!--<animation effect="fade" start="100" end="25" condition="!Control.HasFocus(3)">Conditional</animation>-->
                    
                </control>
                
            </control>
        </control>
	</controls>

</window>
