<?xml version="1.0" encoding="UTF-8"?>
<!-- Foundation -->
<window type="dialog" id="400">
	<defaultcontrol always="true">403</defaultcontrol>
	<allowoverlay>yes</allowoverlay>
    <onload>ClearProperty(focushub,home)</onload>
	<onload>ClearProperty(globalsearch,home)</onload>
	<controls>
	    <control type="button" id="403">
	        <visible allowhiddenfocus="true">false</visible>
	        <onfocus>$VAR[HomeFocus]</onfocus>
	    </control>
	    <control type="videowindow">
            <include>Dimensions_Fullscreen</include>
            <visible>Player.HasVideo + Control.HasFocus(298)</visible>
            <include>Animation.FadeIn</include>
            <include>Animation.FadeOut</include>
        </control>
	    <include>Home-Menu</include>
	    
	</controls>
</window>
