<?xml version="1.0" encoding="UTF-8"?>
<!-- Foundation -->
<window id="130">
	<defaultcontrol always="true">5</defaultcontrol>
	<allowoverlay>yes</allowoverlay>

	<controls>
		<control type="group">
			<posy>listy</posy>
			<include>Animation.FadeIn</include>
            <include>Animation.FadeOut</include>
            <visible>!Window.IsVisible(SliderDialog) + !Window.IsVisible(FileBrowser) + !Window.IsVisible(LockSettings.xml)</visible>

            <control type="label" id="1000">
				<description>Header</description>
				<posx>250</posx>
				<posy>48</posy>
				<width>870</width>
				<align>left</align>
				<font>Font-DialogHeader</font>
			</control>
            
			<control type="label" id="1001">
				<posx>295</posx>
				<posy>120</posy>
				<width>920</width>
				<height>66</height>
				<align>left</align>
				<aligny>center</aligny>
			</control>
			<control type="grouplist" id="5">
				<description>Control Area</description>
				<posx>265</posx>
				<posy>189</posy>
				<width>920</width>
				<height>549</height>
				<itemgap>3</itemgap>
				<orientation>vertical</orientation>
				<onleft>5</onleft>
				<onright>28</onright>
				<onup>5</onup>
			</control>
			
			<control type="image" id="2">
				<description>profile image</description>
				<posx>1231</posx>
				<posy>120</posy>
				<width>165</width>
				<height>165</height>

				<aspectratio align="left" aligny="top">keep</aspectratio>
			</control>

			<control type="button" id="7">
				<description>Default Button</description>
				<align>left</align>
			</control>

			<control type="radiobutton" id="8">
				<description>Default RadioButton</description>
				<align>left</align>
				<radioposx>890</radioposx>

			</control>

			<control type="spincontrolex" id="9">
				<description>Default spincontrolex</description>
				<align>left</align>
				<reverse>yes</reverse>
				
			</control>
			
			<control type="grouplist">
                <posx>1273</posx>
				<posy>327</posy>
				<width>450</width>
				<height>552</height>
				<itemgap>3</itemgap>
				<orientation>vertical</orientation>
                <control type="button" id="28">
                    <label>186</label>
                    <align>left</align>
                    <onleft>5</onleft>
                    <ondown>29</ondown>
                </control>

                <control type="button" id="29">
                    <description>Cancel</description>
                    <align>left</align>
                    <label>222</label>
                    <onleft>5</onleft>
                    <onup>28</onup>
                </control>
            </control>


		</control>
	</controls>

</window>
