﻿<?xml version="1.0" encoding="UTF-8"?>
<!-- Foundation -->
<window type="dialog">
	<defaultcontrol always="true">1004</defaultcontrol>
	<controls>
        <control type="group">		
            <include>Animation.SlideOpen.Left</include>
            
            <control type="grouplist" id="1006">
                <include>DefMyNavBarGroupList</include>
                <control type="button" id="1004">
                    <description>Buttons</description>
                    <label>$INFO[Control.GetLabel(1001)]</label>
                    <onclick>SendClick(1001)</onclick>
                    <include>DefNavMenuButton</include>
                </control>
                <control type="button" id="1005">
                    <description>Buttons</description>
                    <label>$INFO[Control.GetLabel(1002)]</label>
                    <onclick>SendClick(1002)</onclick>
                    <include>DefNavMenuButton</include>
                </control>
  
            </control>
        </control>
        <control type="image" id="997">
            <visible>false</visible>
            <onfocus>1004</onfocus>
        </control>
        <control type="image" id="998">
            <visible>false</visible>
            <onfocus>1004</onfocus>
        </control>
        <control type="image" id="999">
            <visible>false</visible>
            <onfocus>1004</onfocus>
        </control>
        <control type="button" id="1001">
            <visible>false</visible>
            <onfocus>1004</onfocus>
        </control>
        <control type="button" id="1002">
            <visible>false</visible>
            <onfocus>1004</onfocus>
        </control>
        <control type="button" id="1003">
            <visible>false</visible>
            <onfocus>1004</onfocus>
        </control>
	</controls>

</window>