<?xml version="1.0" encoding="UTF-8"?>
<window type="dialog">
	<defaultcontrol always="true">9901</defaultcontrol>
	<allowoverlay>no</allowoverlay>
	<include>Animation.SlideOpen.Left</include>
	<controls>
	    <control type="list" id="100">
            <posx>-10</posx>
            <posy>-10</posy>
            <width>1</width>
            <height>1</height>
            <visible>false</visible>
            <itemlayout width="1" height="1"/>
            <focusedlayout width="1" height="1"/>
        </control>
        
        <control type="group" id="110"></control>
        <control type="group" id="120"></control>
        <control type="group" id="130"></control>
        <control type="group" id="140"></control>
        <control type="group" id="150"></control>
        <control type="group" id="160"></control>
        <control type="group" id="170"></control>
        <control type="group" id="180"></control>
        
		<control type="group">
		    <posx>233</posx>
		    <posy>70</posy>
		    <animation effect="slide" end="-233" start="0" time="200" condition="[ControlGroup(9900).HasFocus() | Window.IsActive(DialogContextMenu.xml)]">Conditional</animation>
		    <control type="label" description="Info Label">
                <include>DefSideLabelCoords</include>
                <label>$INFO[Container(100).ListItem.Label]</label>
                <visible>!ControlGroup(9900).HasFocus()</visible>
            </control>
		    <control type="group" description="Poster">
                <posx>18</posx>
                <posy>210</posy>
                <control type="image">
                    <width>467</width>
                    <height>690</height>
                    <texture colordiffuse="PosterBorder" border="5">common/border-inner.png</texture>
                </control>
                
                <control type="image">
                    <posx>11</posx>
                    <posy>11</posy>
                    <width>445</width>
                    <height>668</height>
                    <fadetime>200</fadetime>
                    <texture background="true">$INFO[Container(100).ListItem.Icon]</texture>
                    <aspectratio aligny="top">scale</aspectratio>
                </control>

                <control type="image">
                    <posx>11</posx>
                    <posy>11</posy>
                    <width>445</width>
                    <height>668</height>
                    <texture>common/playring.png</texture>
                    <aspectratio>center</aspectratio>
                    <animation effect="fade" start="100" end="50" condition="true">Conditional</animation>
                </control>
                <include>DefInformationNavLabel</include>
            </control>
            <control type="grouplist">
		        <posx>509</posx>
		        <posy>210</posy>
		        <usecontrolcoords>true</usecontrolcoords>
		        <orientation>vertical</orientation>
                <control type="label">
                    <width>600</width>
                    <height>32</height>
                    <align>left</align>
                    <aligny>top</aligny>
                    <font>Font-Button</font>
                    <label>20339</label>
                </control>
                <control type="label">
                    <width>600</width>
                    <height>64</height>
                    <align>left</align>
                    <aligny>top</aligny>
                    <font>Font-ListInfo</font>
                    <label fallback="416">$INFO[Container(100).ListItem.Property(Director)]</label>
                </control>
                <control type="label">
                    <width>600</width>
                    <height>32</height>
                    <align>left</align>
                    <aligny>top</aligny>
                    <font>Font-Button</font>
                    <label>20417</label>
                </control>
                <control type="label">
                    <width>600</width>
                    <height>64</height>
                    <align>left</align>
                    <aligny>top</aligny>
                    <font>Font-ListInfo</font>
                    <label fallback="416">$INFO[Container(100).ListItem.Property(Writer)]</label>
                </control>
                <control type="label">
                    <width>600</width>
                    <height>32</height>
                    <align>left</align>
                    <aligny>top</aligny>
                    <font>Font-Button</font>
                    <label>515</label>
                </control>
                <control type="label">
                    <width>600</width>
                    <height>64</height>
                    <align>left</align>
                    <aligny>top</aligny>
                    <font>Font-ListInfo</font>
                    <label fallback="416">$INFO[Container(100).ListItem.Property(Genre)]</label>
                </control>
                <control type="label">
                    <width>600</width>
                    <height>32</height>
                    <align>left</align>
                    <aligny>top</aligny>
                    <font>Font-Button</font>
                    <label>573</label>
                </control>
                <control type="label">
                    <width>600</width>
                    <height>64</height>
                    <align>left</align>
                    <aligny>top</aligny>
                    <font>Font-ListInfo</font>
                    <label fallback="416">$INFO[Container(100).ListItem.Property(Path)]</label>
                    <scroll>true</scroll>
                </control>
            </control>
            <control type="grouplist">
		        <posx>509</posx>
		        <posy>210</posy>
		        <usecontrolcoords>true</usecontrolcoords>
		        <orientation>vertical</orientation>
                <control type="label">
                    <posx>917</posx>
                    <width>300</width>
                    <height>32</height>
                    <align>right</align>
                    <aligny>top</aligny>
                    <font>Font-Button</font>
                    <label>2050</label>
                </control>
                <control type="label">
                    <posx>917</posx>
                    <width>300</width>
                    <height>64</height>
                    <align>right</align>
                    <aligny>top</aligny>
                    <font>Font-ListInfo</font>
                    <label fallback="416">$INFO[Container(100).ListItem.Property(Duration),, $LOCALIZE[12391]]</label>
                </control>
                <control type="label">
                    <posx>917</posx>
                    <width>300</width>
                    <height>32</height>
                    <align>right</align>
                    <aligny>top</aligny>
                    <font>Font-Button</font>
                    <label>20074</label>
                </control>
                <control type="label">
                    <posx>917</posx>
                    <width>300</width>
                    <height>64</height>
                    <align>right</align>
                    <aligny>top</aligny>
                    <font>Font-ListInfo</font>
                    <label fallback="416">$INFO[Container(100).ListItem.Property(Mpaa)]</label>
                </control>
                <control type="label">
                    <posx>917</posx>
                    <width>300</width>
                    <height>32</height>
                    <align>right</align>
                    <aligny>top</aligny>
                    <font>Font-Button</font>
                    <label>292</label>
                </control>
                <control type="label">
                    <posx>917</posx>
                    <width>300</width>
                    <height>64</height>
                    <align>right</align>
                    <aligny>top</aligny>
                    <font>Font-ListInfo</font>
                    <label fallback="416">$INFO[Container(100).ListItem.Property(AudioCodec),,  •  ]</label>
                </control>
                <control type="label">
                    <posx>917</posx>
                    <width>300</width>
                    <height>32</height>
                    <align>right</align>
                    <aligny>top</aligny>
                    <font>Font-Button</font>
                    <label>291</label>
                </control>
                <control type="label">
                    <posx>917</posx>
                    <width>300</width>
                    <height>64</height>
                    <align>right</align>
                    <aligny>top</aligny>
                    <font>Font-ListInfo</font>
                    <label fallback="416">$INFO[Container(100).ListItem.Property(VideoResolution)]$INFO[Container(100).ListItem.Property(VideoCodec),  •  ,]$INFO[Container(100).ListItem.Property(VideoAspect),  •  ,]</label>
                </control>
            </control>
            <control type="grouplist">
		        <posx>509</posx>
		        <posy>630</posy>
		        <usecontrolcoords>true</usecontrolcoords>
		        <orientation>vertical</orientation>
		        <control type="label">
                    <width>448</width>
                    <align>left</align>
                    <aligny>top</aligny>
                    <height>32</height>
                    <font>Font-Button</font>
                    <label>207</label>
                </control>
                <control type="textbox">
                    <width>917</width>
                    <align>justify</align>
                    <aligny>top</aligny>
                    <font>Font-ListInfo</font>
                    <height>220</height>
                    <label fallback="416">$INFO[Container(100).ListItem.Property(Plot)]</label>
                    <wrapmultiline>true</wrapmultiline>
                </control>
            </control>
            

        </control>
        
        <control type="group">		
            <visible allowhiddenfocus="true">ControlGroup(9900).HasFocus()</visible>
            <include>Animation.SlideOpen.Left</include>
            <include>DialogVisibility</include>
            <control type="grouplist" id="9900">
                
                <onleft>9901</onleft>
                <onright>9900</onright>
                <onup>9900</onup>
                <ondown>9900</ondown>
                <include>DefMyNavBarGroupList</include>
            
                

                <control type="button" id="192">
                    <include>DefNavMenuButton</include>
                </control>
                
                <control type="button" id="193">
                    <include>DefNavMenuButton</include>
                </control>
                
                <control type="button" id="9002">
                    <label>186</label>
                    <include>DefNavMenuButton</include>
                    <onclick>SendClick(191)</onclick>
                </control>


            

            </control>
        </control>
        <control type="button" id="9901">
            <visible allowhiddenfocus="true">false</visible>
            <onclick>SendClick(192)</onclick>
            <onright>9900</onright>
            <onleft>Back</onleft>
            <onup>SetFocus(9900)</onup>
            <ondown>SetFocus(9900)</ondown>
        </control>
        <control type="button" id="191">
            <label>186</label>
            <include>DefNavMenuButton</include>
            <onfocus>SetFocus(9901)</onfocus>
            <visible allowhiddenfocus="True">false</visible>
        </control>
        
	</controls>

</window>