<?xml version="1.0" encoding="UTF-8"?>
<!-- Foundation -->
<window id="34">
	<defaultcontrol always="true">4</defaultcontrol>
	<allowoverlay>yes</allowoverlay>
	<background>0</background>
    <controls>
        <include>GlobalBackground</include>
		<control type="group">
			<posy>listy</posy>
            <posx>-16</posx>
            <include>Animation.FadeIn</include>
            <include>Animation.FadeOut</include>
			<visible>!Window.IsVisible(SliderDialog) + !Window.IsVisible(FileBrowser) + !Window.IsVisible(ProfileSettings.xml) + !Window.IsVisible(LockSettings.xml) + !Window.IsVisible(DialogSelect.xml)</visible>

            
            <control type="label">
				<description>Header</description>
				<posx>250</posx>
				<posy>48</posy>
				<width>870</width>
				<align>left</align>
				<label>10034</label>
				<font>Font-DialogHeader</font>
			</control>
            
			<control type="radiobutton" id="4">
				<description>Enable Login Screen</description>
				<posx>265</posx>
				<posy>120</posy>
				<radioposx>850</radioposx>
				<width>920</width>
				<label>20096</label>
				<align>left</align>
				<onright>-</onright>
				<onleft>-</onleft>
				<onup>-</onup>
				<ondown>5</ondown>
			</control>
			<control type="button" id="5">
				<description>Auto login</description>
				<posx>265</posx>
				<posy>189</posy>
				<width>920</width>
				<label>$LOCALIZE[31120]</label>
				<label2>$INFO[system.profileautologin]</label2>
				<align>left</align>
				<onright>-</onright>
				<onleft>-</onleft>
				<onup>4</onup>
				<ondown>2</ondown>
			</control>

			<control type="list" id="2">
				<posx>265</posx>
				<posy>258</posy>
				<width>920</width>
				<height>549</height>
				<onleft>-</onleft>
				<onright>-</onright>
				<onup>5</onup>
				<ondown>-</ondown>

				<itemlayout height="69">
				    
                    
					<control type="label">
						<posx>30</posx>
						<width>810</width>
						<info>ListItem.Label</info>
					</control>

					<control type="label">
						<posx>890</posx>
						<width>810</width>
						<align>right</align>
						<info>ListItem.Label2</info>
					</control>

				</itemlayout>

				<focusedlayout height="69">
				    <control type="image">
				        <height>66</height>
				        <width>920</width>
				        <texture colordiffuse="PosterBorder" border="5">common/border-inner.png</texture>
				        <visible>Control.HasFocus(2)</visible>
				    </control>
					<control type="label">
						<posx>30</posx>
						<width>810</width>
						<info>ListItem.Label</info>
					</control>

					<control type="label">
						<posx>890</posx>
						<width>810</width>
						<align>right</align>
						<info>ListItem.Label2</info>
					</control>
					
				</focusedlayout>

			</control>

		</control>
        <include>GlobalTopBar</include>
        
        
	</controls>
	

</window>
