<?xml version="1.0" encoding="UTF-8"?>
<!-- Foundation -->
<window id="12">
	<defaultcontrol always="true">3</defaultcontrol>
	<allowoverlay>yes</allowoverlay>
    <background>0</background>
	<controls>

		<include>GlobalBackground</include>
		

		<control type="button">
            <posy>540</posy>
            <posx>110</posx>
            <width>48</width>
            <height>48</height>
            <texturenofocus flipx="true">common/right-arrow.png</texturenofocus>
            <texturefocus flipx="true">common/right-arrow.png</texturefocus>
            <aspectratio>keep</aspectratio>
            <animation effect="fade" end="75" condition="true">Conditional</animation>
            <animation effect="fade" start="0" end="100" delay="200" time="650" reversible="false">WindowOpen</animation>
            <animation effect="fade" start="0" end="100" delay="200" time="650" reversible="false">Visible</animation>
            <animation effect="fade" start="100" end="0" delay="0" time="0" reversible="false">WindowClose</animation>
            <animation effect="fade" start="100" end="0" delay="0" time="0" reversible="false">Hidden</animation>
            <include>DialogVisibility</include>
        </control>
        <control type="group">
		    <posx>253</posx>
		    <posy>70</posy>
		    <include>Animation.SlideOpen.Left</include>
		    <include>DialogVisibility</include>
		    <control type="label" id="2" description="Info Label">
                <posx>1514</posx>
                <posy>210</posy>
                <aligny>top</aligny>
                <width>690</width>
                <font>Font-ViewCategory</font>
                <label>$INFO[ListItem.Label]</label>
                <animation effect="rotate" start="0" end="270" condition="true" center="1514,210">Conditional</animation>
                <animation effect="fade" end="25" condition="true">Conditional</animation>
            </control>
        </control>
		<control type="group">
			<posy>160</posy>
            

			<include>DialogVisibility</include>
			<animation effect="fade" start="100" end="0" time="400" condition="Window.IsVisible(SliderDialog) | Window.IsVisible(FileBrowser)">Conditional</animation>
            
            <include>Animation.FadeIn</include>
            <include>Animation.FadeOut</include>

            <include>DefSettingsSeparator</include>
            
            
            <control type="grouplist" id="3">
				<description>Control Area</description>
				<include>DefSettingsLeftGroup</include>
				<onright>5</onright>
				<onleft>SetProperty(movement,1,settings)</onleft>
				<onleft>$VAR[DefSettingsOnLeft]</onleft>
				<onup>3</onup>
				<ondown>3</ondown>
			</control>

			<control type="grouplist" id="5">
				<description>Control Area</description>
				<include>DefSettingsRightGroup</include>
				<onright>ClearProperty(movement,settings)</onright>
                <onright>$VAR[DefSettingsOnRight]</onright>
				<onleft>3</onleft>
				<onup>21</onup>
				<ondown>-</ondown>
				
			</control>
			
			<control type="button" id="21">
			    <posx>650</posx>
				<posy>51</posy>
				<width>1020</width>
				<height>66</height>
				<align>right</align>
				<label>$INFO[Control.GetLabel(20),,  $LOCALIZE[5]]</label>
				<onclick>SettingsLevelChange</onclick>
				<ondown>5</ondown>
				
				<texturefocus>-</texturefocus>
				<focusedcolor>Highlight</focusedcolor>
				<include>Animation.SlideOpen.Left</include>
			</control>
			
			<control type="button" id="20">
			    <posx>1273</posx>
				<posy>120</posy>
				<width>450</width>
				<height>66</height>
				<align>left</align>
				<visible allowhiddenfocus="true">false</visible>
			</control>
			
			<control type="textbox" id="6">
			    <include>Animation.FadeIn</include>
			    <include>Animation.FadeOut</include>
			    <posx>285</posx>
                <width>1376</width>
                <posy>685</posy>
                <height>105</height>
				<align>justify</align>
				<font>Font-ListInfo-Small</font>
				<textcolor>Disabled</textcolor>
			</control>
			
			
			

			

		</control>
		
		<include>GlobalTopBar</include>
		
		

		<control type="button" id="10">
			<description>Default Category Button</description>
			<align>left</align>
			<textcolor>Disabled</textcolor>	
			<width>393</width>		
		</control>
		
		<control type="button" id="7">
            <description>Default Button</description>
            <align>left</align>
            <font>Font-ListInfo</font>
            <texturefocus border="12">common/border-inner-highlight.png</texturefocus>
        </control>

        <control type="radiobutton" id="8">
            <description>Default RadioButton</description>
            <align>left</align>
            <radioposx>984</radioposx>
            <font>Font-ListInfo</font>
            <texturefocus border="12">common/border-inner-highlight.png</texturefocus>
        </control>

        <control type="spincontrolex" id="9">
            <description>Default spincontrolex</description>
            <align>left</align>
            <reverse>yes</reverse>
            <font>Font-ListInfo</font>
            <texturefocus border="12">common/border-inner-highlight.png</texturefocus>
        </control>
	</controls>

</window>
