<?xml version="1.0" encoding="UTF-8"?>
<!-- Foundation -->
<window id="7">
	<defaultcontrol always="true">9000</defaultcontrol>
	<allowoverlay>yes</allowoverlay>
    <background>0</background>
	<controls>

		<include>GlobalBackground</include>
		<control type="group" description="Left Side Header">
            <control type="image">
                <posy>18</posy>
                <posx>-88</posx>
                <width>300</width>
                <height>164</height>	
                <texture align="left">home/head-tile.png</texture>
                <colordiffuse>TopBar</colordiffuse>
            </control>

            <control type="image">
                <posy>10</posy>
                <posx>30</posx>
                <width>128</width>
                <height>128</height>	
                <texture>special://skin/extras/icons/info.png</texture>
                <aspectratio>keep</aspectratio>
                <colordiffuse>TopBarIcon</colordiffuse>
            </control>
            
            <control type="label">
                <posx>0</posx>
                <posy>115</posy>
                <width>184</width>
                <aligny>top</aligny>
                <font>Font-Sublabel</font>
                <align>center</align>
                <textcolor>TopBarIcon</textcolor>
                <label>31119</label>
            </control>
        </control>
        
		<control type="group">		
            <include>Animation.FadeIn</include>
            <include>Animation.FadeOut</include>
            <include>DefContextMenuBackground</include>
            <control type="grouplist" id="9000">
                <include>DefContextMenuGroupList</include>
				<control type="button" id="95">
					<description>General</description>
					<width>334</width>
                    <height>142</height>
                    <texturefocus>-</texturefocus>
                    <textcolor>TopBarIcon</textcolor>
                    <focusedcolor>Highlight</focusedcolor>
                    <scroll>true</scroll>
                    <textoffsetx>11</textoffsetx>
					<label>20037</label>
				</control>

				<control type="button" id="94">
					<description>Storage</description>
					<width>334</width>
                    <height>142</height>
                    <texturefocus>-</texturefocus>
                    <textcolor>TopBarIcon</textcolor>
                    <focusedcolor>Highlight</focusedcolor>
                    <scroll>true</scroll>
                    <textoffsetx>11</textoffsetx>
					<label>13277</label>
				</control>

				<control type="button" id="96">
					<description>Network</description>
					<width>334</width>
                    <height>142</height>
                    <texturefocus>-</texturefocus>
                    <textcolor>TopBarIcon</textcolor>
                    <focusedcolor>Highlight</focusedcolor>
                    <scroll>true</scroll>
                    <textoffsetx>11</textoffsetx>
					<label>13279</label>
				</control>

				<control type="button" id="97">
					<description>Video</description>
					<width>334</width>
                    <height>142</height>
                    <texturefocus>-</texturefocus>
                    <textcolor>TopBarIcon</textcolor>
                    <focusedcolor>Highlight</focusedcolor>
                    <scroll>true</scroll>
                    <textoffsetx>11</textoffsetx>
					<label>13280</label>
				</control>

				<control type="button" id="98">
					<description>Hardware</description>
					<width>334</width>
                    <height>142</height>
                    <texturefocus>-</texturefocus>
                    <textcolor>TopBarIcon</textcolor>
                    <focusedcolor>Highlight</focusedcolor>
                    <scroll>true</scroll>
                    <textoffsetx>11</textoffsetx>
					<label>13281</label>
				</control>
				<control type="button" id="99">
					<description>PVR Service</description>
					<width>334</width>
                    <height>142</height>
                    <texturefocus>-</texturefocus>
                    <textcolor>TopBarIcon</textcolor>
                    <focusedcolor>Highlight</focusedcolor>
                    <scroll>true</scroll>
                    <textoffsetx>11</textoffsetx>
					<label>19191</label>
				</control>
			</control>
        </control>

		<control type="group">
			<posy>210</posy>
			<include>Animation.FadeIn</include>
            <include>Animation.FadeOut</include>
            <visible>!Window.IsVisible(SliderDialog) + !Window.IsVisible(FileBrowser) + !Window.IsVisible(LockSettings.xml)</visible>

            <control type="image">
				<width>1920</width>
				<height>764</height>
				<texture border="5" colordiffuse="TopBar">common/white.png</texture>
            </control>
            
            <control type="label">
				<description>Header</description>
				<posx>250</posx>
				<posy>48</posy>
				<width>870</width>
				<align>left</align>
				<label>130</label>
				<font>Font-DialogHeader</font>
				<textcolor>TopBarIcon</textcolor>
			</control>
			

			<control type="grouplist">
				<posx>295</posx>
				<posy>120</posy>
				<width>1390</width>
				<height>618</height>
				<itemgap>-20</itemgap>
				<orientation>vertical</orientation>

				<control type="label" id="52">
					<description>XBMC XBE BUILD Version</description>
					<width>1330</width>
					<font>Font-ListInfo</font>
					<textcolor>TopBarIcon</textcolor>
				</control>

				<control type="label" id="21">
					<description>CPU Text</description>
					<width>1330</width>
					<label>$LOCALIZE[13271] $INFO[System.CPUUsage]</label>
					<font>Font-ListInfo</font>
					<textcolor>TopBarIcon</textcolor>
				</control>
				
				<control type="label">
					<description>Spacer</description>
					<font>-</font>
					<height>40</height>
					<width>1330</width>
				</control>

				<control type="progress" id="22">
					<description>CPU BAR</description>
					<width>1330</width>
					<height>20</height>
					<info>System.CPUUsage</info>
					
				</control>
				
				<control type="label">
					<description>Spacer</description>
					<font>-</font>
					<height>40</height>
					<width>1330</width>
				</control>

				<control type="label" id="23">
					<description>Memory Text</description>
					<width>1330</width>
					<label>$LOCALIZE[31121]: $INFO[system.memory(used.percent)]</label>
					<font>Font-ListInfo</font>
					<textcolor>TopBarIcon</textcolor>
				</control>
				
				<control type="label">
					<description>Spacer</description>
					<font>-</font>
					<height>40</height>
					<width>1330</width>
				</control>

				<control type="progress" id="24">
					<description>Memory BAR</description>
					<width>1330</width>
					<height>20</height>
					<info>system.memory(used)</info>
					<font>Font-ListInfo</font>
					<textcolor>TopBarIcon</textcolor>
				</control>

				<control type="label" id="25">
					<description>Spacer</description>
					<font>-</font>
					<width>1330</width>
					
				</control>

				<control type="label" id="2">
					<description>Label 2</description>
					<font>Font-ListInfo</font>
					<textcolor>TopBarIcon</textcolor>
					<width>1330</width>
				</control>

				<control type="label" id="3">
                    <font>Font-ListInfo</font>
					<textcolor>TopBarIcon</textcolor>
					<description>Label 3</description>
					<width>1330</width>
				</control>

				<control type="label" id="4">
					<description>Label 4</description>
					<font>Font-ListInfo</font>
					<textcolor>TopBarIcon</textcolor>
					<width>1330</width>
				</control>

				<control type="label" id="5">
					<description>Label 5</description>
					<font>Font-ListInfo</font>
					<textcolor>TopBarIcon</textcolor>
					<width>1330</width>
				</control>

				<control type="label" id="6">
					<description>Label 6</description>
					<font>Font-ListInfo</font>
					<textcolor>TopBarIcon</textcolor>
					<width>1330</width>
				</control>

				<control type="label" id="7">
					<description>Label 7</description>
					<font>Font-ListInfo</font>
					<textcolor>TopBarIcon</textcolor>
					<width>1330</width>
				</control>

				<control type="label" id="8">
					<description>Label 8</description>
					<width>1330</width>
					<font>Font-ListInfo</font>
					<textcolor>TopBarIcon</textcolor>
				</control>

				<control type="label" id="9">
					<description>Label 9</description>
					<width>1330</width>
					<font>Font-ListInfo</font>
					<textcolor>TopBarIcon</textcolor>
				</control>

				<control type="label" id="10">
					<description>Label 10</description>
					<width>1330</width>
					<font>Font-ListInfo</font>
					<textcolor>TopBarIcon</textcolor>
				</control>

				<control type="label" id="11">
					<description>Label 11</description>
					<width>1330</width>
					<font>Font-ListInfo</font>
					<textcolor>TopBarIcon</textcolor>
				</control>

			</control>

		</control>
		
        
        

	</controls>

</window>