<?xml version="1.0" encoding="UTF-8"?>
<window>
	<defaultcontrol always="true">3</defaultcontrol>
	<allowoverlay>yes</allowoverlay>
	<background>0</background>
	<controls>

		<include>GlobalBackground</include>
		<control type="button">
            <posy>540</posy>
            <posx>110</posx>
            <width>48</width>
            <height>48</height>
            <visible>!Window.IsVisible(3065)</visible>
            <texturenofocus flipx="true">common/right-arrow.png</texturenofocus>
            <texturefocus flipx="true">common/right-arrow.png</texturefocus>
            <aspectratio>keep</aspectratio>
            <animation effect="fade" end="75" condition="true">Conditional</animation>
            <animation effect="fade" start="0" end="100" delay="200" time="650" reversible="false">WindowOpen</animation>
            <animation effect="fade" start="0" end="100" delay="200" time="650" reversible="false">Visible</animation>
            <animation effect="fade" start="100" end="0" delay="0" time="0" reversible="false">WindowClose</animation>
            <animation effect="fade" start="100" end="0" delay="0" time="0" reversible="false">Hidden</animation>
            <include>DialogVisibility</include>
            <animation effect="fade" start="100" end="0" time="200" condition="Window.IsVisible(3067)">Conditional</animation>
        </control>
   
        <control type="group">
		    <posx>253</posx>
		    <posy>70</posy>
            <visible>!Window.IsVisible(3065)</visible>
		    <include>DialogVisibility</include>
		    <animation effect="fade" start="100" end="0" time="200" condition="Window.IsVisible(3067)">Conditional</animation>
		    <include>Animation.SlideOpen.Left</include>
		    <control type="label" id="2" description="Info Label">
                <posx>1514</posx>
                <posy>210</posy>
                <aligny>top</aligny>
                <width>690</width>
                <font>Font-ViewCategory</font>
                <label>$LOCALIZE[20077]</label>
                <animation effect="rotate" start="0" end="270" condition="true" center="1514,210">Conditional</animation>
                <animation effect="fade" end="25" condition="true">Conditional</animation>
            </control>
        </control>

		<control type="group">
			<posy>160</posy>
			<animation effect="fade" start="100" end="0" time="400" condition="Window.IsVisible(SliderDialog) | Window.IsVisible(FileBrowser)">Conditional</animation>
			<animation effect="slide" start="0" end="-233" time="200" condition="Window.IsVisible(3067)">Conditional</animation>
            <include>DialogVisibility</include>
            <include>Animation.FadeIn</include>
            <include>Animation.FadeOut</include>
            <include>DefSettingsSeparator</include>
            <visible>!Window.IsVisible(3065)</visible>
 
            <control type="grouplist" id="3">
                <description>Control Area</description>
                <onright>5</onright>
				
				<onup>3</onup>
				<ondown>3</ondown>
                <include>DefSettingsLeftGroup</include>
				<onleft>SetProperty(movement,1,settings)</onleft>
				<onleft>$VAR[DefSettingsOnLeft]</onleft>
				
                <control type="togglebutton" id="37" description="HomeTiles">
                    <label>31208</label>
                    <align>left</align>
                    <textcolor>Disabled</textcolor>
                    <usealttexture>ControlGroup(3).HasFocus(37)</usealttexture>
                    <alttexturenofocus colordiffuse="PosterBorder-NF" border="5">common/border-inner.png</alttexturenofocus>
                </control>
                <control type="togglebutton" id="32" description="Background">
                    <label>31202</label>
                    <align>left</align>
                    <textcolor>Disabled</textcolor>
                    <usealttexture>ControlGroup(3).HasFocus(32)</usealttexture>
                    <alttexturenofocus colordiffuse="PosterBorder-NF" border="5">common/border-inner.png</alttexturenofocus>
                </control>
                
                <control type="togglebutton" id="38" description="Fanart">
                    <label>$LOCALIZE[20445]</label>
                    <align>left</align>
                    <textcolor>Disabled</textcolor>
                    <usealttexture>ControlGroup(3).HasFocus(38)</usealttexture>
                    <alttexturenofocus colordiffuse="PosterBorder-NF" border="5">common/border-inner.png</alttexturenofocus>
                </control>
                <control type="togglebutton" id="33" description="Movies Hub">
                    <label>31179</label>
                    <align>left</align>
                    <textcolor>Disabled</textcolor>
                    <usealttexture>ControlGroup(3).HasFocus(33)</usealttexture>
                    <alttexturenofocus colordiffuse="PosterBorder-NF" border="5">common/border-inner.png</alttexturenofocus>
                </control>
                <control type="togglebutton" id="35" description="TV Hub">
                    <label>31180</label>
                    <align>left</align>
                    <textcolor>Disabled</textcolor>
                    <usealttexture>ControlGroup(3).HasFocus(35)</usealttexture>
                    <alttexturenofocus colordiffuse="PosterBorder-NF" border="5">common/border-inner.png</alttexturenofocus>
                </control>
                <control type="togglebutton" id="34" description="OSD">
                    <label>478</label>
                    <align>left</align>
                    <textcolor>Disabled</textcolor>
                    <usealttexture>ControlGroup(3).HasFocus(34)</usealttexture>
                    <alttexturenofocus colordiffuse="PosterBorder-NF" border="5">common/border-inner.png</alttexturenofocus>
                </control>
                <control type="togglebutton" id="36" description="Add-ons">
                    <label>24001</label>
                    <align>left</align>
                    <textcolor>Disabled</textcolor>
                    <usealttexture>ControlGroup(3).HasFocus(36)</usealttexture>
                    <alttexturenofocus colordiffuse="PosterBorder-NF" border="5">common/border-inner.png</alttexturenofocus>
                </control>
            </control>
            
            <control type="textbox">
			    <include>Animation.FadeIn</include>
			    <include>Animation.FadeOut</include>
			    <posx>285</posx>
                <width>1376</width>
                <posy>685</posy>
                <height>105</height>
				<align>justify</align>
				<font>Font-ListInfo-Small</font>
				<textcolor>Disabled</textcolor>
				<label>...</label>
			</control>

            <control type="grouplist" id="5">
                <description>Control Area</description>
                <include>DefSettingsRightGroup</include>
				<onleft>3</onleft>
				<onright>ClearProperty(movement,settings)</onright>
                <onright>$VAR[DefSettingsOnRight]</onright>
				<onup>5</onup>
				<ondown>5</ondown>
               
                
                <!----------------------->
                <!-- Background Window -->
                <!----------------------->
                <control type="radiobutton" id="209">
                    <label>31198</label>
                    <width>1063</width>
                    <radioposx>984</radioposx>
                    <align>left</align>
                    <font>Font-ListInfo</font>
                    <onclick>Skin.ToggleSetting(home.showinfoonwidget)</onclick>
                    <selected>Skin.HasSetting(home.showinfoonwidget)</selected>
                    <visible>ControlGroup(3).HasFocus(32)</visible>
                    <texturefocus border="12">common/border-inner-highlight.png</texturefocus>
                </control>
                <control type="radiobutton" id="216">
                    <label>31209</label>
                    <width>1063</width>
                    <radioposx>984</radioposx>
                    <align>left</align>
                    <font>Font-ListInfo</font>
                    <onclick>Skin.ToggleSetting(home.usemixedglobalwidget)</onclick>
                    <selected>Skin.HasSetting(home.usemixedglobalwidget)</selected>
                    <visible>ControlGroup(3).HasFocus(32)</visible>
                    <texturefocus border="12">common/border-inner-highlight.png</texturefocus>
                </control>
                <control type="button" id="206">
                    <label>31149</label>
                    <width>1063</width>
                    <align>left</align>
                    <font>Font-ListInfo</font>
                    <label2>$INFO[Skin.String(home.fanart)]</label2>
                    <onclick>Skin.SetPath(home.fanart)</onclick>
                    <enable>!Skin.HasSetting(home.usemixedglobalwidget)</enable>
                    <visible>ControlGroup(3).HasFocus(32)</visible>
                    <texturefocus border="12">common/border-inner-highlight.png</texturefocus>
                </control>
                <control type="button" id="210">
                    <label>31203</label>
                    <width>1063</width>
                    <align>left</align>
                    <font>Font-ListInfo</font>
                    <enable>!IsEmpty(Skin.String(home.fanart)) + !Skin.HasSetting(home.usemixedglobalwidget)</enable>
                    <onclick>Skin.Reset(home.fanart)</onclick>
                    <visible>ControlGroup(3).HasFocus(32)</visible>
                    <texturefocus border="12">common/border-inner-highlight.png</texturefocus>
                </control>
                
                <control type="radiobutton" id="208">
                    <label>31195</label>
                    <width>1063</width>
                    <radioposx>984</radioposx>
                    <align>left</align>
                    <font>Font-ListInfo</font>
                    <onclick>Skin.ToggleSetting(home.widgetdown)</onclick>
                    <selected>!Skin.HasSetting(home.widgetdown)</selected>
                    <visible>ControlGroup(3).HasFocus(32)</visible>
                    <texturefocus border="12">common/border-inner-highlight.png</texturefocus>
                </control>
                
                <control type="button" id="241">
                    <label>$LOCALIZE[31222] $NUMBER[1]</label>
                    <width>1063</width>
                    <align>left</align>
                    <font>Font-ListInfo</font>
                    <onclick>SetProperty(item,home.501,3065)</onclick>
                    <onclick>ActivateWindow(3065)</onclick>
                    <visible>ControlGroup(3).HasFocus(32)</visible>
                    <texturefocus border="12">common/border-inner-highlight.png</texturefocus>
                </control>
                
                <control type="button" id="242">
                    <label>$LOCALIZE[31222] $NUMBER[2]</label>
                    <width>1063</width>
                    <align>left</align>
                    <font>Font-ListInfo</font>
                    <onclick>SetProperty(item,home.502,3065)</onclick>
                    <onclick>ActivateWindow(3065)</onclick>
                    <visible>ControlGroup(3).HasFocus(32)</visible>
                    <texturefocus border="12">common/border-inner-highlight.png</texturefocus>
                </control>
                
                <control type="button" id="243">
                    <label>$LOCALIZE[31222] $NUMBER[3]</label>
                    <width>1063</width>
                    <align>left</align>
                    <font>Font-ListInfo</font>
                    <onclick>SetProperty(item,home.503,3065)</onclick>
                    <onclick>ActivateWindow(3065)</onclick>
                    <visible>ControlGroup(3).HasFocus(32)</visible>
                    <texturefocus border="12">common/border-inner-highlight.png</texturefocus>
                </control>
                
                <control type="button" id="244">
                    <label>$LOCALIZE[31222] $NUMBER[4]</label>
                    <width>1063</width>
                    <align>left</align>
                    <font>Font-ListInfo</font>
                    <onclick>SetProperty(item,home.50143065)</onclick>
                    <onclick>ActivateWindow(3065)</onclick>
                    <visible>ControlGroup(3).HasFocus(32)</visible>
                    <texturefocus border="12">common/border-inner-highlight.png</texturefocus>
                </control>
                
                
                
                <!---------------->
                <!-- Home Tiles -->
                <!---------------->
                
                <control type="button" id="201">
                    <label>31164</label>
                    <width>1063</width>
                    <align>left</align>
                    <font>Font-ListInfo</font>
                    <onclick>ActivateWindow(3063)</onclick>
                    <visible>ControlGroup(3).HasFocus(37)</visible>
                    <texturefocus border="12">common/border-inner-highlight.png</texturefocus>
                </control>
                
                
                <control type="radiobutton" id="213">
                    <label>31204</label>
                    <width>1063</width>
                    <radioposx>984</radioposx>
                    <align>left</align>
                    <font>Font-ListInfo</font>
                    <onclick>Skin.ToggleSetting(home.matchcolor)</onclick>
                    <selected>Skin.HasSetting(home.matchcolor)</selected>
                    <enable>!Skin.HasSetting(home.talltiles) + !Skin.HasSetting(home.monochromemode)</enable>
                    <visible>ControlGroup(3).HasFocus(37)</visible>
                    <texturefocus border="12">common/border-inner-highlight.png</texturefocus>
                </control>
                
                <control type="radiobutton" id="212">
                    <label>31205</label>
                    <width>1063</width>
                    <radioposx>984</radioposx>
                    <align>left</align>
                    <font>Font-ListInfo</font>
                    <onclick>Skin.ToggleSetting(home.dontfade)</onclick>
                    <enable>!Skin.HasSetting(home.talltiles) + !Skin.HasSetting(home.monochromemode)</enable>
                    <selected>Skin.HasSetting(home.dontfade)</selected>
                    <visible>ControlGroup(3).HasFocus(37)</visible>
                    <texturefocus border="12">common/border-inner-highlight.png</texturefocus>
                </control>
                
                <control type="radiobutton" id="214">
                    <label>31206</label>
                    <width>1063</width>
                    <radioposx>984</radioposx>
                    <align>left</align>
                    <font>Font-ListInfo</font>
                    <onclick>Skin.ToggleSetting(home.monochromemode)</onclick>
                    <selected>Skin.HasSetting(home.monochromemode)</selected>
                    <enable>!Skin.HasSetting(home.talltiles)</enable>
                    <visible>ControlGroup(3).HasFocus(37)</visible>
                    <texturefocus border="12">common/border-inner-highlight.png</texturefocus>
                </control>
                
                <control type="radiobutton" id="215">
                    <label>31217</label>
                    <width>1063</width>
                    <radioposx>984</radioposx>
                    <align>left</align>
                    <font>Font-ListInfo</font>
                    <onclick>Skin.ToggleSetting(home.314.enabled)</onclick>
                    <selected>Skin.HasSetting(home.314.enabled)</selected>
                    <visible>ControlGroup(3).HasFocus(37)</visible>
                    <texturefocus border="12">common/border-inner-highlight.png</texturefocus>
                </control>
                
                <control type="radiobutton" id="202">
                    <label>31178</label>
                    <width>1063</width>
                    <radioposx>984</radioposx>
                    <align>left</align>
                    <font>Font-ListInfo</font>
                    <onclick>Skin.ToggleSetting(home.talltiles)</onclick>
                    <onclick>Skin.Reset(home.dontfade)</onclick>
                    <onclick>Skin.Reset(home.matchcolor)</onclick>
                    <selected>Skin.HasSetting(home.talltiles)</selected>
                    <visible>ControlGroup(3).HasFocus(37)</visible>
                    <texturefocus border="12">common/border-inner-highlight.png</texturefocus>
                </control>
                
                
               
                <!---------------->
                <!-- Movies Hub -->
                <!---------------->
                <control type="button" id="301">
                    <label>31141</label>
                    <label2>$VAR[MovieWidgetLabel]</label2>
                    <width>1063</width>
                    <align>left</align>
                    <font>Font-ListInfo</font>
                    <onclick condition="!stringcompare(Skin.String(movie.widget),playlist) + !stringcompare(Skin.String(movie.widget),recommended)">Skin.SetString(movie.widget,recommended)</onclick>
                    <onclick condition="stringcompare(Skin.String(movie.widget),playlist)">Skin.SetString(movie.widget,random)</onclick>
                    <onclick condition="stringcompare(Skin.String(movie.widget),recommended)">Skin.SetString(movie.widget,playlist)</onclick>
                    <visible>ControlGroup(3).HasFocus(33)</visible>
                    <texturefocus border="12">common/border-inner-highlight.png</texturefocus>
                </control>
                
                <control type="button" id="302">
                    <label>  -  $LOCALIZE[559]</label>
                    <label2>$INFO[Skin.String(movie.widget.playlist)]</label2>
                    <width>1063</width>
                    <align>left</align>
                    <font>Font-ListInfo</font>
                    <onclick>Skin.SetFile(movie.widget.playlist,.xsp|.m3u,special://profile/playlists/video/)</onclick>
                    <visible>ControlGroup(3).HasFocus(33)</visible>
                    <enable>stringcompare(Skin.String(movie.widget),playlist)</enable>
                    <texturefocus border="12">common/border-inner-highlight.png</texturefocus>
                </control>
                
                <control type="button" id="303">
                    <label>$LOCALIZE[31186] 1</label>
                    <label2>$INFO[Skin.String(moviehub.1.Label)]</label2>
                    <onclick>SetProperty(item,moviehub.1,3067)</onclick>
                    <onclick>ActivateWindow(3067)</onclick>
                    <width>1063</width>
                    <align>left</align>
                    <font>Font-ListInfo</font>
                    <visible>ControlGroup(3).HasFocus(33)</visible>
                    <texturefocus border="12">common/border-inner-highlight.png</texturefocus>
                </control>
                
                <control type="button" id="304">
                    <label>$LOCALIZE[31186] 2</label>
                    <label2>$INFO[Skin.String(moviehub.2.Label)]</label2>
                    <onclick>SetProperty(item,moviehub.2,3067)</onclick>
                    <onclick>ActivateWindow(3067)</onclick>
                    <width>1063</width>
                    <align>left</align>
                    <font>Font-ListInfo</font>
                    <visible>ControlGroup(3).HasFocus(33)</visible>
                    <texturefocus border="12">common/border-inner-highlight.png</texturefocus>
                </control>
                
                <control type="button" id="305">
                    <label>$LOCALIZE[31186] 3</label>
                    <label2>$INFO[Skin.String(moviehub.3.Label)]</label2>
                    <onclick>SetProperty(item,moviehub.3,3067)</onclick>
                    <onclick>ActivateWindow(3067)</onclick>
                    <width>1063</width>
                    <align>left</align>
                    <font>Font-ListInfo</font>
                    <visible>ControlGroup(3).HasFocus(33)</visible>
                    <texturefocus border="12">common/border-inner-highlight.png</texturefocus>
                </control>
                <!--
                <control type="radiobutton" id="306">
                    <label>31199</label>
                    <width>1063</width>
                    <radioposx>984</radioposx>
                    <align>left</align>
                    <font>Font-ListInfo</font>
                    <onclick>Skin.ToggleSetting(home.disablehubs)</onclick>
                    <selected>Skin.HasSetting(home.disablehubs)</selected>
                    <visible>ControlGroup(3).HasFocus(33)</visible>
                    <texturefocus border="12">common/border-inner-highlight.png</texturefocus>
                </control>
                -->
                
                
                <!---------------->
                <!-- TVshow Hub -->
                <!---------------->
                
                <control type="button" id="501">
                    <label>31142</label>
                    <label2>$VAR[TvShowWidgetLabel]</label2>
                    <width>1063</width>
                    <align>left</align>
                    <font>Font-ListInfo</font>
                    <onclick condition="!stringcompare(Skin.String(tvshow.widget),playlist) + !stringcompare(Skin.String(tvshow.widget),recommended)">Skin.SetString(tvshow.widget,recommended)</onclick>
                    <onclick condition="stringcompare(Skin.String(tvshow.widget),playlist)">Skin.SetString(tvshow.widget,random)</onclick>
                    <onclick condition="stringcompare(Skin.String(tvshow.widget),recommended)">Skin.SetString(tvshow.widget,playlist)</onclick>
                    
                    <visible>ControlGroup(3).HasFocus(35)</visible>
                    <texturefocus border="12">common/border-inner-highlight.png</texturefocus>
                </control>
                
                <control type="button" id="502">
                    <label>  -  $LOCALIZE[559]</label>
                    <label2>$INFO[Skin.String(tvshow.widget.playlist)]</label2>
                    <width>1063</width>
                    <align>left</align>
                    <font>Font-ListInfo</font>
                    <onclick>Skin.SetFile(tvshow.widget.playlist,.xsp|.m3u,special://profile/playlists/video/)</onclick>
                    <visible>ControlGroup(3).HasFocus(35)</visible>
                    <enable>stringcompare(Skin.String(tvshow.widget),playlist)</enable>
                    <texturefocus border="12">common/border-inner-highlight.png</texturefocus>
                </control>
                
                <control type="button" id="503">
                    <label>$LOCALIZE[31186] 1</label>
                    <label2>$INFO[Skin.String(tvshowhub.1.Label)]</label2>
                    <onclick>SetProperty(item,tvshowhub.1,3067)</onclick>
                    <onclick>ActivateWindow(3067)</onclick>
                    <width>1063</width>
                    <align>left</align>
                    <font>Font-ListInfo</font>
                    <visible>ControlGroup(3).HasFocus(35)</visible>
                    <texturefocus border="12">common/border-inner-highlight.png</texturefocus>
                </control>
                
                <control type="button" id="504">
                    <label>$LOCALIZE[31186] 2</label>
                    <label2>$INFO[Skin.String(tvshowhub.2.Label)]</label2>
                    <onclick>SetProperty(item,tvshowhub.2,3067)</onclick>
                    <onclick>ActivateWindow(3067)</onclick>
                    <width>1063</width>
                    <align>left</align>
                    <font>Font-ListInfo</font>
                    <visible>ControlGroup(3).HasFocus(35)</visible>
                    <texturefocus border="12">common/border-inner-highlight.png</texturefocus>
                </control>
                
                <control type="button" id="505">
                    <label>$LOCALIZE[31186] 3</label>
                    <label2>$INFO[Skin.String(tvshowhub.3.Label)]</label2>
                    <onclick>SetProperty(item,tvshowhub.3,3067)</onclick>
                    <onclick>ActivateWindow(3067)</onclick>
                    <width>1063</width>
                    <align>left</align>
                    <font>Font-ListInfo</font>
                    <visible>ControlGroup(3).HasFocus(35)</visible>
                    <texturefocus border="12">common/border-inner-highlight.png</texturefocus>
                </control>
                
                <!--
                <control type="radiobutton" id="506">
                    <label>31199</label>
                    <width>1063</width>
                    <radioposx>984</radioposx>
                    <align>left</align>
                    <font>Font-ListInfo</font>
                    <onclick>Skin.ToggleSetting(home.disablehubs)</onclick>
                    <selected>Skin.HasSetting(home.disablehubs)</selected>
                    <visible>ControlGroup(3).HasFocus(35)</visible>
                    <texturefocus border="12">common/border-inner-highlight.png</texturefocus>
                </control>
                -->
                
                <!------------>
                <!-- FANART -->
                <!------------>
                
                <control type="radiobutton" id="802">
                    <label>31146</label>
                    <width>1063</width>
                    <radioposx>984</radioposx>
                    <align>left</align>
                    <font>Font-ListInfo</font>
                    
                    <onclick>Skin.ToggleSetting(disable.fanart)</onclick>
                    <selected>!Skin.HasSetting(disable.fanart)</selected>
                    <visible>ControlGroup(3).HasFocus(38)</visible>
                    <texturefocus border="12">common/border-inner-highlight.png</texturefocus>
                </control>
                <control type="radiobutton" id="803">
                    <label>31185</label>
                    <width>1063</width>
                    <radioposx>984</radioposx>
                    <align>left</align>
                    <font>Font-ListInfo</font>
                    <onclick>Skin.ToggleSetting(fanart.showmore)</onclick>
                    <selected>Skin.HasSetting(fanart.showmore)</selected>
                    <visible>ControlGroup(3).HasFocus(38)</visible>
                    <texturefocus border="12">common/border-inner-highlight.png</texturefocus>
                </control>
                <control type="radiobutton" id="832">
                    <label>31145</label>
                    <width>1063</width>
                    <radioposx>984</radioposx>
                    <align>left</align>
                    <font>Font-ListInfo</font>
                    
                    <onclick>Skin.ToggleSetting(disable.bgvideo)</onclick>
                    <selected>!Skin.HasSetting(disable.bgvideo)</selected>
                    <visible>ControlGroup(3).HasFocus(38)</visible>
                    <texturefocus border="12">common/border-inner-highlight.png</texturefocus>
                </control>
                <control type="radiobutton" id="805">
                    <label>31210</label>
                    <width>1063</width>
                    <radioposx>984</radioposx>
                    <align>left</align>
                    <font>Font-ListInfo</font>
                    <onclick>Skin.ToggleSetting(show.silhouette)</onclick>
                    <selected>Skin.HasSetting(show.silhouette)</selected>
                    <visible>ControlGroup(3).HasFocus(38)</visible>
                    <texturefocus border="12">common/border-inner-highlight.png</texturefocus>
                </control>
                
                
                <control type="radiobutton" id="825">
                    <label>31218</label>
                    <width>1063</width>
                    <radioposx>984</radioposx>
                    <align>left</align>
                    <font>Font-ListInfo</font>
                    <onclick>Skin.ToggleSetting(purplefade)</onclick>
                    <selected>Skin.HasSetting(purplefade)</selected>
                    <visible>ControlGroup(3).HasFocus(38)</visible>
                    <texturefocus border="12">common/border-inner-highlight.png</texturefocus>
                </control>
                <control type="button" id="801">
                    <label>31138</label>
                    <width>1063</width>
                    <align>left</align>
                    <font>Font-ListInfo</font>
                    <onclick>Skin.SetPath(weather.fanart)</onclick>
                    <visible>ControlGroup(3).HasFocus(38)</visible>
                    <texturefocus border="12">common/border-inner-highlight.png</texturefocus>
                </control>
                
                <!--------->
                <!-- OSD -->
                <!--------->
                <control type="radiobutton" id="401">
                    <label>31139</label>
                    <width>1063</width>
                    <radioposx>984</radioposx>
                    <align>left</align>
                    <font>Font-ListInfo</font>
                    
                    <onclick>Skin.ToggleSetting(ArtistSlideShow.Enabled)</onclick>
                    <selected>Skin.HasSetting(ArtistSlideShow.Enabled)</selected>
                    <visible>ControlGroup(3).HasFocus(34)</visible>
                    <texturefocus border="12">common/border-inner-highlight.png</texturefocus>
                </control>
                <control type="radiobutton" id="402">
                    <label>$LOCALIZE[31140]</label>
                    <width>1063</width>
                    <radioposx>984</radioposx>
                    <align>left</align>
                    <font>Font-ListInfo</font>
                    <disabledcolor>PanelFG-NF</disabledcolor>
                    <onclick>Skin.ToggleSetting(OSDVisualisation.ShowFanart)</onclick>
                    <selected>Skin.HasSetting(OSDVisualisation.ShowFanart)</selected>
                    <visible>ControlGroup(3).HasFocus(34)</visible>
                    <enable>Skin.HasSetting(ArtistSlideShow.Enabled)</enable>
                    <animation effect="fade" start="100" end="25" time="150" condition="!Control.IsEnabled(402)">Conditional</animation>
                    <texturefocus border="12">common/border-inner-highlight.png</texturefocus>
                </control>
                <control type="radiobutton" id="403">
                    <label>31161</label>
                    <width>1063</width>
                    <radioposx>984</radioposx>
                    <align>left</align>
                    <font>Font-ListInfo</font>
                    
                    <onclick>Skin.ToggleSetting(disable.pvricon)</onclick>
                    <selected>!Skin.HasSetting(disable.pvricon)</selected>
                    <visible>ControlGroup(3).HasFocus(34)</visible>
                    <texturefocus border="12">common/border-inner-highlight.png</texturefocus>
                </control>
                
                <control type="radiobutton" id="404">
                    <label>31162</label>
                    <width>1063</width>
                    <radioposx>984</radioposx>
                    <align>left</align>
                    <font>Font-ListInfo</font>
                    
                    <onclick>Skin.ToggleSetting(showdetailedosdinfo)</onclick>
                    <selected>Skin.HasSetting(showdetailedosdinfo)</selected>
                    <visible>ControlGroup(3).HasFocus(34)</visible>
                    <texturefocus border="12">common/border-inner-highlight.png</texturefocus>
                </control>
                
                <control type="radiobutton" id="405">
                    <label>31216</label>
                    <width>1063</width>
                    <radioposx>984</radioposx>
                    <align>left</align>
                    <font>Font-ListInfo</font>
                    
                    <onclick>Skin.ToggleSetting(hide.clearartosd)</onclick>
                    <selected>!Skin.HasSetting(hide.clearartosd)</selected>
                    <visible>ControlGroup(3).HasFocus(34)</visible>
                    <texturefocus border="12">common/border-inner-highlight.png</texturefocus>
                </control>
                
                <!------------>
                <!-- ADDONS -->
                <!------------>
                <control type="radiobutton" id="601">
                    <label>31144</label>
                    <width>1063</width>
                    <radioposx>984</radioposx>
                    <align>left</align>
                    <font>Font-ListInfo</font>
                    <onclick>Skin.ToggleSetting(ActivateTvTunes)</onclick>
                    <selected>Skin.HasSetting(ActivateTvTunes)</selected>
                    <visible>ControlGroup(3).HasFocus(36)</visible>
                    <texturefocus border="12">common/border-inner-highlight.png</texturefocus>
                </control>
                <control type="radiobutton" id="602">
                    <label>13305</label>
                    <width>1063</width>
                    <radioposx>984</radioposx>
                    <align>left</align>
                    <font>Font-ListInfo</font>
                    <onclick>Skin.ToggleSetting(disable.rss)</onclick>
                    <selected>!Skin.HasSetting(disable.rss)</selected>
                    <visible>ControlGroup(3).HasFocus(36)</visible>
                    <texturefocus border="12">common/border-inner-highlight.png</texturefocus>
                </control>
                <control type="radiobutton" id="603">
                    <label>31188</label>
                    <width>1063</width>
                    <radioposx>984</radioposx>
                    <align>left</align>
                    <font>Font-ListInfo</font>
                    <onclick>Skin.ToggleSetting(rss.tvnextaired)</onclick>
                    <selected>Skin.HasSetting(rss.tvnextaired)</selected>
                    <visible>ControlGroup(3).HasFocus(36)</visible>
                    <enable>!Skin.HasSetting(disable.rss)</enable>
                    <texturefocus border="12">common/border-inner-highlight.png</texturefocus>
                </control>
                <control type="radiobutton" id="604">
                    <label>31189</label>
                    <width>1063</width>
                    <radioposx>984</radioposx>
                    <align>left</align>
                    <font>Font-ListInfo</font>
                    <onclick>Skin.ToggleSetting(NextAired.Update)</onclick>
                    <selected>Skin.HasSetting(NextAired.Update)</selected>
                    <visible>ControlGroup(3).HasFocus(36)</visible>
                    <texturefocus border="12">common/border-inner-highlight.png</texturefocus>
                </control>
                <control type="radiobutton" id="623">
                    <label>31177</label>
                    <width>1063</width>
                    <radioposx>984</radioposx>
                    <align>left</align>
                    <font>Font-ListInfo</font>
                    
                    <onclick>Skin.ToggleSetting(disable.weatherheader)</onclick>
                    <selected>!Skin.HasSetting(disable.weatherheader)</selected>
                    <visible>ControlGroup(3).HasFocus(36)</visible>
                    <texturefocus border="12">common/border-inner-highlight.png</texturefocus>
                </control>
                <control type="radiobutton" id="605">
                    <label>31184</label>
                    <width>1063</width>
                    <radioposx>984</radioposx>
                    <align>left</align>
                    <font>Font-ListInfo</font>
                    <onclick>Skin.ToggleSetting(home.autopop)</onclick>
                    <selected>Skin.HasSetting(home.autopop)</selected>
                    <visible>ControlGroup(3).HasFocus(36)</visible>
                    <texturefocus border="12">common/border-inner-highlight.png</texturefocus>
                </control>
                
                 <control type="radiobutton" id="631">
                    <label>654</label>
                    <width>1063</width>
                    <radioposx>984</radioposx>
                    <align>left</align>
                    <font>Font-ListInfo</font>
                    <onclick>Skin.ToggleSetting(HideDebugInfo)</onclick>
                    <selected>!Skin.HasSetting(HideDebugInfo)</selected>
                    <visible>ControlGroup(3).HasFocus(36)</visible>
                    <texturefocus border="12">common/border-inner-highlight.png</texturefocus>
                </control>
                <control type="radiobutton" id="632">
                    <label>31137</label>
                    <width>1063</width>
                    <radioposx>984</radioposx>
                    <align>left</align>
                    <font>Font-ListInfo</font>
                    <onclick>Skin.ToggleSetting(skin.init)</onclick>
                    <selected>!Skin.HasSetting(skin.init)</selected>
                    <visible>ControlGroup(3).HasFocus(36)</visible>
                    <texturefocus border="12">common/border-inner-highlight.png</texturefocus>
                </control>
                
            </control>
        </control>
        
        <!--<control type="scrollbar" id="60">
		    <posx>650</posx>
            <posy>280</posy>
            <height>549</height>
            <texturesliderbar colordiffuse="PosterBorder">common/white.png</texturesliderbar>
            <onleft>3</onleft>
            <include>DialogVisibility</include>
            <onright>ClearProperty(movement,settings)</onright>
            <onright>$VAR[DefSettingsOnRight]</onright>
            <include>Animation.SlideOpen.Left</include>
            <animation effect="fade" start="100" end="0" time="200" condition="Window.IsVisible(3067)">Conditional</animation>
            <animation effect="fade" start="100" end="20" time="300" condition="!Control.HasFocus(60)">Conditional</animation>
        </control>-->

		<include>GlobalTopBar</include>
        
        

	</controls>
</window>
