<?xml version="1.0" encoding="UTF-8"?>
<!-- Foundation -->
<window id="129">

	<defaultcontrol always="true">22</defaultcontrol>

	<allowoverlay>no</allowoverlay>



	<controls>
	
	    <control type="group">
			<posy>210</posy>
            <visible>!Window.IsVisible(SmartPlaylistRule.xml)</visible>
                        
            <include>Animation.FadeIn</include>
            <include>Animation.FadeOut</include>

			<control type="label" id="2">
				<description>Settings</description>
				<include>DefSettingsHeader</include>
				<label>21432</label>
			</control>
			
            <include>DefSettingsSeparator</include>
            
            
            <control type="grouplist" id="3">
				<description>Control Area</description>
				<onright>5</onright>
				<usecontrolcoords>true</usecontrolcoords>
				<include>DefSettingsLeftGroup</include>
                                
                <control type="button" id="20">
                    <description>Buttons</description>
                    <width>384</width>
                    <label>186</label>
                    <align>left</align>
                </control>
                <control type="button" id="21">
                    <description>Buttons</description>
                    <width>384</width>
                    <label>222</label>
                    <align>left</align>
                </control>
                
                <control type="button" id="13">
                    <posy>69</posy>
					<description>Add Rule Button</description>
					<width>384</width>
					<label>15019</label>
					<align>right</align>
				</control>
				
				<control type="button" id="14">
					<description>Remove Rule Button</description>
					<width>384</width>
					<label>1210</label>
					<align>right</align>
				</control>

				<control type="button" id="15">
					<description>Edit Rule Button</description>
					<width>384</width>
					<label>21435</label>
					<align>right</align>
				</control>
				
				
			</control>
			
			
			
			
			<control type="grouplist" id="5">
				<description>Control Area</description>
				<usecontrolcoords>true</usecontrolcoords>
				<height>690</height>
				<width>1420</width>
				<onleft>3</onleft>
				<include>DefSettingsRightGroup</include>

				<control type="spincontrolex" id="22">
                    <description>Set Playlist type</description>
                    <label>467</label>
                    <align>left</align>
                    <reverse>yes</reverse>
                    <ondown>10</ondown>
                    <width>1020</width>
                </control>
                <control type="group" id="9997">
                    <height>204</height>
                    <onup>22</onup>
                    <ondown>10</ondown>
                    <control type="label">
                        <posx>30</posx>
                        <description>Name Label</description>
                        <label>21433</label>
                        <width>1020</width>
                    </control>
                    <control type="button" id="12">
                        <align>right</align>
                        <description>Name Button</description>
                        <width>1020</width>
                        <height>66</height>
                        <font>Font-ListInfo</font>
                        <onup>22</onup>
                        <ondown>10</ondown>
                    </control>
                    <control type="label">
                        <posy>138</posy>
                        <posx>30</posx>
                        <description>rules label</description>
                        <width>1020</width>
                        <align>left</align>
                        <label>21434</label>
                        <textcolor>TopBarIcon</textcolor>
                    </control>
                </control>
                
                

                <control type="list" id="10">
                    <description>Rules List Control</description>
                    <width>1020</width>
                    <height>138</height>
                    <onup>12</onup>
                    <onleft>13</onleft>
                    <ondown>16</ondown>
                    <itemlayout width="840" height="69">
                        <control type="label">
                            <posx>30</posx>
                            <posy>0</posy>
                            <width>780</width>
                            <info>ListItem.Label</info>
                            <textcolor>TopBarIcon</textcolor>
                        </control>
                    </itemlayout>
                    <focusedlayout width="840" height="69">
                        <control type="image">
                            <height>66</height>
                            <width>1020</width>
                            <texture border="5" colordiffuse="PosterBorder">common/border-inner.png</texture>
                            <visible>Control.HasFocus(10)</visible>
                        </control>
                        <control type="label">
                            <posx>30</posx>
                            <posy>0</posy>
                            <width>780</width>
                            <info>ListItem.Label</info>
                            <visible>Control.HasFocus(10)</visible>
                        </control>
                        <control type="label">
                            <posx>30</posx>
                            <posy>0</posy>
                            <width>780</width>
                            <info>ListItem.Label</info>
                            <textcolor>TopBarIcon</textcolor>
                            <selectedcolor>Highlight</selectedcolor>
                            <visible>!Control.HasFocus(10)</visible>
                        </control>
                    </focusedlayout>
                </control>
                <control type="spincontrolex" id="16">
                    <label>21424</label>
                    <ondown>17</ondown>
                    <width>1020</width>
                </control>

                <control type="spincontrolex" id="17">
                    <label>21427</label>
                    <ondown>18</ondown>
                    <width>1020</width>
                </control>

                <control type="spincontrolex" id="18">
                    <width>840</width>
                    <label>21429</label>
                    
                </control>

                <control type="togglebutton" id="19">
                    <posx>855</posx>
                    <posy>-69</posy>
                    <width>255</width>
                    <label>21431</label>
                    <altlabel>21430</altlabel>
                    <alttexturefocus>-</alttexturefocus>
                    <alttexturenofocus>-</alttexturenofocus>
                </control>
                
                
			</control>
		</control>

	</controls>



</window>