<?xml version="1.0" encoding="UTF-8"?>
<!-- Foundation -->
<window id="129">

	<defaultcontrol always="true">9001</defaultcontrol>

	<allowoverlay>no</allowoverlay>



	<controls>
        <control type="group">
            <visible>!Window.IsVisible(DialogSelect.xml)</visible>
		    <posx>360</posx>
			<posy>210</posy>
            <include>Animation.FadeIn</include>
            <include>Animation.FadeOut</include>


			<control type="label">
				<description>header label</description>
				<posx>30</posx>
				<posy>27</posy>
				<width>1140</width>
				<align>center</align>
				<font>Font-DialogHeader</font>
				<textcolor>TopBarIcon</textcolor>
				<label>21421</label>
			</control>



			<control type="label">

				<description>Rule match label</description>

				<posx>60</posx>

				<posy>75</posy>

				<width>1080</width>

				<align>center</align>

                <textureup colordiffuse="TopBarIcon" flipy="true">buttons/spin-down.png</textureup>
                <texturedown colordiffuse="TopBarIcon">buttons/spin-down.png</texturedown>
                <textureupfocus colordiffuse="Highlight" flipy="true">buttons/spin-down.png</textureupfocus>
                <texturedownfocus colordiffuse="Highlight">buttons/spin-down.png</texturedownfocus>
				<label>21422</label>

			</control>



			<control type="group" id="9001">



				<control type="spincontrolex" id="15">

					<description>Rule Field</description>

					<posx>15</posx>

					<posy>150</posy>

					<width>563</width>

					<font>-</font>

					<onright>16</onright>

					<onleft>16</onleft>

					<onup>9000</onup>

					<ondown>17</ondown>
                    <textureup colordiffuse="TopBarIcon" flipy="true">buttons/spin-down.png</textureup>
                    <texturedown colordiffuse="TopBarIcon">buttons/spin-down.png</texturedown>
                    <textureupfocus colordiffuse="Highlight" flipy="true">buttons/spin-down.png</textureupfocus>
                    <texturedownfocus colordiffuse="Highlight">buttons/spin-down.png</texturedownfocus>
				</control>



				<control type="label">

					<description>Rule Field label</description>

					<posx>30</posx>

					<posy>150</posy>

					<width>450</width>

					<label>$INFO[Control.GetLabel(15)]</label>
				</control>



				<control type="spincontrolex" id="16">

					<description>Rule operator</description>

					<posx>623</posx>

					<posy>150</posy>

					<width>563</width>

					<font>-</font>

					<onright>15</onright>

					<onleft>15</onleft>

					<onup>9000</onup>

					<ondown>17</ondown>
                    <textureup colordiffuse="TopBarIcon" flipy="true">buttons/spin-down.png</textureup>
                    <texturedown colordiffuse="TopBarIcon">buttons/spin-down.png</texturedown>
                    <textureupfocus colordiffuse="Highlight" flipy="true">buttons/spin-down.png</textureupfocus>
                    <texturedownfocus colordiffuse="Highlight">buttons/spin-down.png</texturedownfocus>
				</control>



				<control type="label">

					<description>Rule Field label</description>

					<posx>638</posx>

					<posy>150</posy>

					<width>300</width>

					<label>$INFO[Control.GetLabel(16)]</label>
				</control>



			</control>



			<control type="button" id="17">

				<description>Value Button</description>

				<posx>30</posx>

				<posy>234</posy>

				<width>878</width>

				<label>-</label>

				<onup>9001</onup>

				<onleft>20</onleft>

				<onright>20</onright>

				<ondown>9000</ondown>
			</control>



			<control type="button" id="20">

				<description>Browse Button</description>

				<posx>915</posx>

				<posy>234</posy>

				<width>255</width>

				<label>1024</label>

				<onup>9001</onup>

				<onleft>17</onleft>

				<onright>17</onright>

				<ondown>9000</ondown>
			</control>



			<control type="group" id="9000">



				<control type="button" id="18">

					<description>Ok Button</description>

					<posx>278</posx>

					<posy>338</posy>

					<width>300</width>

					<label>186</label>

					<onup>17</onup>

					<onleft>19</onleft>

					<onright>19</onright>

					<ondown>9001</ondown>

				</control>



				<control type="button" id="19">

					<description>Cancel Button</description>

					<posx>623</posx>

					<posy>338</posy>

					<width>300</width>

					<label>222</label>

					<onup>17</onup>

					<onleft>18</onleft>

					<onright>19</onright>

					<ondown>9001</ondown>
					
				</control>



			</control>



		</control>

	</controls>



</window>