﻿<?xml version="1.0" encoding="UTF-8"?>
<!-- Foundation -->
<window>
    <defaultcontrol always="true">9315</defaultcontrol>
    <onload>ClearProperty(homefocus,home)</onload>
	<controls>
	    <control type="image">
            <include>Dimensions_Fullscreen</include>
            <texture colordiffuse="Background">common/white.png</texture>
        </control>
        <control type="button" id="9314">
            
            <visible allowhiddenfocus="true">false</visible>
                        
            <onfocus>Skin.ResetSettings</onfocus>
            <onfocus>Skin.SetBool(home.showinfoonwidget)</onfocus>
            
            <!-- 301 Item -->
            <onfocus>Skin.SetBool(home.301.enabled)</onfocus>
            <onfocus>Skin.SetString(home.301.bgcolor,ff555555)</onfocus>
            <onfocus>Skin.SetString(home.301.icon,special://skin/extras/icons/film.png)</onfocus>
            <onfocus>Skin.SetString(home.301.path,ActivateWindow(3201))</onfocus>
            <onfocus>Skin.SetString(home.301.label,$LOCALIZE[20342])</onfocus>
            <onfocus>Skin.SetString(home.301.bgwidget.type,$LOCALIZE[31109])</onfocus>
            <onfocus>Skin.SetString(home.301.bgwidget,videodb://recentlyaddedmovies/)</onfocus>
            
            <!-- 302 Item -->
            <onfocus>Skin.SetBool(home.302.enabled)</onfocus>
            <onfocus>Skin.SetString(home.302.bgcolor,ff555555)</onfocus>
            <onfocus>Skin.SetString(home.302.icon,special://skin/extras/icons/tv.png)</onfocus>
            <onfocus>Skin.SetString(home.302.path,ActivateWindow(3202))</onfocus>
            <onfocus>Skin.SetString(home.302.label,$LOCALIZE[20343])</onfocus>
            <onfocus>Skin.SetString(home.302.bgwidget.type,$LOCALIZE[31109])</onfocus>
            <onfocus>Skin.SetString(home.302.bgwidget,videodb://recentlyaddedepisodes/)</onfocus>
            
            <!-- 303 Item -->
            <onfocus>Skin.SetBool(home.303.enabled)</onfocus>
            <onfocus>Skin.SetString(home.303.bgcolor,ff555555)</onfocus>
            <onfocus>Skin.SetString(home.303.icon,special://skin/extras/icons/songs.png)</onfocus>
            <onfocus>Skin.SetString(home.303.path,ActivateWindow(3203))</onfocus>
            <onfocus>Skin.SetString(home.303.label,$LOCALIZE[2])</onfocus>
            
            <!-- 304 Item -->
            <onfocus>Skin.SetBool(home.304.enabled)</onfocus>
            <onfocus>Skin.SetString(home.304.bgcolor,ff555555)</onfocus>
            <onfocus>Skin.SetString(home.304.icon,special://skin/extras/icons/livetv.png)</onfocus>
            <onfocus>Skin.SetString(home.304.path,ActivateWindowAndFocus(MyPVR, 32,0, 11,0))</onfocus>
            <onfocus>Skin.SetString(home.304.label,$LOCALIZE[31104])</onfocus>
            
            <!-- 305 Item -->
            <onfocus>Skin.SetBool(home.305.enabled)</onfocus>
            <onfocus>Skin.SetString(home.305.bgcolor,ff555555)</onfocus>
            <onfocus>Skin.SetString(home.305.icon,special://skin/extras/icons/pictures.png)</onfocus>
            <onfocus>Skin.SetString(home.305.path,ActivateWindow(Pictures))</onfocus>
            <onfocus>Skin.SetString(home.305.label,$LOCALIZE[1])</onfocus>
            
            <!-- 306 Item -->
            <onfocus>Skin.SetBool(home.306.enabled)</onfocus>
            <onfocus>Skin.SetString(home.306.bgcolor,ff555555)</onfocus>
            <onfocus>Skin.SetString(home.306.icon,special://skin/extras/icons/addons.png)</onfocus>
            <onfocus>Skin.SetString(home.306.path,ActivateWindow(Programs))</onfocus>
            <onfocus>Skin.SetString(home.306.label,$LOCALIZE[0])</onfocus>
            
            <!-- 307 Item -->
            <onfocus>Skin.SetBool(home.307.enabled)</onfocus>
            <onfocus>Skin.SetString(home.307.bgcolor,ff555555)</onfocus>
            <onfocus>Skin.SetString(home.307.icon,special://skin/extras/icons/sun.png)</onfocus>
            <onfocus>Skin.SetString(home.307.path,ActivateWindow(Weather))</onfocus>
            <onfocus>Skin.SetString(home.307.label,$LOCALIZE[8])</onfocus>
            
            <!-- 308 Item -->
            <onfocus>Skin.SetBool(home.308.enabled)</onfocus>
            <onfocus>Skin.SetString(home.308.bgcolor,ff555555)</onfocus>
            <onfocus>Skin.SetString(home.308.icon,special://skin/extras/icons/search.png)</onfocus>
            <onfocus>Skin.SetString(home.308.path,RunScript(script.globalsearch))</onfocus>
            <onfocus>Skin.SetString(home.308.label,$LOCALIZE[137])</onfocus>
            
            <!-- 309 Item -->
            <onfocus>Skin.SetBool(home.309.enabled)</onfocus>
            <onfocus>Skin.SetString(home.309.bgcolor,ff555555)</onfocus>
            <onfocus>Skin.SetString(home.309.icon,special://skin/extras/icons/youtube.png)</onfocus>
            <onfocus>Skin.SetString(home.309.path,ActivateWindow(10025,"plugin://plugin.video.youtube/",return))</onfocus>
            <onfocus>Skin.SetString(home.309.label,$LOCALIZE[31102])</onfocus>
            
            <!-- 310 Item -->
            <onfocus>Skin.SetBool(home.310.enabled)</onfocus>
            <onfocus>Skin.SetString(home.310.bgcolor,ff555555)</onfocus>
            <onfocus>Skin.SetString(home.310.icon,special://skin/extras/icons/video-addons.png)</onfocus>
            <onfocus>Skin.SetString(home.310.path,ActivateWindow(Videos,addons://sources/video/,return))</onfocus>
            <onfocus>Skin.SetString(home.310.label,$LOCALIZE[24001])</onfocus>
            
            <!-- 311 Item -->
            <onfocus>Skin.SetBool(home.311.enabled)</onfocus>
            <onfocus>Skin.SetString(home.311.bgcolor,ff555555)</onfocus>
            <onfocus>Skin.SetString(home.311.icon,special://skin/extras/icons/database.png)</onfocus>
            <onfocus>Skin.SetString(home.311.path,ActivateWindow(3))</onfocus>
            <onfocus>Skin.SetString(home.311.label,$LOCALIZE[1214])</onfocus>
            
            <!-- 312 Item -->
            <onfocus>Skin.SetBool(home.312.enabled)</onfocus>
            <onfocus>Skin.SetString(home.312.bgcolor,ff555555)</onfocus>
            <onfocus>Skin.SetString(home.312.icon,special://skin/extras/icons/favourites.png)</onfocus>
            <onfocus>Skin.SetString(home.312.path,ActivateWindow(favourites))</onfocus>
            <onfocus>Skin.SetString(home.312.label,$LOCALIZE[1036])</onfocus>
            
            <!-- 313 Item -->
            <onfocus>Skin.SetBool(home.313.enabled)</onfocus>
            <onfocus>Skin.SetString(home.313.bgcolor,ff555555)</onfocus>
            <onfocus>Skin.SetString(home.313.icon,special://skin/extras/icons/settings.png)</onfocus>
            <onfocus>Skin.SetString(home.313.path,ActivateWindow(settings))</onfocus>
            <onfocus>Skin.SetString(home.313.label,$LOCALIZE[5])</onfocus>
            
            <!-- 314 Item -->
            <onfocus>Skin.SetBool(home.314.enabled)</onfocus>
            <onfocus>Skin.SetString(home.314.bgcolor,ff752555)</onfocus>
            <onfocus>Skin.SetString(home.314.icon,special://skin/extras/icons/power.png)</onfocus>
            <onfocus>Skin.SetString(home.314.path,ActivateWindow(shutdownmenu))</onfocus>
            <onfocus>Skin.SetString(home.314.label,$LOCALIZE[33060])</onfocus>
            
            <!-- Other Item Colours -->
            <onfocus>Skin.SetString(home.320.bgcolor,ff555555)</onfocus>
            <onfocus>Skin.SetString(home.321.bgcolor,ff555555)</onfocus>
            <onfocus>Skin.SetString(home.322.bgcolor,ff555555)</onfocus>
            <onfocus>Skin.SetString(home.323.bgcolor,ff555555)</onfocus>
            <onfocus>Skin.SetString(home.324.bgcolor,ff555555)</onfocus>
            <onfocus>Skin.SetString(home.325.bgcolor,ff555555)</onfocus>
            <onfocus>Skin.SetString(home.326.bgcolor,ff555555)</onfocus>
            <onfocus>Skin.SetString(home.327.bgcolor,ff555555)</onfocus>
            <onfocus>Skin.SetString(home.328.bgcolor,ff555555)</onfocus>
            <onfocus>Skin.SetString(home.329.bgcolor,ff555555)</onfocus>
            
            <!-- Init Complete -->
            <onfocus>Skin.SetBool(skin.init)</onfocus>
            <onfocus>Skin.SetBool(disable.bgvideo)</onfocus>
            <onfocus>Skin.SetBool(HideDebugInfo)</onfocus>
            <onfocus>Skin.SetBool(showdetailedosdinfo)</onfocus>
            <onfocus>Skin.SetBool(disable.pvricon)</onfocus>
            <onfocus>SetFocus(9315)</onfocus>
            
        </control>
        <control type="button" id="9315">
            <visible allowhiddenfocus="true">false</visible>
            <onfocus condition="!Skin.HasSetting(skin.init)">SetFocus(9314)</onfocus>
            <onfocus condition="Skin.HasSetting(skin.init) + Skin.HasSetting(NextAired.Update) + Library.HasContent(tvshows)">RunScript(script.tv.show.next.aired,silent=True)</onfocus>
            <onfocus condition="Skin.HasSetting(skin.init)">AlarmClock(GoHome,ReplaceWindow(home),00:01,silent,false)</onfocus>
        </control>
        <control type="label">
            <description>Loading</description>
            <posy>200</posy>
            <width>1920</width>
            <align>center</align>
            <aligny>top</aligny>
            <label>e</label>
            <font>Font-Startup</font>
        </control>
        <control type="label">
            <description>Loading</description>
            <posy>600</posy>
            <width>1920</width>
            <align>center</align>
            <aligny>top</aligny>
            <label>[COLOR=Highlight]$LOCALIZE[31194][/COLOR]  eminence</label>
            <font>Font-ListInfo</font>
        </control>
    </controls>
</window>
