<?xml version="1.0" encoding="UTF-8"?>
<!-- Foundation -->
<window id="2005">
	<defaultcontrol>-</defaultcontrol>
	<controls>
	
        <!--<control type="label" id="1">
            <description>Chapter Pos No</description>
            <left>20</left>
            <top>30</top>
            <width>110</width>
            <height>20</height>
            <align>center</align>
            <aligny>center</aligny>
            <label>$INFO[player.chapter]$INFO[player.chaptercount, / ]</label>
        </control>-->
        <control type="group" id="0">
            <left>0</left>
            <include>Animation.FadeIn</include>
            <include>Animation.FadeOut</include>
            <control type="image">
                <width>1920</width>
                <height>448</height>
                <texture colordiffuse="7F000000" flipy="false">common/gradient.png</texture>
                
            </control>
            <control type="grouplist">
                <posx>16</posx>
                <posy>16</posy>
                <orientation>vertical</orientation>
                <control type="label" id="10">
                    <description>row 1 label</description>
                    <width>auto</width>
                    <height>75</height>
                    <align>left</align>
                    <aligny>top</aligny>
                    <label>-</label>
                </control>
                <control type="label" id="11">
                    <description>row 2 label</description>

                    <height>75</height>
                    <width>auto</width>
                    <align>left</align>
                    <aligny>top</aligny>
                    <label>-</label>
                </control>
                <control type="label" id="12">
                    <description>row 3 label</description>
                    <width>auto</width>
                    <height>75</height>
                    <align>left</align>
                    <aligny>top</aligny>
                    <label>-</label>
                </control>
            </control>
        </control>
	        	
	</controls>

</window>