<?xml version="1.0" encoding="UTF-8"?>
<!-- Foundation -->
<window id="2901">
	<include condition="Player.PauseEnabled">OSDPauseFocus</include>
    <include condition="!Player.PauseEnabled">OSDStopFocus</include>
	<allowoverlay>yes</allowoverlay>
    <zorder>5</zorder>
    
    <onunload>ClearProperty(fullscreeninfo,seekbar)</onunload>
    
	<controls>
	    <control type="group">
	        <posy>8</posy>
	        
	        <visible>!Window.IsVisible(DialogPVRChannelsOSD.xml)</visible>
	        <animation type="WindowOpen" reversible="false">
	            <effect type="slide" start="0,64" end="0" time="200"/>
                <effect type="fade" start="0" end="100" delay="150" time="200"/>
            </animation>
            <animation type="Visible">
                <effect type="fade" start="0" end="100" time="200"/>
                <effect type="slide" start="0,64" end="0" time="200"/>
            </animation>
            <animation type="Hidden">
                <effect type="fade" end="0" start="100" time="200"/>
                <effect type="slide" end="0,64" start="0" time="200"/>
            </animation>
            <animation type="Conditional" condition="!IsEmpty(Window(home).Property(closeosd))">
                <effect type="fade" end="0" start="100" time="100"/>
                <effect type="slide" end="0,64" start="0" time="75"/>
                <effect type="zoom" start="100" end="100" time="300"/>
            </animation>
            <animation type="WindowClose">
                <effect type="fade" end="0" start="100" time="200"/>
                <effect type="slide" end="0,64" start="0" time="200"/>
            </animation>
            
            <include condition="!VideoPlayer.Content(MusicVideos)">VideoOSDLeft</include>
            <include condition="VideoPlayer.Content(MusicVideos)">MusicOSDLeft</include>
                
            <control type="grouplist" id="101">
            
                <posy>1008</posy>
                <width>1920</width>
                <height>48</height>
                <itemgap>16</itemgap>
                <orientation>horizontal</orientation>
                <align>center</align>
                <onleft>3</onleft>
                <onright>4</onright>
                <ondown>-</ondown>

                <control type="button" id="12">
                    <description>Skip Back</description>
                    <width>48</width>
                    <height>48</height>
                    <label>210</label>
                    <font>-</font>
                    <include>DefOSDUpDown</include>
                    <texturefocus colordiffuse="Highlight" flipx="true">osd/next.png</texturefocus>
                    <texturenofocus colordiffuse="PanelFG-NF" flipx="true">osd/next.png</texturenofocus>
                    <onclick>PlayerControl(Previous)</onclick>
                </control>

                <control type="button" id="13">
                    <description>Rewind</description>
                    <width>48</width>
                    <height>48</height>
                    <label>31036</label>
                    <font>-</font>
                    <include>DefOSDUpDown</include>
                    <texturefocus colordiffuse="Highlight" flipx="true">osd/ff.png</texturefocus>
                    <texturenofocus colordiffuse="PanelFG-NF" flipx="true">osd/ff.png</texturenofocus>
                    <onclick>PlayerControl(Rewind)</onclick>
                    <enable>Player.SeekEnabled</enable>
                    <animation effect="fade" start="100" end="33" time="100" condition="!Player.SeekEnabled">Conditional</animation>
                </control>

                <control type="togglebutton" id="14">
                    <description>Play/Pause</description>
                    <width>48</width>
                    <height>48</height>
                    <label>31037</label>
                    <altlabel>208</altlabel>
                    <font>-</font>
                    <include>DefOSDUpDown</include>
                    <texturefocus colordiffuse="Highlight">osd/pause.png</texturefocus>
                    <texturenofocus colordiffuse="PanelFG-NF">osd/pause.png</texturenofocus>
                    <usealttexture>Player.Paused | Player.Forwarding | Player.Rewinding</usealttexture>
                    <alttexturefocus colordiffuse="Highlight">osd/play.png</alttexturefocus>
                    <alttexturenofocus colordiffuse="PanelFG-NF">osd/play.png</alttexturenofocus>
                    <onclick>PlayerControl(Play)</onclick>
                    <enable>Player.PauseEnabled</enable>
                    <animation effect="fade" start="100" end="33" time="100" condition="!Player.PauseEnabled">Conditional</animation>
                </control>

                <control type="button" id="15">
                    <description>Stop</description>
                    <width>48</width>
                    <height>48</height>
                    <label>31038</label>
                    <font>-</font>
                    <include>DefOSDUpDown</include>
                    <texturefocus colordiffuse="Highlight">osd/stop.png</texturefocus>
                    <texturenofocus colordiffuse="PanelFG-NF">osd/stop.png</texturenofocus>
                    <onclick>PlayerControl(Stop)</onclick>
                </control>

                <control type="button" id="16">
                    <description>Fast Forward</description>
                    <width>48</width>
                    <height>48</height>
                    <label>31039</label>
                    <font>-</font>
                    <include>DefOSDUpDown</include>
                    <texturefocus colordiffuse="Highlight">osd/ff.png</texturefocus>
                    <texturenofocus colordiffuse="PanelFG-NF">osd/ff.png</texturenofocus>
                    <onclick>PlayerControl(Forward)</onclick>
                    <enable>Player.SeekEnabled</enable>
                    <animation effect="fade" start="100" end="33" time="100" condition="!Player.SeekEnabled">Conditional</animation>
                </control>

                <control type="button" id="17">
                    <description>Next</description>
                    <width>48</width>
                    <height>48</height>
                    <label>209</label>
                    <font>-</font>
                    <include>DefOSDUpDown</include>
                    <texturefocus colordiffuse="Highlight">osd/next.png</texturefocus>
                    <texturenofocus colordiffuse="PanelFG-NF">osd/next.png</texturenofocus>
                    <onclick>PlayerControl(Next)</onclick>
                </control>
                
                <control type="button" id="9002">
                    <width>48</width>
                    <height>48</height>
                    <font>-</font>
                    <include>DefOSDUpDown</include>
                    <texturefocus colordiffuse="Highlight">osd/eject.png</texturefocus>
                    <texturenofocus colordiffuse="PanelFG-NF">osd/eject.png</texturenofocus>
                    <onclick>EjectTray()</onclick>
                    <visible>System.HasMediadvd</visible>
                </control>
                <include condition="!Window.IsVisible(fullscreenvideo) + !Window.IsVisible(visualisation)">VideoOSDFullscreen</include>
            
            </control>
            <control type="grouplist" id="102">
                <visible>Window.IsVisible(fullscreenvideo)</visible>
            
                <posx>728r</posx>
                <posy>1008</posy>
                <height>48</height>
                <width>696</width>
                <itemgap>0</itemgap>
                <orientation>horizontal</orientation>
                <align>right</align>
                <onleft>17</onleft>
                <onright>1</onright>
                <onup>-</onup>
                <ondown>-</ondown>

                <include condition="VideoPlayer.Content(LiveTV)">LiveTVOSDRight</include>
                <include condition="!VideoPlayer.Content(LiveTV) + !VideoPlayer.Content(MusicVideos)">VideoOSDRight</include>
                <include condition="!VideoPlayer.Content(LiveTV) + VideoPlayer.Content(MusicVideos)">VideoMusicOSDRight</include>
            </control>
            
		</control>
	</controls>

</window>
