<?xml version="1.0" encoding="UTF-8"?>
<!-- Foundation -->
<includes>

	<include name="View_50_List">
		<description>List View (id=50)</description>
        <control type="group" description="SideLabel">
            <visible>Control.IsVisible(50)</visible>
            <include>Animation.ViewChange</include>     
            <include>DefSideLabel</include> 
        </control>
        <control type="group" description="ListView">
            <posx>listpad</posx>
            <posy>listy</posy>
            <visible>Control.IsVisible(50)</visible>
            <include>Animation.ViewChange</include>     
            <control type="scrollbar" id="60">
                <posx>-26</posx>
                <height>globalh</height>
                <include>DefScrollBarMove</include>
                <animation effect="fade" start="100" end="25" time="400" condition="!Control.HasFocus(60)">Conditional</animation>
                <animation effect="fade" start="100" end="0" condition="[!IntegerGreaterThan(Container.NumPages,1) + !Control.HasFocus(60)] | ControlGroup(9000).HasFocus()">Conditional</animation>
            </control>      
            <control type="list" id="50">
                <width>listw</width>
                <height>globalh</height>
                <onleft>60</onleft>
                <onright>9000</onright>
                <onup>50</onup>
                <ondown>50</ondown>
                <include>DefOnBack</include>
                <pagecontrol>60</pagecontrol>
                <viewtype label="535">list</viewtype>
                <scrolltime tween="quadratic">400</scrolltime>

                <itemlayout width="listw" height="listh">
                    <control type="group">
                        <control type="group">
                            <visible>Container.Content(movies) | Container.Content(episodes) | Container.Content(songs) | Container.Content(seasons) | Container.Content(tvshows)</visible>
                            <control type="group">
                                <posx>10</posx>
                                <posy>8</posy>
                                <include>WatchedImage</include>
                            </control>
                            <control type="label">
                                <posx>64</posx>
                                <width>900</width>
                                <font>Font-Button</font>
                                <label>$VAR[VARLabel]</label>
                            </control>
                        </control>
                        <control type="label">
                            <posx>30</posx>
                            <width>900</width>
                            <font>Font-Button</font>
                            <label>$VAR[VARLabel]</label>
                            <visible>!Container.Content(movies) + !Container.Content(episodes) + !Container.Content(songs) + !Container.Content(seasons) + !Container.Content(tvshows)</visible>
                        </control>
                        <control type="label">
                            <posx>30r</posx>
                            <width>900</width>
                            <font>Font-ListInfo-Small</font>
                            <align>right</align>
                            <label>$INFO[ListItem.Label2]</label>
                        </control>
                    </control>
    

                </itemlayout>

                <focusedlayout width="listw" height="listh">
                    <control type="group">
                        <control type="group">
                            <visible>Control.HasFocus(50)</visible>
                            <control type="image">
                                <height>listh</height>
                                <width>listw</width>
                                <texture border="12" flipx="false">common/border-inner-highlight.png</texture>
                                <animation condition="Container(50).OnNext" reversible="false" effect="slide" start="0,-33" end="0,0" time="300" tween="back" easing="out">Focus</animation>
                                <animation condition="Container(50).OnPrevious" reversible="false" effect="slide" start="0,33" end="0,0" time="300" tween="back" easing="out">Focus</animation>
                            </control>
                            <control type="group">
                                <visible>Container.Content(movies) | Container.Content(episodes) | Container.Content(songs) | Container.Content(seasons) | Container.Content(tvshows)</visible>
                                <control type="group">
                                <posx>10</posx>
                                <posy>8</posy>
                                <include>WatchedImage</include>
                            </control>
                                <control type="label">
                                    <posx>64</posx>
                                    <width>900</width>
                                    <font>Font-Button</font>
                                    <label>$VAR[VARLabel]</label>
                                    <textcolor>PanelFG</textcolor>
                                </control>
                            </control>
                            <control type="label">
                                <posx>30</posx>
                                <width>900</width>
                                <font>Font-Button</font>
                                <label>$VAR[VARLabel]</label>
                                <textcolor>PanelFG</textcolor>
                                <visible>![Container.Content(movies) | Container.Content(episodes) | Container.Content(songs) | Container.Content(seasons) | Container.Content(tvshows)]</visible>
                            </control>
                            <control type="label">
                                <posx>30r</posx>
                                <width>900</width>
                                <font>Font-ListInfo-Small</font>
                                <align>right</align>
                                <label>$INFO[ListItem.Label2]</label>
                                <textcolor>PanelFG</textcolor>
                            </control>
                        </control>
                        <control type="group">
                            <visible>!Control.HasFocus(50)</visible>
                            <control type="group">
                                <visible>Container.Content(movies) | Container.Content(episodes) | Container.Content(songs) | Container.Content(seasons) | Container.Content(tvshows)</visible>
                                <control type="group">
                                    <posx>10</posx>
                                    <posy>8</posy>
                                    <include>WatchedImage</include>
                                </control>
                                <control type="label">
                                    <posx>64</posx>
                                    <width>900</width>
                                    <font>Font-Button</font>
                                    <label>$VAR[VARLabel]</label>
                                </control>
                            </control>
                            <control type="label">
                                <posx>30</posx>
                                <width>900</width>
                                <font>Font-Button</font>
                                <label>$VAR[VARLabel]</label>
                                <visible>![Container.Content(movies) | Container.Content(episodes) | Container.Content(songs) | Container.Content(seasons) | Container.Content(tvshows)]</visible>
                            </control>
                            <control type="label">
                                <posx>30r</posx>
                                <width>900</width>
                                <font>Font-ListInfo-Small</font>
                                <align>right</align>
                                <label>$INFO[ListItem.Label2]</label>
                            </control>
                        </control>
                    </control>
                </focusedlayout>

            </control>
            
            
            <control type="group" description="List Info">
                <posx>listw</posx>
                <control type="group">
                    <posx>globalpad</posx>
                    <control type="image">
                        <height>globalh</height>
                        <width>bigposterwborder</width>
                        <texture border="5" colordiffuse="PosterBorder">common/border-inner.png</texture>
                    </control>
                    <control type="group" description="SQUARE">
                        <visible>!Container.Content(seasons) + !Container.Content(sets) + !Container.Content(movies) + !Container.Content(episodes) + !Container.Content(tvshows) + !stringcompare(ListItem.Label,..)</visible>
                        <posx>globalpad</posx>
                        <control type="image">
                            <posy>globalpad</posy>
                            <width>bigposterw</width>
                            <height>bigposterw</height>
                            <texture background="true">$VAR[PosterImage]</texture>
                            <aspectratio>scale</aspectratio>
                        </control>
                        <control type="textbox">
                            <posx>globalpad</posx>
                            <posy>470</posy>
                            <height>200</height>
                            <width>bigposterwplot</width>
                            <textcolor>Selected</textcolor>
                            <align>justify</align>
                            <font>Font-ListInfo</font>
                            <label>$VAR[PlotBox]</label>
                        </control>
                        <control type="button" id="21001">
                            <visible allowhiddenfocus="false">false</visible>
                            <posx>0</posx>
                            <posy>0</posy>
                            <height>1</height>
                            <width>1</width>
                            <textcolor>Selected</textcolor>
                            <align>justify</align>
                            <font>Font-ListInfo</font>
                            <label>$VAR[PlotBox]</label>
                        </control>
                        <control type="group">
                            <visible>IsEmpty(Control.GetLabel(21001)</visible>
                            <control type="textbox">
                                <posx>globalpad</posx>
                                <posy>480</posy>
                                <height>80</height>
                                <width>bigposterwplot</width>
                                <align>center</align>
                                <font>Font-Button</font>
                                <textcolor>Selected</textcolor>
                                <label>$VAR[VARLabel]</label>
                            </control>
                            <control type="textbox">
                                <posx>globalpad</posx>
                                <posy>580</posy>
                                <height>80</height>
                                <width>bigposterwplot</width>
                                <align>center</align>
                                <font>Font-ListInfo</font>
                                <textcolor>Selected</textcolor>
                                <label>$INFO[ListItem.Label2]</label>
                            </control>
                        </control>
                    </control>
                    <control type="group" description="POSTER">
                        <visible>[!Skin.HasSetting(listview.tvinfo) + Container.Content(tvshows)] | [!Skin.HasSetting(listview.info) + Container.Content(movies)] | stringcompare(ListItem.Label,..) | Container.Content(seasons) | Container.Content(sets)</visible>
                        <posx>globalpad</posx>
                        <control type="image">
                            <posy>globalpad</posy>
                            <width>bigposterw</width>
                            <height>bigposterh</height>
                            <texture background="true">$VAR[PosterImage]</texture>
                            <aspectratio>scale</aspectratio>
                        </control>
                        <control type="label">
                            <posy>globalh</posy>
                            <height>59</height>
                            <width>bigposterw</width>
                            <align>center</align>
                            <font>Font-ListInfo-Small</font>
                            <label>$VAR[ExtraInfo]</label>
                        </control>
                    </control>
                    <control type="group" description="INFO">
                        <visible>[Container.Content(episodes) | [Skin.HasSetting(listview.tvinfo) + Container.Content(tvshows)] | [Skin.HasSetting(listview.info) + Container.Content(movies)]] + !stringcompare(ListItem.Label,..)</visible>
                        <posx>globalpad</posx>
                        <height>bigposterhborder</height>
                        <control type="image">
                            <posy>globalpad</posy>
                            <width>bigposterw</width>
                            <height>bigposterhfanart</height>
                            <texture background="true">$VAR[FanartImage]</texture>
                            <aspectratio>scale</aspectratio>
                        </control>
                        <control type="group">
                            <posy>bigposterhfanart</posy>
                            <control type="label">
                                <posx>globalpad</posx>
                                <posy>20</posy>
                                <height>70</height>
                                <width>bigposterwplot</width>
                                <align>left</align>
                                <font>Font-ListHeader</font>
                                <label>$INFO[ListItem.TvShowTitle]</label>
                                <visible>Container.Content(episodes)</visible>
                            </control>
                            <control type="label">
                                <posx>globalpad</posx>
                                <posy>20</posy>
                                <height>70</height>
                                <width>bigposterwplot</width>
                                <align>left</align>
                                <font>Font-ListHeader</font>
                                <label>$INFO[ListItem.Label]</label>
                                <visible>!Container.Content(episodes)</visible>
                            </control>
                            <control type="textbox">
                                <posy>90</posy>
                                <posx>globalpad</posx>
                                <height>275</height>
                                <width>bigposterwplot</width>
                                <align>justify</align>
                                <font>Font-ListInfo</font>
                                <label>$VAR[PlotBox]</label>
                            </control>
                        </control>
                        <control type="label">
                            <bottom>globalpad</bottom>
                            <height>59</height>
                            <width>bigposterw</width>
                            <align>center</align>
                            <font>Font-ListInfo-Small</font>
                            <label>$VAR[ExtraInfo]</label>
                        </control>
                    </control>
                </control>
            </control>
            
        </control>

	</include>

</includes>
