<?xml version="1.0" encoding="UTF-8"?>
<!-- Foundation -->
<includes>

	<include name="View_53_Wide">
	
        <control type="group">
            <visible>Control.IsVisible(53)</visible>
            <include>Animation.ViewChange</include>     
            <include>DefSideLabel</include>       
            <control type="panel" id="53">
                <posx>listx</posx>
                <posy>listy</posy>
                <width>1458</width>
                <height>700</height>
                <onleft>60</onleft>
                <onright condition="Container.Content(songs) + !Window.IsVisible(MyMusicNav.xml)">Back</onright>
                <onright condition="![Container.Content(songs) + !Window.IsVisible(MyMusicNav.xml)]">9000</onright>
                <onup>53</onup>
                <ondown>53</ondown>
                <include>DefOnBack</include>
                <pagecontrol>60</pagecontrol>
                <viewtype label="539">list</viewtype>
                <scrolltime tween="quadratic">400</scrolltime>
                <orientation>vertical</orientation>

                <itemlayout width="threecollist" height="fivelinelist">

                    <control type="image">
                        <width>threecolborder</width>
                        <height>fivelineborder</height>
                        <texture colordiffuse="PosterBorder" border="5">common/border-inner.png</texture>
                    </control>
                    <control type="image">
                        <posx>globalpad</posx>
                        <posy>globalpad</posy>  
                        <width>fiveline</width>
                        <height>fiveline</height>
                        <texture background="true">$VAR[SquareImage]</texture>
                        <aspectratio>scale</aspectratio>
                    </control>
                    <control type="label">
                        <posx>30r</posx>
                        <posy>15</posy>
                        <width>310</width>
                        <align>right</align>
                        <aligny>center</aligny>
                        <textcolor>PanelFG</textcolor>
                        <label>$VAR[VARLabel]</label>
                        <animation effect="slide" end="0,18" condition="IsEmpty(ListItem.Label2)">Conditional</animation>
                    </control>
                    <control type="label">
                        <posx>30r</posx>
                        <posy>48</posy>
                        <width>310</width>
                        <align>right</align>
                        <aligny>center</aligny>
                        <textcolor>PanelFG</textcolor>
                        <font>Font-ListInfo-Small</font>
                        <label>$VAR[WatchedLabel,,   ]$INFO[ListItem.Label2]</label>
                    </control>

                </itemlayout>

                <focusedlayout width="threecollist" height="fivelinelist">

                    <control type="image">
                        <width>threecolborder</width>
                        <height>fivelineborder</height>
                        <texture colordiffuse="PosterHighlight" border="5">common/border-inner.png</texture>
                    </control>
                    <control type="image">
                        <posx>globalpad</posx>
                        <posy>globalpad</posy>  
                        <width>fiveline</width>
                        <height>fiveline</height>
                        <texture background="true">$VAR[SquareImage]</texture>
                        <aspectratio>scale</aspectratio>
                    </control>
                    <control type="label">
                        <posx>30r</posx>
                        <posy>15</posy>
                        <width>310</width>
                        <align>right</align>
                        <aligny>center</aligny>
                        <textcolor>Selected</textcolor>
                        <label>$VAR[VARLabel]</label>
                        <animation effect="slide" end="0,18" condition="IsEmpty(ListItem.Label2)">Conditional</animation>
                    </control>
                    <control type="label">
                        <posx>30r</posx>
                        <posy>48</posy>
                        <width>310</width>
                        <align>right</align>
                        <aligny>center</aligny>
                        <textcolor>Selected</textcolor>
                        <font>Font-ListInfo-Small</font>
                        <label>$VAR[WatchedLabel,,   ]$INFO[ListItem.Label2]</label>
                    </control>

                </focusedlayout>

            </control>
            <control type="scrollbar" id="60">
                <posx>-8</posx>
                <posy>listy</posy>
                <height>globalh</height>
                <include>DefScrollBarMove</include>
                <animation effect="fade" start="100" end="25" time="400" condition="!Control.HasFocus(60) + !Container.Scrolling">Conditional</animation>
                <animation effect="fade" start="100" end="0" condition="!IntegerGreaterThan(Container.NumPages,1) + !Control.HasFocus(60)">Conditional</animation>

            </control>
        </control>

	</include>

</includes>
