<?xml version="1.0" encoding="UTF-8"?>
<!-- Foundation -->
<includes>
    <constant name="infolistw">1201</constant>
    <constant name="infolistx">247</constant>
    <include name="57ListContent">
        <control type="group">
            <visible>Container.Content(movies) | Container.Content(episodes) | Container.Content(songs) | Container.Content(seasons) | Container.Content(tvshows)</visible>
            
            <control type="group">
                <posx>10</posx>
                <posy>8</posy>
                <include>WatchedImage</include>
                <animation effect="fade" start="100" end="50" condition="true">Conditional</animation>
            </control>
            <control type="label">
                <posx>64</posx>
                <width>900</width>
                <font>Font-Button</font>
                <label>$VAR[VARLabel]</label>
            </control>
        </control>
        <control type="label">
            <posx>30</posx>
            <width>900</width>
            <font>Font-Button</font>
            <label>$VAR[VARLabel]</label>
            <visible>!Container.Content(movies) + !Container.Content(episodes) + !Container.Content(songs) + !Container.Content(seasons) + !Container.Content(tvshows)</visible>
        </control>
        <control type="label">
            <posx>30r</posx>
            <width>900</width>
            <font>Font-ListInfo-Small</font>
            <align>right</align>
            <label>$INFO[ListItem.Label2]</label>
        </control>
    </include>
	<include name="View_57_InfoList">
	
		<description>List View (id=57)</description>
        <control type="group">
            <visible>Control.IsVisible(57)</visible>
            <include>Animation.ViewChange</include>     
            <include>DefSideLabel</include> 
              
            <control type="group">
                <posx>listx</posx>
                <posy>listy</posy>
                <control type="image">
                    <posx>0</posx>
                    <posy>354</posy>
                    <width>860</width>
                    <height>335</height>
                    <texture border="5" colordiffuse="PosterBorder">common/border-inner.png</texture>
                </control>

                <control type="group">
                    <posy>354</posy>
                    <posx>870</posx>
                    <control type="image">
                        <width>578</width>
                        <height>335</height>
                        <texture border="5" colordiffuse="PosterBorder">common/border-inner.png</texture>
                    </control>
                    <control type="image">
                        <posx>globalpad</posx>
                        <posy>globalpad</posy>
                        <width>558</width>
                        <height>315</height>
                        <texture>$VAR[FanartImage]</texture>
                        <aspectratio>scale</aspectratio>
                    </control>
                </control>
              
                <control type="image">
                    <posy>0</posy>
                    <width>237</width>
                    <height>345</height>
                    <texture border="5" colordiffuse="PosterBorder">common/border-inner.png</texture>
                </control>
                <control type="grouplist">
                    <orientation>vertical</orientation>
                    <posx>20</posx>
                    <posy>370</posy>
                    <width>820</width>
                    <height>312</height>
                    <itemgap>4</itemgap>
                    <control type="label">
                        <width>800</width>
                        <height>44</height>
                        <aligny>top</aligny>
                        <label>$INFO[ListItem.Label]</label>
                        <font>Font-ListHeader</font>
                    </control>
                    <control type="label">
                        <width>820</width>
                        <height>46</height>
                        <aligny>top</aligny>
                        <label>$VAR[ExtraInfo]</label>
                        <font>Font-ListInfo-Small</font>
                    </control>
                    <control type="textbox">
                        <width>820</width>
                        <height>200</height>
                        <label>$INFO[ListItem.Plot]</label>
                        <font>Font-ListInfo</font>
                        <align>justify</align>
                    </control>
                </control>
                
                <control type="group">
                    <posy>0</posy>
    
                    <control type="image">
                        <posx>globalpad</posx>
                        <posy>globalpad</posy>
                        <width>217</width>
                        <height>325</height>
                        <fadetime>200</fadetime>
                        <texture background="true">$VAR[PosterImage]</texture>
                        <aspectratio aligny="top">scale</aspectratio>
                        <bordertexture border="1" colordiffuse="BorderColor">common/border.png</bordertexture>
                        <bordersize>1</bordersize>
                    </control>
                </control>
                <control type="image">
                    <posx>infolistx</posx>
                    <posy>0</posy>
                    <width>infolistw</width>
                    <height>345</height>
                    <texture border="5" colordiffuse="PosterBorder">common/border-inner.png</texture>
                </control>
                <control type="list" id="57">
                    <posx>infolistx</posx>
                    <posy>0</posy>
                    <width>infolistw</width>
                    <height>345</height>
                    <onleft>60</onleft>
                    <onright>9000</onright>
                    <onup>57</onup>
                    <ondown>57</ondown>
                    <movement>2</movement>
                    <focusposition>2</focusposition>
                    <include>DefOnBack</include>
                    <pagecontrol>60</pagecontrol>
                    <viewtype label="31225">list</viewtype>
                    <scrolltime tween="quadratic">400</scrolltime>

                    <itemlayout width="infolistw" height="69">
                        <control type="group">
                            <include>57ListContent</include>
                        </control>
        

                    </itemlayout>

                    <focusedlayout width="infolistw" height="69">
                        <control type="group">
                            <control type="group">
                                <visible>Control.HasFocus(57)</visible>
                                <control type="image">
                                    <height>69</height>
                                    <width>infolistw</width>
                                    <texture border="12" flipx="false">common/border-inner-highlight.png</texture>
                                </control>
                                <control type="group">
                                    <visible>Container.Content(movies) | Container.Content(episodes) | Container.Content(songs) | Container.Content(seasons) | Container.Content(tvshows)</visible>
                                    <control type="group">
                                        <posx>10</posx>
                                        <posy>8</posy>
                                        <include>WatchedImage</include>
                                    </control>
                                    <control type="label">
                                        <posx>64</posx>
                                        <width>900</width>
                                        <textcolor>Selected</textcolor>
                                        <font>Font-Button</font>
                                        <label>$VAR[VARLabel]</label>
                                    </control>
                                </control>
                                <control type="label">
                                    <posx>30</posx>
                                    <width>900</width>
                                    <font>Font-Button</font>
                                    <textcolor>Selected</textcolor>
                                    <label>$VAR[VARLabel]</label>
                                    <visible>!Container.Content(movies) + !Container.Content(episodes) + !Container.Content(songs) + !Container.Content(seasons) + !Container.Content(tvshows)</visible>
                                </control>
                                <control type="label">
                                    <posx>30r</posx>
                                    <width>900</width>
                                    <textcolor>Selected</textcolor>
                                    <font>Font-ListInfo-Small</font>
                                    <align>right</align>
                                    <label>$INFO[ListItem.Label2]</label>
                                </control>
                                
                            </control>
                            <control type="group">
                                <visible>!Control.HasFocus(57)</visible>
                                <include>57ListContent</include>
                            </control>
                        </control>
                    </focusedlayout>

                </control>
                <control type="scrollbar" id="60">
                    <posx>infolistx</posx>
                    <posy>0</posy>
                    <height>345</height>
                    <include>DefScrollBarMove</include>
                    <animation effect="fade" start="100" end="0" time="100" condition="!Control.HasFocus(60)">Conditional</animation>
                    <animation effect="fade" start="100" end="0" condition="[!IntegerGreaterThan(Container.NumPages,1) + !Control.HasFocus(60)] | ControlGroup(9000).HasFocus()">Conditional</animation>
                </control>    
            </control>
        </control>

	</include>

</includes>
