<?xml version="1.0" encoding="UTF-8"?>
<!-- Foundation -->
<includes>

    <include name="View_52_Wall_Content">
        <itemlayout width="wallposterwlist" height="wallposterhlist" condition="Container.Content(movies) | Container.Content(tvshows) | Container.Content(seasons) | Container.Content(sets)">
            <control type="group">
                <control type="image">
                    <height>wallposterhborder</height>
                    <width>wallposterwborder</width>
                    <texture colordiffuse="PosterBorder" border="5">common/border-inner.png</texture>
                </control>
 
            
                <control type="image">
                    <posx>globalpad</posx>
                    <posy>globalpad</posy>
                    <height>wallposterh</height>
                    <width>wallposterw</width>
                    <texture background="true">$VAR[PosterImage]</texture>
                    <aspectratio aligny="top">scale</aspectratio>
                </control>
                <control type="group">
                    <posx>70r</posx>
                    <posy>70r</posy>
                    <include>WatchedImage</include>
                    <animation effect="fade" start="100" end="50" condition="true">Conditional</animation>
                </control>
            </control>

        </itemlayout>
        <itemlayout width="wallposterwlist" height="bannerhlist" condition="![Container.Content(movies) | Container.Content(tvshows) | Container.Content(seasons) | Container.Content(sets) | Container.Content(episodes)]">
            <control type="group">
                <control type="image">
                    <height>bannerhborder</height>
                    <width>wallposterwborder</width>
                    <texture colordiffuse="PosterBorder" border="5">common/border-inner.png</texture>
                </control>
 
                <control type="image">
                    <posx>globalpad</posx>
                    <posy>globalpad</posy>
                    <height>bannerhepisode</height>
                    <width>wallposterw</width>
                    <texture background="true">$VAR[PosterImage]</texture>
                    <aspectratio aligny="center">scale</aspectratio>
                </control>
                
            </control>
        
        </itemlayout>
        <itemlayout width="threecollist" height="wallposterhlist" condition="Container.Content(episodes)">
            <control type="group">
                <control type="image">
                    <height>wallposterhborder</height>
                    <width>threecolborder</width>
                    <texture colordiffuse="PosterBorder" border="5">common/border-inner.png</texture>
                </control>
 
                <control type="image">
                    <posx>globalpad</posx>
                    <posy>globalpad</posy>
                    <height>wallposterh</height>
                    <width>threecol</width>
                    <texture background="true">$VAR[FanartImage]</texture>
                    <aspectratio aligny="center">scale</aspectratio>
                </control>
                <control type="group">
                    <posx>70r</posx>
                    <posy>70r</posy>
                    <include>WatchedImage</include>
                    <animation effect="fade" start="100" end="50" condition="true">Conditional</animation>
                </control>

            </control>

        </itemlayout>
        
        <focusedlayout width="wallposterwlist" height="wallposterhlist" condition="Container.Content(movies) | Container.Content(tvshows) | Container.Content(seasons) | Container.Content(sets)">
            <control type="group">
                <control type="image">
                    <height>wallposterhborder</height>
                    <width>wallposterwborder</width>
                    <texture colordiffuse="PosterHighlight" border="5">common/border-inner.png</texture>
                </control>
     
 
                <control type="image">
                    <posx>globalpad</posx>
                    <posy>globalpad</posy>
                    <height>wallposterh</height>
                    <width>wallposterw</width>
                    <texture background="true">$VAR[PosterImage]</texture>
                    <aspectratio aligny="top">scale</aspectratio>
                </control>
                <control type="group">
                    <posx>70r</posx>
                    <posy>70r</posy>
                    <include>WatchedImage</include>
                </control>
            </control>

        </focusedlayout>
        <focusedlayout width="wallposterwlist" height="bannerhlist" condition="![Container.Content(movies) | Container.Content(tvshows) | Container.Content(seasons) | Container.Content(sets) | Container.Content(episodes)]">
            <control type="group">
                <control type="image">
                    <height>bannerhborder</height>
                    <width>wallposterwborder</width>
                    <texture colordiffuse="PosterHighlight" border="5">common/border-inner.png</texture>
                </control>
 
                <control type="image">
                    <posx>globalpad</posx>
                    <posy>globalpad</posy>
                    <height>bannerhepisode</height>
                    <width>wallposterw</width>
                    <texture background="true">$VAR[PosterImage]</texture>
                    <aspectratio aligny="center">scale</aspectratio>
                </control>
            </control>            
        </focusedlayout>
        <focusedlayout width="threecollist" height="wallposterhlist" condition="Container.Content(episodes)">
            <control type="group">
                <control type="image">
                    <height>wallposterhborder</height>
                    <width>threecolborder</width>
                    <texture colordiffuse="PosterHighlight" border="5">common/border-inner.png</texture>
                </control>
 
                <control type="image">
                    <posx>globalpad</posx>
                    <posy>globalpad</posy>
                    <height>wallposterh</height>
                    <width>threecol</width>
                    <texture background="true">$VAR[FanartImage]</texture>
                    <aspectratio aligny="center">scale</aspectratio>
                </control>
                <control type="group">
                    <posx>70r</posx>
                    <posy>70r</posy>
                    <include>WatchedImage</include>
                </control>

            </control>

        </focusedlayout>
    </include>
    <include name="52ListHeight699"><height>699</height></include>
    <include name="52ListHeight700"><height>700</height></include>
    <include name="View_52_Wall_NoInfo">
        <control type="panel" id="52">
            <visible>!Container.Content(songs)</visible>
            <width>1458</width>
            <include condition="![Window.IsVisible(MyVideoNav.xml) | Window.IsVisible(MyVideoPlaylist)]">52ListHeight699</include>
            <include condition="[Window.IsVisible(MyVideoNav.xml) | Window.IsVisible(MyVideoPlaylist)]">52ListHeight700</include>
            <onleft>60</onleft>
            <onright condition="Container.Content(songs) + !Window.IsVisible(MyMusicNav.xml)">Back</onright>
            <onright condition="![Container.Content(songs) + !Window.IsVisible(MyMusicNav.xml)]">9000</onright>
            <onup>52</onup>
            <ondown>52</ondown>
            <include>DefOnBack</include>
            <pagecontrol>60</pagecontrol>
            <viewtype label="31153">list</viewtype>
            <scrolltime tween="quadratic">350</scrolltime>
            <orientation>vertical</orientation>
            <focusposition>1</focusposition>
            <include>View_52_Wall_Content</include>
        </control>
    </include>
    <include name="View_52_Wall_Info">
        <control type="panel" id="52">
            <visible>!Container.Content(songs)</visible>
            <width>972</width>
            <include condition="![Window.IsVisible(MyVideoNav.xml) | Window.IsVisible(MyVideoPlaylist)]">52ListHeight699</include>
            <include condition="[Window.IsVisible(MyVideoNav.xml) | Window.IsVisible(MyVideoPlaylist)]">52ListHeight700</include>
            <onleft>60</onleft>
            <onright condition="Container.Content(songs) + !Window.IsVisible(MyMusicNav.xml)">Back</onright>
            <onright condition="![Container.Content(songs) + !Window.IsVisible(MyMusicNav.xml)]">9000</onright>
            <onup>52</onup>
            <ondown>52</ondown>
            <include>DefOnBack</include>
            <pagecontrol>60</pagecontrol>
            <viewtype label="31153">list</viewtype>
            <scrolltime tween="quadratic">350</scrolltime>
            <orientation>vertical</orientation>
            <focusposition>1</focusposition>
            <include>View_52_Wall_Content</include>
        </control>
        <control type="group" description="FANART INFO">
            <posx>972</posx>
            <visible>Container.Content(episodes) | Container.Content(movies) | Container.Content(sets) | Container.Content(tvshows) | Container.Content(seasons)</visible>
            <control type="image">
                <height>globalh</height>
                <width>threecolborder</width>
                <texture colordiffuse="PosterBorder" border="5">common/border-inner.png</texture>
            </control>

            <control type="image">
                <posx>globalpad</posx>
                <posy>globalpad</posy>
                <width>threecol</width>
                <height>threecolfanart</height>
                <fadetime>350</fadetime>
                <texture background="true">$VAR[FanartImage]</texture>
                <aspectratio aligny="top">scale</aspectratio>
                <visible>!stringcompare(ListItem.Label,..)</visible>
            </control>
            
            <control type="label">
                <posx>20</posx>
                <posy>threecolfanart</posy>
                <height>100</height>
                <aligny>center</aligny>
                <width>threecolplot</width>
                <textcolor>Selected</textcolor>
                <align>left</align>
                <font>Font-ListHeader</font>
                <label>$INFO[ListItem.TvShowTitle]</label>
                <visible>Container.Content(episodes)</visible>
            </control>
            <control type="label">
                <posx>20</posx>
                <posy>threecolfanart</posy>
                <height>100</height>
                <width>threecolplot</width>
                <textcolor>Selected</textcolor>
                <align>left</align>
                <aligny>center</aligny>
                <font>Font-ListHeader</font>
                <label>$INFO[ListItem.Label]</label>
                <scroll>true</scroll>
                <visible>!Container.Content(episodes)</visible>
            </control>
            <control type="textbox">
                <posx>20</posx>
                <posy>340</posy>
                <height>270</height>
                <width>threecolplot</width>
                <textcolor>Selected</textcolor>
                <align>justify</align>
                <font>Font-ListInfo</font>
                <label>$VAR[PlotBox]</label>
            </control>
            <control type="label">
                <posx>20</posx>
                <posy>615</posy>
                <height>70</height>
                <width>threecolplot</width>
                <textcolor>Selected</textcolor>
                <align>center</align>
                <font>Font-ListInfo-Small</font>
                <label>$VAR[ExtraInfo]</label>
            </control>
            <control type="image">
                <posx>globalpad</posx>
                <posy>globalpad</posy>
                <width>threecol</width>
                <height>bigposterh</height>
                <fadetime>350</fadetime>
                <texture background="true">$VAR[FanartImage]</texture>
                <aspectratio aligny="top">scale</aspectratio>
                <visible>stringcompare(ListItem.Label,..)</visible>
            </control>
        </control>
        <control type="group" description="SQUARE">
            <posx>972</posx>
            <visible>![Container.Content(episodes) | Container.Content(movies) | Container.Content(sets) | Container.Content(tvshows) | Container.Content(seasons)]</visible>
            <control type="image">
                <height>globalh</height>
                <width>threecolborder</width>
                <texture colordiffuse="PosterBorder" border="5">common/border-inner.png</texture>
            </control>

            <control type="image">
                <posx>globalpad</posx>
                <posy>globalpad</posy>
                <width>threecol</width>
                <height>threecol</height>
                <fadetime>350</fadetime>
                <texture background="true">$VAR[FanartImage]</texture>
                <aspectratio aligny="center">scale</aspectratio>
                <visible>!stringcompare(ListItem.Label,..)</visible>
            </control>
            
            <control type="grouplist">
                <orientation>vertical</orientation>
                <posx>globalpad</posx>
                <posy>threecolborder</posy>
                <usecontrolcoords>true</usecontrolcoords>
                <control type="label">
                    <posx>globalpad</posx>
                    <height>78</height>
                    <width>threecolplot</width>
                    <textcolor>Selected</textcolor>
                    <align>center</align>
                    <aligny>center</aligny>
                    <label>$INFO[ListItem.Label]</label>
                    <scroll>true</scroll>
                    <wrapmultiline>true</wrapmultiline>
                </control>
                <control type="textbox">
                    <posx>globalpad</posx>
                    <height>120</height>
                    <width>threecolplot</width>
                    <textcolor>Selected</textcolor>
                    <align>center</align>
                    <font>Font-ListInfo</font>
                    <label>$VAR[PlotBox]$VAR[ExtraInfo,[CR],]</label>
                </control>
            </control>
            <control type="image">
                <posx>globalpad</posx>
                <posy>globalpad</posy>
                <width>threecol</width>
                <height>bigposterh</height>
                <fadetime>350</fadetime>
                <texture background="true">$VAR[FanartImage]</texture>
                <aspectratio aligny="top">scale</aspectratio>
                <visible>stringcompare(ListItem.Label,..)</visible>
            </control>
        </control>
    </include>
	<include name="View_52_Wall">
        <control type="group">
            <visible>Control.IsVisible(52)</visible>
            <include>Animation.ViewChange</include> 
            <include>DefSideLabel</include>  
        </control>
        <control type="group">
            <visible>Control.IsVisible(52)</visible>
            <posx>listx</posx>
            <posy>listy</posy>
            <include>Animation.ViewChange</include> 
            <include condition="!Skin.HasSetting(wallview.info) + [Window.IsVisible(MyVideoNav.xml) | Window.IsVisible(MyVideoPlaylist)]">View_52_Wall_NoInfo</include>
            <include condition="Skin.HasSetting(wallview.info) + [Window.IsVisible(MyVideoNav.xml) | Window.IsVisible(MyVideoPlaylist)]">View_52_Wall_Info</include>
            <include condition="!Skin.HasSetting(wallviewmusic.info) + ![Window.IsVisible(MyVideoNav.xml) | Window.IsVisible(MyVideoPlaylist)]">View_52_Wall_NoInfo</include>
            <include condition="Skin.HasSetting(wallviewmusic.info) + ![Window.IsVisible(MyVideoNav.xml) | Window.IsVisible(MyVideoPlaylist)]">View_52_Wall_Info</include>
            <control type="group">
                <width>globalw</width>
                <posy>-60</posy>
                
                <control type="label">
                    <left>0</left>
                    <width>900</width>
                    <align>left</align>
                    <font>Font-WidgetCategory</font>
                    <label>$INFO[ListItem.Label]</label>
                    <animation effect="fade" start="100" end="66" condition="true">Conditional</animation>
                    <visible>[!Skin.HasSetting(wallview.info) + [Window.IsVisible(MyVideoNav.xml) | Window.IsVisible(MyVideoPlaylist)]] | [!Skin.HasSetting(wallviewmusic.info) + ![Window.IsVisible(MyVideoNav.xml) | Window.IsVisible(MyVideoPlaylist)]] | Container.Content(episodes)</visible>
                </control>
                <control type="label">
                    <right>0</right>
                    <width>500</width>
                    <align>right</align>
                    <font>Font-WidgetCategory</font>
                    <label>$VAR[ExtraInfo]</label>
                    <animation effect="fade" start="100" end="33" condition="true">Conditional</animation>
                    <visible>[!Skin.HasSetting(wallview.info) + [Window.IsVisible(MyVideoNav.xml) | Window.IsVisible(MyVideoPlaylist)]] | [!Skin.HasSetting(wallviewmusic.info) + ![Window.IsVisible(MyVideoNav.xml) | Window.IsVisible(MyVideoPlaylist)]]</visible>
                </control>
            </control>
            <control type="scrollbar" id="60">
                <posx>-26</posx>
                <height>globalh</height>
                <include>DefScrollBarMove</include>
                <animation effect="fade" start="100" end="25" time="400" condition="!Control.HasFocus(60) + !Container.Scrolling">Conditional</animation>
                <animation effect="fade" start="100" end="0" condition="!IntegerGreaterThan(Container.NumPages,1) + !Control.HasFocus(60)">Conditional</animation>
                <visible>!ControlGroup(9000).HasFocus() + !Window.IsVisible(DialogContextMenu.xml)</visible>
            </control>
        </control>

	</include>

</includes>
