<?xml version="1.0" encoding="UTF-8"?>
<includes>
    <variable name="PVRTopLabelColor">
        <value condition="Control.HasFocus(9009)">Highlight</value>
        <value>PanelFG</value>
    </variable>
    <include name="PVRRecordingLayout">
        <itemlayout width="945" height="fivelinelist">
            <control type="image">
                <width>945</width>
                <height>fivelineborder</height>
                <texture colordiffuse="PosterBorder" border="5">common/border-inner.png</texture>
            </control>    
            <include>PVRrecordinglayout</include>
        </itemlayout>
        <focusedlayout width="945" height="fivelinelist">
            <control type="button">
                <visible allowhiddenfocus="true">false</visible>
                <onfocus>ClearProperty(focushub,home)</onfocus>
            </control>
            <control type="group"> 
                
                
                <visible>ControlGroup(50).HasFocus()</visible>                
                <control type="image">
                    <width>945</width>
                    <height>fivelineborder</height>
                    <texture border="12" colordiffuse="PosterHighlight">common/border-inner.png</texture>
                    
                </control>
                <include>PVRrecordinglayoutfocus</include>
            </control>
            <control type="group">
                <visible>!ControlGroup(50).HasFocus()</visible>
                <control type="image">
                    <width>945</width>
                    <height>fivelineborder</height>
                    <texture colordiffuse="PosterBorder" border="5">common/border-inner.png</texture>
                </control>   
                <include>PVRrecordinglayout</include>
            </control>
        </focusedlayout>
    </include>
    <include name="PVRInfoPanel">
        <control type="group">
            <posx>974</posx>
            <posy>listy</posy>
            <control type="image">
                <width>492</width>
                <height>globalh</height>
                <texture colordiffuse="PosterBorder" border="5">common/border-inner.png</texture>
            </control>
            <control type="group">
                <posx>globalpad</posx>
                <posy>globalpad</posy>
                <control type="image">
                    <width>472</width>
                    <height>265</height>
                    <texture fallback="special://skin/extras/pvrhub/background.jpg">$INFO[ListItem.Thumb]</texture>
                    <aspectratio align="center" aligny="top">keep</aspectratio>
                </control>
            </control>
            <control type="group">
                <posx>20</posx>
                <posy>271</posy>
                <control type="label">
                    <posy>10</posy>
                    <width>452</width>
                    <align>left</align>
                    <textcolor>PanelFG</textcolor>
                    <font>Font-PVRTitle</font>
                    <label>$INFO[ListItem.Title]</label>
                </control>
                <control type="label">
                    <posy>45</posy>
                    <posx>452</posx>
                    <width>452</width>
                    <align>right</align>
                    <textcolor>PanelFG</textcolor>
                    <font>Font-ListInfo-Small</font>
                    <label>$INFO[ListItem.StartTime]$INFO[ListItem.EndTime, • ,]</label>
                </control>
                <control type="label">
                    <posy>45</posy>
                    <width>275</width>
                    <align>left</align>
                    <textcolor>PanelFG</textcolor>
                    <font>Font-ListInfo-Small</font>
                    <label>$INFO[ListItem.ChannelName]</label>
                </control>
                <control type="textbox">
                    <posy>112</posy>
                    <width>452</width>
                    <height>230</height>
                    <align>justify</align>
                    <aligny>top</aligny>
                    <textcolor>PanelFG</textcolor>
                    <font>Font-ListInfo</font>
                    <label>$INFO[ListItem.Plot]</label>
                </control>
                <control type="label">
                    <posy>348</posy>
                    <width>452</width>
                    <align>left</align>
                    <textcolor>PanelFG</textcolor>
                    <font>Font-ListInfo-Small</font>
                    <label>$INFO[ListItem.NextTitle,[B]$LOCALIZE[209]...[/B] ,]</label>
                </control>
            </control>
        </control>
    </include>

    <include name="PVRrecordinglayout">
        <control type="image">
            <posx>22</posx>
            <posy>22</posy>  
            <width>85</width>
            <height>85</height>
            <texture>$VAR[PVRIcon]</texture>
            <aspectratio>keep</aspectratio>
        </control>
        <control type="label">
            <posx>140</posx>
            <posy>15</posy>
            <width>650</width>
            <align>left</align>
            <textcolor>PanelFG</textcolor>
            <font>Font-PVRTitle</font>
            <label>$INFO[ListItem.Label]</label>
        </control>
        <control type="label">
            <posx>140</posx>
            <posy>50</posy>
            <width>720</width>
            <align>left</align>
            <font>Font-ListInfo-Small</font>
            <textcolor>PanelFG</textcolor>
            <label>$VAR[WatchedLabel,,  ]$INFO[ListItem.StartDate]$INFO[ListItem.StartTime,$COMMA  ,]$INFO[ListItem.ChannelName,  $LOCALIZE[31173]  ,]</label>
        </control>
    </include>
    <include name="PVRrecordinglayoutfocus">
        <include>PVRrecordinglayout</include>
    </include>
    <include name="PVRlistlayout">
        <control type="image">
            <posx>22</posx>
            <posy>22</posy>  
            <width>85</width>
            <height>85</height>
            <texture>$VAR[PVRIcon]</texture>
            <aspectratio>keep</aspectratio>
        </control>
        <control type="label">
            <posx>207</posx>
            <posy>15</posy>
            <width>70</width>
            <align>right</align>
            <textcolor>PanelFG</textcolor>
            <font>Font-PVRTitle</font>
            <label>$INFO[ListItem.ChannelNumber]</label>
        </control>
        <control type="progress">
            <posx>140</posx>
            <posy>75</posy>
            <width>67</width>
            <height>19</height>
            <reveal>true</reveal>
            <texturebg>windows/pvr/progress-back.png</texturebg>
            <lefttexture>windows/pvr/progress-leftright.png</lefttexture>
            <midtexture>windows/pvr/progress-mid.png</midtexture>
            <righttexture>windows/pvr/progress-leftright.png</righttexture>
            <info>ListItem.Progress</info>
            <colordiffuse>PanelFG</colordiffuse>
        </control>
        <control type="label">
            <posx>230</posx>
            <posy>15</posy>
            <width>650</width>
            <align>left</align>
            <textcolor>PanelFG</textcolor>
            <font>Font-PVRTitle</font>
            <label>$INFO[ListItem.ChannelName]</label>
        </control>
        <control type="label">
            <posx>230</posx>
            <posy>50</posy>
            <width>650</width>
            <align>left</align>
            <font>Font-ListInfo</font>
            <textcolor>PanelFG</textcolor>
            <label>$INFO[ListItem.Title]</label>
        </control>
    </include>
    <include name="PVRlistlayoutfocus">
        <include>PVRlistlayout</include>
    </include>
    <include name="PVRitemlayout">
        <itemlayout width="945" height="fivelinelist">
            <control type="image">
                <width>945</width>
                <height>fivelineborder</height>
                <texture colordiffuse="PosterBorder" border="5">common/border-inner.png</texture>
            </control>        
            <include>PVRlistlayout</include>
        </itemlayout>
    </include>
    <include name="PVRfocusedlayout">
        <focusedlayout width="945" height="fivelinelist">
            <control type="button">
                <visible allowhiddenfocus="true">false</visible>
                <onfocus>ClearProperty(focushub,home)</onfocus>
            </control>
            <control type="group">
                <visible>ControlGroup(50).HasFocus()</visible>
                <control type="image">
                    <width>945</width>
                    <height>fivelineborder</height>
                    <texture border="12" colordiffuse="PosterHighlight">common/border-inner.png</texture>
                    
                </control>
                <include>PVRlistlayoutfocus</include>
            </control>
            <control type="group">
                <visible>!ControlGroup(50).HasFocus()</visible>
                <control type="image">
                    <width>945</width>
                    <height>fivelineborder</height>
                    <texture colordiffuse="PosterBorder" border="5">common/border-inner.png</texture>
                </control>
                <include>PVRlistlayout</include>
            </control>
            
        </focusedlayout>
    </include>
    

    <include name="LiveTVChannelView">
        <control type="group" description="TV Channels group">
            <visible>Control.IsVisible(11)</visible>  
            
            <control type="list" id="11" description="CHANNELS">     
                <posx>listx</posx>
                <posy>listy</posy>
                <width>945</width>
                <height>700</height>
                <onleft>60</onleft>
                <onback>SetProperty(focushub,1,home)</onback>
                <onback>9500</onback>
                <onright>9009</onright>
                <onup>11</onup>
                <ondown>11</ondown>
                <pagecontrol>60</pagecontrol>
                <viewtype label="Wide">list</viewtype>
                <scrolltime>200</scrolltime>
                <orientation>vertical</orientation>
                <include>PVRitemlayout</include>                    
                <include>PVRfocusedlayout</include>
            </control>
            <include>PVRInfoPanel</include>
        </control>
    </include>
  
    <include name="LiveRadioChannelView">
        <control type="group" description="Radio group">
            <visible>Control.IsVisible(12)</visible>
            
            <control type="list" id="12" description="RADIO">     
                <posx>listx</posx>
                <posy>listy</posy>
                <width>945</width>
                <height>700</height>
                <onleft>60</onleft>
                <onright>12</onright>
                <onback>SetProperty(focushub,1,home)</onback>
                <onback>9500</onback>
                <onup>12</onup>
                <ondown>12</ondown>
                <pagecontrol>60</pagecontrol>
                <viewtype label="Wide">list</viewtype>
                <scrolltime>200</scrolltime>
                <orientation>vertical</orientation>
                <include>PVRitemlayout</include>                    
                <include>PVRfocusedlayout</include>
            </control>
            <include>PVRInfoPanel</include>
        </control>
    </include>
    
    <include name="LiveTVRecordingsView">
        <control type="group" description="Radio group">
            <visible>Control.IsVisible(13)</visible>
            
            <control type="list" id="13" description="RADIO">     
                <posx>listx</posx>
                <posy>listy</posy>
                <width>945</width>
                <height>700</height>
                <onleft>60</onleft>
                <onright>13</onright>
                <onback>SetProperty(focushub,1,home)</onback>
                <onback>9500</onback>
                <onup>13</onup>
                <ondown>13</ondown>
                <pagecontrol>60</pagecontrol>
                <viewtype label="Wide">list</viewtype>
                <scrolltime>200</scrolltime>
                <orientation>vertical</orientation>
                <include>PVRRecordingLayout</include>
                
            </control>
            <include>PVRInfoPanel</include>
        </control>
    </include>
    <include name="EPGTimelineView">
        <control type="group">
            <visible>Control.IsVisible(10)</visible>
            <control type="epggrid" id="10">
                <posx>-198</posx>
                <posy>70</posy>
                <width>1884</width>
                <height>637</height>
                <pagecontrol>10</pagecontrol>
                <progresstexture border="5" colordiffuse="bf777777">windows/pvr/progressline.png</progresstexture>
                <scrolltime tween="quadratic">300</scrolltime>
                <timeblocks>35</timeblocks>
                <rulerunit>6</rulerunit>
                <onback>SetProperty(focushub,1,home)</onback>
                <onback>9500</onback>
                <onleft>SetProperty(focushub,1,home)</onleft>
                <onleft>9500</onleft>
                <onright>31</onright>
                <onup>10</onup>
                <ondown>10</ondown>
                <rulerlayout height="fivelinelist" width="250">
                    <control type="label" id="2">
                        <posx>10</posx>
                        <posy>92</posy>
                        <width>200</width>
                        <align>left</align>
                        <aligny>top</aligny>
                        <font>Font-WidgetCategory</font>
                        <label>$INFO[ListItem.Label]</label>
                        <animation effect="fade" start="100" end="25" condition="true">Conditional</animation>
                    </control>
                </rulerlayout>
                <channellayout height="71" width="554">
                    <control type="image">
                        <width>554</width>
                        <height>67</height>
                        <texture border="12">common/border-inner.png</texture>
                        <colordiffuse>PosterBorder-NF</colordiffuse>
                    </control>   

                    <control type="image">
                        <right>22</right>
                        <posy>8</posy>
                        <width>72</width>
                        <height>51</height>
                        <texture>$VAR[PVRIcon]</texture>
                        <aspectratio>keep</aspectratio>
                    </control>
                    <control type="label">
                        <posx>90</posx>
                        <width>340</width>
                        <height>67</height>
                        <label>$INFO[ListItem.ChannelName]</label>
                    </control>
                    <control type="label">
                        <posx>45</posx>
                        <width>90</width>
                        <align>center</align>
                        <height>67</height>
                        <label>$INFO[ListItem.ChannelNumber]</label>
                    </control>
                </channellayout>
                <focusedchannellayout height="71" width="554">
                    
                    <control type="image">
                        <width>554</width>
                        <height>67</height>
                        <texture border="12">common/border-inner-highlight.png</texture>
                    </control>   
                    <control type="image">
                        <right>22</right>
                        <posy>8</posy>
                        <width>72</width>
                        <height>51</height>
                        <texture>$VAR[PVRIcon]</texture>
                        <aspectratio>keep</aspectratio>
                    </control>
                    <control type="label">
                        <posx>90</posx>
                        <width>340</width>
                        <height>67</height>
                        <label>$INFO[ListItem.ChannelName]</label>
                    </control>
                    <control type="label">
                        <posx>45</posx>
                        <width>90</width>
                        <align>center</align>
                        <height>67</height>
                        <label>$INFO[ListItem.ChannelNumber]</label>
                    </control>
                </focusedchannellayout>    
                <itemlayout height="71" width="250">
                    
                    <control type="image" id="2">
                        <width>246</width>
                        <height>67</height>
                        <texture border="5">common/border-inner.png</texture>
                        <colordiffuse>PosterBorder</colordiffuse>
                    </control> 
                    <control type="image" id="2">
                        <width>246</width>
                        <height>67</height>
                        <texture>pvrgenre/$INFO[ListItem.Property(GenreType)].png</texture>
                        <aspectratio>scale</aspectratio>
                        <colordiffuse>3fffffff</colordiffuse>
                    </control> 
                    <control type="image">
                        <posy>6</posy>
                        <width>52</width>
                        <height>52</height>
                        <texture>special://skin/extras/icons/timer.png</texture>
                        <colordiffuse>PanelFG</colordiffuse>
                        <visible>ListItem.HasTimer | ListItem.IsRecording</visible>
                    </control>   
                    <control type="label" id="1">
                        <posx>0</posx>
                        <height>66</height>
                        <width>325</width>
                        <textoffsetx>80</textoffsetx>
                        <font>Font-ListInfo</font>
                        <label>$INFO[ListItem.Label]</label>
                        <visible>ListItem.HasTimer | ListItem.IsRecording</visible>
                    </control>
                    <control type="label" id="1">
                        <posx>15</posx>
                        <width>216</width>
                        <height>66</height>
                        <textoffsetx>0</textoffsetx>
                        <font>Font-ListInfo</font>
                        <label>$INFO[ListItem.Label]</label>
                        <visible>!ListItem.HasTimer + !ListItem.IsRecording</visible>
                    </control>
                </itemlayout>
                <focusedlayout height="71" width="250">
                    <control type="button">
                        <visible allowhiddenfocus="true">false</visible>
                        <onfocus>ClearProperty(focushub,home)</onfocus>
                    </control>
                    <control type="image" id="2">
                        <width>246</width>
                        <height>67</height>
                        <texture border="5">common/border-inner.png</texture>
                        <colordiffuse>Highlight</colordiffuse>
                    </control>

                    <control type="image">
                        <posy>6</posy>
                        <width>52</width>
                        <height>52</height>
                        <texture>special://skin/extras/icons/timer.png</texture>
                        <colordiffuse>Selected</colordiffuse>
                        <visible>ListItem.HasTimer | ListItem.IsRecording</visible>
                    </control>   
                    <control type="label" id="1">
                        <posx>0</posx>
                        <height>66</height>
                        <width>325</width>
                        <textoffsetx>80</textoffsetx>
                        <font>Font-ListInfo</font>
                        <textcolor>Selected</textcolor>
                        <label>$INFO[ListItem.Label]</label>
                        <visible>ListItem.HasTimer | ListItem.IsRecording</visible>
                    </control>
                    <control type="label" id="1">
                        <posx>15</posx>
                        <width>216</width>
                        <height>66</height>
                        <textcolor>Selected</textcolor>
                        <textoffsetx>0</textoffsetx>
                        <font>Font-ListInfo</font>
                        <label>$INFO[ListItem.Label]</label>
                        <visible>!ListItem.HasTimer + !ListItem.IsRecording</visible>
                    </control>
                </focusedlayout>
            </control>
            <control type="image">
                <posx>-198</posx>
                <posy>listy</posy>
                <height>690</height>
                <width>1884</width>
                <texture colordiffuse="PosterBorder" border="5">common/border-inner.png</texture>
            </control>


            <control type="group">
                <posx>-198</posx>
                <posy>711</posy>

                       
                <control type="image">
                    <right>30</right>
                    <posy>17</posy>
                    <height>152</height>
                    <width>306</width>
                    <texture>$VAR[PVRIcon]</texture>
                    <aspectratio align="center" aligny="center">keep</aspectratio>
                </control>


                <control type="group">
                    <posx>30</posx>
                    <posy>2</posy>
                    <control type="label">
                        <width>1196</width>
                        <align>left</align>
                        <textcolor>PanelFG</textcolor>
                        <font>Font-PVRTitle</font>
                        <label>$INFO[ListItem.Title]</label>
                    </control>
                    <control type="label">
                        <posy>38</posy>
                        <width>1196</width>
                        <align>left</align>
                        <textcolor>PanelFG</textcolor>
                        <font>Font-ListInfo-Small</font>
                        <label>$INFO[ListItem.ChannelName]   $INFO[ListItem.StartTime]$INFO[ListItem.EndTime, • ,]</label>
                    </control>
                    <control type="textbox">
                        <posy>90</posy>
                        <width>1510</width>
                        <height>80</height>
                        <align>justify</align>
                        <aligny>top</aligny>
                        <textcolor>PanelFG</textcolor>
                        <font>Font-ListInfo</font>
                        <label>$INFO[ListItem.Plot]</label>
                    </control>
                </control>
            </control>
        </control>
    </include>

    <include name="LiveTVTimersView">
        <control type="group" description="TV Channels group">
            <visible>Control.IsVisible(14)</visible>
            
            
            <control type="list" id="14" description="TIMERS">     
                <posx>listx</posx>
                <posy>listy</posy>
                <width>945</width>
                <height>700</height>
                <onleft>60</onleft>
                <onright>14</onright>
                <onback>SetProperty(focushub,1,home)</onback>
                <onback>9500</onback>
                <onup>14</onup>
                <ondown>14</ondown>
                <pagecontrol>60</pagecontrol>
                <viewtype label="Wide">list</viewtype>
                <scrolltime>200</scrolltime>
                <orientation>vertical</orientation>
                <include>PVRRecordingLayout</include>
            </control>
            <include>PVRInfoPanel</include>
        </control>
    </include>
    <include name="LiveTVSearchView">
        <control type="group" description="TV Channels group">
            <visible>Control.IsVisible(17)</visible>
            
            <control type="list" id="17">
                <posx>listx</posx>
                <posy>listy</posy>
                <width>945</width>
                <height>700</height>
                <onleft>60</onleft>
                <onright>17</onright>
                <onback>SetProperty(focushub,1,home)</onback>
                <onback>9500</onback>
                <onup>17</onup>
                <ondown>17</ondown>
                <pagecontrol>60</pagecontrol>
                <viewtype label="Wide">list</viewtype>
                <scrolltime>200</scrolltime>
                <orientation>vertical</orientation>
                <include>PVRRecordingLayout</include>
            </control>
            <include>PVRInfoPanel</include>
        </control>
    </include>
    <include name="LiveTVGuideChannelView">
        <control type="group" description="TV Channels group">
            <visible>Control.IsVisible(15)</visible>
            
            <control type="list" id="15">
                <posx>listx</posx>
                <posy>listy</posy>
                <width>945</width>
                <height>700</height>
                <onleft>60</onleft>
                <onright>15</onright>
                <onback>SetProperty(focushub,1,home)</onback>
                <onback>9500</onback>
                <onup>15</onup>
                <ondown>15</ondown>
                <pagecontrol>60</pagecontrol>
                <viewtype label="Wide">list</viewtype>
                <scrolltime>200</scrolltime>
                <orientation>vertical</orientation>
                <include>PVRitemlayout</include>                    
                <include>PVRfocusedlayout</include>
            </control>
            <include>PVRInfoPanel</include>
            
        </control>
    </include>
  <!-- EPG NOW NEXT -->
    <include name="LiveTVGuideNowNextView">
        <control type="group" description="TV Channels group">
            <visible>Control.IsVisible(16)</visible>
            
            <control type="list" id="16">
                <posx>listx</posx>
                <posy>listy</posy>
                <width>945</width>
                <height>700</height>
                <onleft>60</onleft>
                <onright>16</onright>
                <onback>SetProperty(focushub,1,home)</onback>
                <onback>9500</onback>
                <onup>16</onup>
                <ondown>16</ondown>
                <pagecontrol>60</pagecontrol>
                <viewtype label="Wide">list</viewtype>
                <scrolltime>200</scrolltime>
                <orientation>vertical</orientation>
                <include>PVRitemlayout</include>                    
                <include>PVRfocusedlayout</include>
            </control>
            <include>PVRInfoPanel</include>
        </control>
    </include>
</includes>
