<?xml version="1.0" encoding="UTF-8"?>
<!-- Foundation -->
<includes>

    <include name="View_56_BigList">
    
        <control type="group">
            <visible>Control.IsVisible(56)</visible>
            <include>Animation.ViewChange</include>     
            <include>DefSideLabel</include>       
            <control type="panel" id="56">
                <posx>listx</posx>
                <posy>listy</posy>
                <width>globalw</width>
                <height>700</height>
                <onleft>60</onleft>
                <onright>9000</onright>
                <onup>56</onup>
                <ondown>56</ondown>
                <include>DefOnBack</include>
                <pagecontrol>60</pagecontrol>
                <viewtype label="537">list</viewtype>
                <scrolltime tween="quadratic">400</scrolltime>
                <orientation>vertical</orientation>

                <itemlayout width="globalw" height="fivelinelist">

                    <control type="image">
                        <width>globalw</width>
                        <height>fivelineborder</height>
                        <texture colordiffuse="PosterBorder" border="5">common/border-inner.png</texture>
                    </control>
                    <control type="image">
                        <posx>globalpad</posx>
                        <posy>globalpad</posy>  
                        <width>fiveline</width>
                        <height>fiveline</height>
                        <texture>$VAR[SquareImage]</texture>
                        <aspectratio>scale</aspectratio>
                        <bordertexture border="1" colordiffuse="BorderColor">common/border.png</bordertexture>
                        <bordersize>1</bordersize>
                        <visible>!Container.Content(movies) + !Container.Content(seasons) + !Container.Content(sets) + !Container.Content(tvshows)</visible>
                    </control>
                    <control type="image">
                        <posx>globalpad</posx>
                        <posy>globalpad</posy>  
                        <width>73</width>
                        <height>fiveline</height>
                        <texture>$VAR[PosterImage]</texture>
                        <aspectratio>scale</aspectratio>
                        <bordertexture border="1" colordiffuse="BorderColor">common/border.png</bordertexture>
                        <bordersize>1</bordersize>
                        <visible>Container.Content(movies) | Container.Content(seasons) | Container.Content(sets) | Container.Content(tvshows)</visible>
                    </control>
                    
                    <control type="group">
                        <animation effect="slide" start="0" end="-36" condition="Container.Content(movies) | Container.Content(seasons) | Container.Content(sets) | Container.Content(tvshows)">Conditional</animation>
                        
                        <control type="label">
                            <posx>143</posx>
                            <posy>15</posy>
                            <width>1200</width>
                            <align>left</align>
                            <aligny>center</aligny>
                            <textcolor>PanelFG</textcolor>
                            <label>$VAR[VARLabel]</label>
                        </control>
                        <control type="label">
                            <posx>143</posx>
                            <posy>48</posy>
                            <width>1200</width>
                            <align>left</align>
                            <aligny>center</aligny>
                            <textcolor>PanelFG</textcolor>
                            <font>Font-ListInfo-Small</font>
                            <label>$VAR[VARLabel3]</label>
                        </control>
                    </control>  
                    <control type="group">
                        <posx>70r</posx>
                        <posy>39</posy>
                        <include>WatchedImage</include>
                    </control>
                    <control type="label">
                        <posx>90r</posx>
                        <height>130</height>
                        <width>1200</width>
                        <align>right</align>
                        <aligny>center</aligny>
                        <textcolor>PanelFG</textcolor>
                        <font>Font-ListInfo-Small</font>
                        <label>$INFO[ListItem.Label2]</label>
                        <animation effect="slide" start="0" end="60" condition="!Window.IsVisible(MyVideoNav.xml) + !Container.Content(songs)">Conditional</animation>
                    </control>


                </itemlayout>

                <focusedlayout width="globalw" height="fivelinelist">

                    <control type="image">
                        <width>globalw</width>
                        <height>fivelineborder</height>
                        <texture colordiffuse="PosterHighlight" border="5">common/border-inner.png</texture>
                    </control>
                    <control type="image">
                        <posx>globalpad</posx>
                        <posy>globalpad</posy>  
                        <width>fiveline</width>
                        <height>fiveline</height>
                        <texture>$VAR[SquareImage]</texture>
                        <aspectratio>scale</aspectratio>
                        <bordertexture border="1" colordiffuse="BorderColor">common/border.png</bordertexture>
                        <bordersize>1</bordersize>
                        <visible>!Container.Content(movies) + !Container.Content(seasons) + !Container.Content(sets) + !Container.Content(tvshows)</visible>
                    </control>
                    <control type="image">
                        <posx>globalpad</posx>
                        <posy>globalpad</posy>  
                        <width>73</width>
                        <height>fiveline</height>
                        <texture>$VAR[PosterImage]</texture>
                        <aspectratio>scale</aspectratio>
                        <bordertexture border="1" colordiffuse="BorderColor">common/border.png</bordertexture>
                        <bordersize>1</bordersize>
                        <visible>Container.Content(movies) | Container.Content(seasons) | Container.Content(sets) | Container.Content(tvshows)</visible>
                    </control>
                    <control type="group">
                      <animation effect="slide" start="0" end="-36" condition="Container.Content(movies) | Container.Content(seasons) | Container.Content(tvshows) | Container.Content(sets)">Conditional</animation>
                        <control type="label">
                            <posx>144</posx>
                            <posy>15</posy>
                            <width>1200</width>
                            <align>left</align>
                            <aligny>center</aligny>
                            <textcolor>Selected</textcolor>
                            <label>$VAR[VARLabel]</label>
                        </control>
                        <control type="label">
                            <posx>144</posx>
                            <posy>48</posy>
                            <width>1200</width>
                            <align>left</align>
                            <aligny>center</aligny>
                            <textcolor>Selected</textcolor>
                            <font>Font-ListInfo-Small</font>
                            <label>$VAR[VARLabel3]</label>
                        </control>
                    </control>
                    <control type="group">
                        <posx>70r</posx>
                        <posy>39</posy>
                        <include>WatchedImage</include>
                    </control>
                    <control type="label">
                        <posx>90r</posx>
                        <height>130</height>
                        <width>1200</width>
                        <align>right</align>
                        <aligny>center</aligny>
                        <textcolor>Selected</textcolor>
                        <font>Font-ListInfo-Small</font>
                        <label>$INFO[ListItem.Label2]</label>
                        <animation effect="slide" start="0" end="60" condition="!Window.IsVisible(MyVideoNav.xml) + !Container.Content(songs)">Conditional</animation>
                    </control>

                </focusedlayout>

            </control>
            <control type="scrollbar" id="60">
                <posx>-8</posx>
                <posy>listy</posy>
                <height>globalh</height>
                <include>DefScrollBarMove</include>
                <animation effect="fade" start="100" end="25" time="400" condition="!Control.HasFocus(60) + !Container.Scrolling">Conditional</animation>
                <animation effect="fade" start="100" end="0" condition="!IntegerGreaterThan(Container.NumPages,1) + !Control.HasFocus(60)">Conditional</animation>
            </control>
        </control>

    </include>

</includes>
