<?xml version="1.0" encoding="UTF-8"?>
<colors>
    
    <!-- System Colors -->
	<color name="Black">FF000000</color>
	<color name="Pink">FFe533b5</color>
	<color name="Green">FF85b503</color>
	
	<!-- Home Tile Colors -->
    <color name="HomeCustom1">bF33b5e5</color>
    <color name="HomeCustom2">bFb5e533</color>
    <color name="HomeCustom3">bfe533b5</color>	
    <color name="HomeCustom4">bfe5b533</color>	
    <color name="HomeCustom5">bfb533e5</color>
	<color name="HomeCustom6">bf33e5b5</color>
	<color name="HomeCustom7">ff666666</color>
	<color name="HomeCustom8">ff777777</color>
	
	
		
	<!-- Home Header And Panels -->
	<color name="MainLabel">FFededed</color>
	<color name="SubLabel">BFededed</color>
	<color name="OSD-NF">6fededed</color>
	<color name="TopBar">ff333333</color>
	<color name="TopBarDark">ff181818</color>
	<color name="TopBarCorner">ff333333</color>
	<color name="TopBarDarkIcon">ffededed</color>
	<color name="TopBarIcon">ffededed</color>
	<color name="TopBarDisabled">2fededed</color>
	
	<!-- Highlight Colors -->
    <color name="PosterHighlight">bfbfbfbf</color>
	<color name="Highlight-NF">AF33b5e5</color>
	<color name="Highlight">FF33b5e5</color>
	
	<!-- Keyboard -->
	<color name="Keyboard">FFe533b5</color>
	<color name="Keyboard-BG">ff474747</color>
	<color name="Keyboard-Keys">9f000000</color>
	
	<!-- Main Colors -->
	<color name="Background">ff1f1f1f</color>
	<color name="Silhouette">3f000000</color>
	<color name="Selected">fff0f0f0</color>
    <color name="PosterBanner">9e888888</color>
	<color name="PosterBorder">3e888888</color>
	<color name="PosterBorder-NF">1e888888</color>
	<color name="BorderColor">7f181818</color>
	<color name="PanelBG">ff181818</color>
	<color name="RadioFO">ffffffff</color>
	<color name="PanelFG">ffdddddd</color>
	<color name="PanelFG-NF">9fdddddd</color>
	<color name="Disabled">3fededed</color>
</colors>
