<?xml version="1.0" encoding="UTF-8"?>
<colors>	
	<!-- Main Colors -->
	<color name="Background">ffDEDEDE</color>
	<color name="Silhouette">1a000000</color>
	<color name="Selected">ff404040</color>
	<color name="PanelBG">FFededed</color>
	<color name="DimFanart">E9dddddd</color>
	<color name="RadioFO">ff1f1f1f</color>
	<color name="PanelFG">ff474747</color>
	<color name="PanelFG-NF">bf474747</color>
	<color name="Disabled">3f474747</color>
	<color name="OSD-NF">bf181818</color>
	
	<color name="PosterHighlight">FFFFFFFF</color>
	<color name="PosterBorder">be888888</color>
	<color name="PosterBorder-NF">3e888888</color>
</colors>
