﻿<?xml version="1.0" encoding="utf-8"?>
<!--suppress ALL -->
<addon id="plugin.video.salts" version="1.0.0" name="Stream All The Sources" provider-name="tknorris">
  <requires>
    <import addon="xbmc.python" version="2.1.0" />
    <import addon="script.module.urlresolver" version="2.2.0" />
    <import addon="script.module.addon.common" version="2.0.0" />
    <import addon="script.module.myconnpy" version="1.1.6" />
  </requires>
  <extension point="xbmc.python.pluginsource" library="default.py">
    <provides>video</provides>
  </extension>
  <extension point="xbmc.service" library="service.py" start="startup" />
  <extension point="xbmc.addon.metadata">
    <summary>Stream video from many difference sources</summary>
    <description>This addon uses trakt.tv for most show and movie meta data and uses a variety of websites for hoster sources</description>
    <platform>all</platform>
    <website>http://tvaddons.ag/</website>
    <forum>http://forums.tvaddons.ag/forums/180-TKNORRIS-RELEASE-REPOSITORY</forum>
  </extension>
</addon>